model,target,step,train_loss,validation_loss,validation_score,validation_nmae,validation_ficr,training_objective_loss,activity_train_loss,activity_validation_loss,boundary_consistency_train_loss,boundary_consistency_validation_loss
realmlp,all,1,1.0191415029543418,0.7364646792411804,0.42058229446411133,0.29496511816978455,0.13612975180149078,1.1498002189177055,0.871057986109345,0.5227458477020264,0.0,
realmlp,kpx_group_1,1,1.0347733011952154,0.7453961968421936,0.40083909034729004,0.3160106837749481,0.11768888682126999,,,,,
realmlp,kpx_group_2,1,1.0141115817758772,0.7022846341133118,0.4663256108760834,0.25374138355255127,0.1863926202058792,,,,,
realmlp,kpx_group_3,1,1.008539652382886,0.7617131471633911,0.39458221197128296,0.31514328718185425,0.10430770367383957,,,,,
realmlp,all,2,0.9815723035070631,0.655859112739563,0.5048256516456604,0.22979725897312164,0.23944862186908722,1.0708798125938133,0.5953834906772331,0.3751860558986664,0.0,
realmlp,kpx_group_1,2,0.9767091152844606,0.6759809851646423,0.5317035913467407,0.20095250010490417,0.2643597424030304,,,,,
realmlp,kpx_group_2,2,0.9600589418852771,0.5977137684822083,0.5292969346046448,0.22362834215164185,0.282222181558609,,,,,
realmlp,kpx_group_3,2,1.0079488489362929,0.6938825845718384,0.45347654819488525,0.2648109495639801,0.17176398634910583,,,,,
realmlp,all,3,0.9802230762110816,0.7887908816337585,0.4305373430252075,0.30930060148239136,0.1703752726316452,1.0535788977587666,0.4890387378357075,0.3261559307575226,0.0,
realmlp,kpx_group_1,3,0.9674972317836903,0.6651091575622559,0.49414777755737305,0.23536431789398193,0.22365984320640564,,,,,
realmlp,kpx_group_2,3,0.9458854143266324,0.7002360820770264,0.45226389169692993,0.2433231770992279,0.14785100519657135,,,,,
realmlp,kpx_group_3,3,1.0272865979759782,1.0010274648666382,0.3452003300189972,0.4492143392562866,0.139614999294281,,,,,
realmlp,all,4,0.9582795169618394,0.6536235213279724,0.48182597756385803,0.2609606385231018,0.22461269795894623,1.0257258647018008,0.4496423144031454,0.31203293800354004,0.0,
realmlp,kpx_group_1,4,0.9446045524544187,0.7096123099327087,0.44825512170791626,0.2438417375087738,0.1403520256280899,,,,,
realmlp,kpx_group_2,4,0.9248814638014193,0.5648328065872192,0.5678184032440186,0.1954050064086914,0.3310418725013733,,,,,
realmlp,kpx_group_3,4,1.005352541252419,0.6864253878593445,0.42940449714660645,0.3436351716518402,0.2024441808462143,,,,,
realmlp,all,5,0.9329132272137536,0.6825676560401917,0.46955642104148865,0.24559368193149567,0.18470646440982819,0.9981533840850547,0.43493438815629043,0.30543652176856995,0.0,
realmlp,kpx_group_1,5,0.9274129856515814,0.7646764516830444,0.3912838399410248,0.2956721782684326,0.07823984324932098,,,,,
realmlp,kpx_group_2,5,0.8961396802354742,0.6397877931594849,0.5237002968788147,0.20493026077747345,0.25233080983161926,,,,,
realmlp,kpx_group_3,5,0.9751870135466257,0.6432387232780457,0.4936850965023041,0.23617863655090332,0.22354882955551147,,,,,
realmlp,all,6,0.8911408185958862,0.7009138464927673,0.4433962404727936,0.28133612871170044,0.1681286245584488,0.9536815638895388,0.4169383242174431,0.30409708619117737,0.0,
realmlp,kpx_group_1,6,0.8955628607008193,0.8600081205368042,0.28798070549964905,0.4306655526161194,0.006626949645578861,,,,,
realmlp,kpx_group_2,6,0.854048369107423,0.5838197469711304,0.5527788400650024,0.1995697021484375,0.3051273226737976,,,,,
realmlp,kpx_group_3,6,0.9238112182528885,0.6589136719703674,0.4894292950630188,0.21377314627170563,0.19263169169425964,,,,,
realmlp,all,7,0.8475667205121782,0.593967080116272,0.5354692339897156,0.20890527963638306,0.27984368801116943,0.9056389111059683,0.3871479453863921,0.29508766531944275,0.0,
realmlp,kpx_group_1,7,0.8296713497903612,0.5873178243637085,0.552275538444519,0.17405198514461517,0.2786030173301697,,,,,
realmlp,kpx_group_2,7,0.8154516540191792,0.4942997097969055,0.5999060869216919,0.21852117776870728,0.41833341121673584,,,,,
realmlp,kpx_group_3,7,0.8975771731800504,0.7002836465835571,0.454226016998291,0.23414261639118195,0.14259465038776398,,,,,
realmlp,all,8,0.7945045453530771,0.7008211016654968,0.4555716812610626,0.22973982989788055,0.14088314771652222,0.8507173966478419,0.37475238574875724,0.2982533872127533,0.0,
realmlp,kpx_group_1,8,0.7729616661866506,0.6842701435089111,0.4773595333099365,0.19716718792915344,0.1518862098455429,,,,,
realmlp,kpx_group_2,8,0.7703305769849706,0.6566625833511353,0.4964033365249634,0.19261880218982697,0.18542543053627014,,,,,
realmlp,kpx_group_3,8,0.8402213906800305,0.7615306377410889,0.39295220375061035,0.2994334101676941,0.08533784002065659,,,,,
realmlp,all,9,0.7522785696718428,0.6484746336936951,0.5059725642204285,0.18363596498966217,0.19558101892471313,0.8059458567036523,0.35778193341361153,0.2873633801937103,0.0,
realmlp,kpx_group_1,9,0.7417655256059434,0.6084572672843933,0.5401799082756042,0.1619270145893097,0.242286816239357,,,,,
realmlp,kpx_group_2,9,0.7085739583880813,0.6282132863998413,0.5265529155731201,0.160785973072052,0.21389175951480865,,,,,
realmlp,kpx_group_3,9,0.8064962261252933,0.7087534666061401,0.45118480920791626,0.22819487750530243,0.13056449592113495,,,,,
realmlp,all,10,0.7092748505097849,0.5842432975769043,0.5546390414237976,0.17075306177139282,0.28003111481666565,0.7613083168312356,0.3468897392352422,0.2825167179107666,0.0,
realmlp,kpx_group_1,10,0.7008746343630331,0.6936209201812744,0.47322869300842285,0.19409972429275513,0.14055709540843964,,,,,
realmlp,kpx_group_2,10,0.6705979263340985,0.4770137071609497,0.6357892751693726,0.14387036859989166,0.41544896364212036,,,,,
realmlp,kpx_group_3,10,0.7563519599261107,0.5820953249931335,0.5548990964889526,0.17428909242153168,0.28408733010292053,,,,,
realmlp,all,11,0.6770181843528041,0.5739431977272034,0.563633918762207,0.1559431105852127,0.28321099281311035,0.7269573299973099,0.33292762990351077,0.2767939865589142,0.0,
realmlp,kpx_group_1,11,0.6665756867991554,0.5678102970123291,0.5733608603477478,0.14276351034641266,0.28948521614074707,,,,,
realmlp,kpx_group_2,11,0.6446726675386782,0.5639376640319824,0.5727406740188599,0.14219443500041962,0.2876758277416229,,,,,
realmlp,kpx_group_3,11,0.7198061887864713,0.5900816917419434,0.5448002815246582,0.18287143111228943,0.27247199416160583,,,,,
realmlp,all,12,0.6489398446347978,0.5599520802497864,0.5768945813179016,0.1486360728740692,0.30242523550987244,0.6979773739973704,0.32691687124746815,0.274796724319458,0.0,
realmlp,kpx_group_1,12,0.6418227873466633,0.5570202469825745,0.5823949575424194,0.13762922585010529,0.30241912603378296,,,,,
realmlp,kpx_group_2,12,0.621536393960317,0.4925943613052368,0.625615119934082,0.13637803494930267,0.3876083493232727,,,,,
realmlp,kpx_group_3,12,0.6834603559087824,0.6302417516708374,0.5226736068725586,0.17190095782279968,0.21724826097488403,,,,,
realmlp,all,13,0.6383603281444974,0.5589903593063354,0.5776261687278748,0.1486615240573883,0.3039138615131378,0.6872109009159936,0.32567041726024065,0.2739392817020416,0.0,
realmlp,kpx_group_1,13,0.6311096824981548,0.5612804889678955,0.5816483497619629,0.13879691064357758,0.3020935654640198,,,,,
realmlp,kpx_group_2,13,0.6123207354987109,0.49697116017341614,0.6209659576416016,0.136789932847023,0.3787218928337097,,,,,
realmlp,kpx_group_3,13,0.671650595135159,0.6187193393707275,0.530264139175415,0.17039775848388672,0.23092608153820038,,,,,
realmlp,all,14,0.6347725788752238,0.5551224946975708,0.5798788070678711,0.14849869906902313,0.3082562983036041,0.6833684554806462,0.32397249065063616,0.27380654215812683,0.0,
realmlp,kpx_group_1,14,0.6291582661646383,0.5632641315460205,0.5805811882019043,0.1388574242591858,0.3000198304653168,,,,,
realmlp,kpx_group_2,14,0.6098127685211323,0.49188560247421265,0.6241916418075562,0.13677188754081726,0.38515526056289673,,,,,
realmlp,kpx_group_3,14,0.6653466942133727,0.610217809677124,0.5348635315895081,0.16986672580242157,0.23959378898143768,,,,,
realmlp,all,15,0.6345039528829081,0.5530478358268738,0.5824800729751587,0.14770151674747467,0.31266164779663086,0.6832389378989184,0.32489988263006564,0.2736482620239258,0.0,
realmlp,kpx_group_1,15,0.6290326648288302,0.5692519545555115,0.5761518478393555,0.13972793519496918,0.2920317053794861,,,,,
realmlp,kpx_group_2,15,0.6093711102450335,0.4869377911090851,0.6283604502677917,0.13576790690422058,0.39248886704444885,,,,,
realmlp,kpx_group_3,15,0.6651080736407528,0.6029537916183472,0.5429278612136841,0.16760872304439545,0.2534644305706024,,,,,
realmlp,all,16,0.6393972756686034,0.5246248841285706,0.6012229323387146,0.1473853588104248,0.349831223487854,0.6880560307591049,0.3243917243348228,0.27203765511512756,0.0,
realmlp,kpx_group_1,16,0.6326711663493404,0.5339911580085754,0.5981382727622986,0.13363850116729736,0.32991504669189453,,,,,
realmlp,kpx_group_2,16,0.6112971912931513,0.4337691366672516,0.6672484278678894,0.14187517762184143,0.47637200355529785,,,,,
realmlp,kpx_group_3,16,0.6742234892315335,0.606114387512207,0.5382820963859558,0.1666424423456192,0.24320665001869202,,,,,
realmlp,all,17,0.6452371169019628,0.5801291465759277,0.5604377388954163,0.1567767709493637,0.27765223383903503,0.6945781740877364,0.3289403131714574,0.27459290623664856,0.0,
realmlp,kpx_group_1,17,0.6351129456802651,0.6226871013641357,0.5311567187309265,0.15280085802078247,0.21511432528495789,,,,,
realmlp,kpx_group_2,17,0.611963051336783,0.5309773087501526,0.6002500653266907,0.1393892616033554,0.33988940715789795,,,,,
realmlp,kpx_group_3,17,0.6886353823873732,0.5867229104042053,0.5499064326286316,0.17814013361930847,0.27795299887657166,,,,,
realmlp,all,18,0.6560221535188181,0.5342483520507812,0.5963378548622131,0.1466657668352127,0.3393414318561554,0.7054715785715315,0.32966288261943394,0.2739335000514984,0.0,
realmlp,kpx_group_1,18,0.6405273135061618,0.5412510633468628,0.5935782790184021,0.13502609729766846,0.32218268513679504,,,,,
realmlp,kpx_group_2,18,0.6230192007841887,0.4528823494911194,0.6572926044464111,0.13910843431949615,0.45369359850883484,,,,,
realmlp,kpx_group_3,18,0.7045199573040009,0.6086116433143616,0.5381426215171814,0.1658627688884735,0.2421480119228363,,,,,
realmlp,all,19,0.6638882237452047,0.6102674603462219,0.5384057760238647,0.16338109970092773,0.240192711353302,0.7144071018254315,0.33679242708064894,0.2765140235424042,0.0,
realmlp,kpx_group_1,19,0.6495868364969889,0.570552408695221,0.5695299506187439,0.14871461689472198,0.2877745032310486,,,,,
realmlp,kpx_group_2,19,0.6312000354131063,0.5856606364250183,0.5599011182785034,0.14552968740463257,0.2653319239616394,,,,,
realmlp,kpx_group_3,19,0.7108778147785751,0.6745895147323608,0.4857863485813141,0.19589900970458984,0.16747170686721802,,,,,
realmlp,all,20,0.6712320204134341,0.5855575203895569,0.5576062798500061,0.15701361000537872,0.2722261846065521,0.721259229713016,0.3335147334469689,0.271377295255661,0.0,
realmlp,kpx_group_1,20,0.6527977442299878,0.6384840607643127,0.5210009813308716,0.1613333374261856,0.20333528518676758,,,,,
realmlp,kpx_group_2,20,0.6345191310953211,0.4736284017562866,0.6403316259384155,0.13555215299129486,0.4162154197692871,,,,,
realmlp,kpx_group_3,20,0.7263791980566802,0.6445600390434265,0.511486291885376,0.1741553694009781,0.19712789356708527,,,,,
realmlp,all,21,0.6683828587885257,0.5810225009918213,0.5583853125572205,0.16574794054031372,0.282518595457077,0.7188918027612898,0.3367262951753758,0.2680513560771942,0.0,
realmlp,kpx_group_1,21,0.6606999006536272,0.5738372802734375,0.572085976600647,0.1440792828798294,0.2882511615753174,,,,,
realmlp,kpx_group_2,21,0.6311897624422003,0.5331317782402039,0.5961325168609619,0.14290302991867065,0.3351680338382721,,,,,
realmlp,kpx_group_3,21,0.713258918788698,0.636098325252533,0.506937563419342,0.2102615088224411,0.2241366058588028,,,,,
realmlp,all,22,0.6664565746430997,0.5573349595069885,0.5686185956001282,0.1816248893737793,0.31886211037635803,0.7166302877443808,0.33449142343468136,0.2757042348384857,0.0,
realmlp,kpx_group_1,22,0.64823575924944,0.6016919612884521,0.5487616062164307,0.14374950528144836,0.2412726730108261,,,,,
realmlp,kpx_group_2,22,0.6257580033055058,0.5001397132873535,0.6153184771537781,0.1560305953025818,0.38666754961013794,,,,,
realmlp,kpx_group_3,22,0.7253759613743535,0.5701732635498047,0.5417758226394653,0.24509449303150177,0.328646183013916,,,,,
realmlp,all,23,0.6526847205780171,0.6059791445732117,0.5399523377418518,0.16389064490795135,0.24379532039165497,0.702799787123998,0.33410049809349907,0.27102816104888916,0.0,
realmlp,kpx_group_1,23,0.6390226847595639,0.5484784841537476,0.5842622518539429,0.1461474448442459,0.31467199325561523,,,,,
realmlp,kpx_group_2,23,0.6090045758971462,0.5943430066108704,0.5523070096969604,0.14332416653633118,0.24793817102909088,,,,,
realmlp,kpx_group_3,23,0.7100268767939674,0.6751157641410828,0.4832877218723297,0.20220033824443817,0.1687757968902588,,,,,
realmlp,all,24,0.6501376893785265,0.5936397314071655,0.5530756115913391,0.15250229835510254,0.25865355134010315,0.7009720515321802,0.338895689006205,0.2751025855541229,0.0,
realmlp,kpx_group_1,24,0.6356053540000209,0.5590174794197083,0.5810127854347229,0.13779710233211517,0.29982271790504456,,,,,
realmlp,kpx_group_2,24,0.6058914539990602,0.5616112351417542,0.5769479274749756,0.14229056239128113,0.2961863875389099,,,,,
realmlp,kpx_group_3,24,0.7089162733819749,0.660290539264679,0.5012661218643188,0.1774192750453949,0.1799515336751938,,,,,
realmlp,all,25,0.6275148259268867,0.5855331420898438,0.556155264377594,0.1607103794813156,0.2730208933353424,0.6779644378909359,0.33633070797831927,0.27695953845977783,0.0,
realmlp,kpx_group_1,25,0.6143195607044079,0.5577948689460754,0.5832664370536804,0.13946905732154846,0.3060019016265869,,,,,
realmlp,kpx_group_2,25,0.589203511123304,0.5095272064208984,0.6133507490158081,0.13856379687786102,0.36526525020599365,,,,,
realmlp,kpx_group_3,25,0.6790214158870556,0.6892772316932678,0.47184863686561584,0.20409826934337616,0.14779555797576904,,,,,
realmlp,all,26,0.6233615257121898,0.542301595211029,0.5913652777671814,0.1464231312274933,0.3291536569595337,0.6721733775403764,0.3254123937200617,0.26499125361442566,0.0,
realmlp,kpx_group_1,26,0.6032070948017968,0.5749731659889221,0.5711315870285034,0.13609309494495392,0.2783562242984772,,,,,
realmlp,kpx_group_2,26,0.5835663499655547,0.4581131935119629,0.6519875526428223,0.1400977224111557,0.44407281279563904,,,,,
realmlp,kpx_group_3,26,0.6833111224351106,0.5938185453414917,0.5509766936302185,0.16307859122753143,0.265032023191452,,,,,
realmlp,all,27,0.6122270094023811,0.5406357645988464,0.590590238571167,0.14951778948307037,0.33069828152656555,0.6609367397096422,0.3247315221362644,0.2667505741119385,0.0,
realmlp,kpx_group_1,27,0.5941063850014298,0.5956404209136963,0.5567160248756409,0.14262452721595764,0.2560565173625946,,,,,
realmlp,kpx_group_2,27,0.5655837688181136,0.45566049218177795,0.6541430950164795,0.13089440762996674,0.4391805827617645,,,,,
realmlp,kpx_group_3,27,0.6769908688686512,0.5706064701080322,0.5609117150306702,0.17503441870212555,0.2968578040599823,,,,,
realmlp,all,28,0.5978177123599582,0.5319817066192627,0.5987662672996521,0.14717096090316772,0.3447035253047943,0.6466276634622503,0.32539958479227843,0.26482656598091125,0.0,
realmlp,kpx_group_1,28,0.5838469211701993,0.5547547340393066,0.585873007774353,0.1342128962278366,0.3059588670730591,,,,,
realmlp,kpx_group_2,28,0.5524146512702659,0.41866591572761536,0.6791435480117798,0.1425689458847046,0.5008559823036194,,,,,
realmlp,kpx_group_3,28,0.6571915701583579,0.6225244402885437,0.5312823057174683,0.16473105549812317,0.2272956669330597,,,,,
realmlp,all,29,0.5889718808509685,0.4992988407611847,0.6205632090568542,0.1434219926595688,0.3845483064651489,0.6373498583281482,0.32251985205544365,0.2639269530773163,0.0,
realmlp,kpx_group_1,29,0.5775289171271853,0.543230414390564,0.5933352112770081,0.13130006194114685,0.31797051429748535,,,,,
realmlp,kpx_group_2,29,0.544257480789114,0.43684306740760803,0.6669350862503052,0.13182635605335236,0.4656965136528015,,,,,
realmlp,kpx_group_3,29,0.6451292192494428,0.5178229808807373,0.6014191508293152,0.16713955998420715,0.36997783184051514,,,,,
realmlp,all,30,0.579810216471001,0.5420494675636292,0.591036856174469,0.1423628032207489,0.3244365155696869,0.627208247228905,0.3159869351872691,0.2625131905078888,0.0,
realmlp,kpx_group_1,30,0.5675970437350096,0.5263658761978149,0.6028836965560913,0.1343194842338562,0.3400869071483612,,,,,
realmlp,kpx_group_2,30,0.5367400646209717,0.47704920172691345,0.6395564675331116,0.13126088678836823,0.41037383675575256,,,,,
realmlp,kpx_group_3,30,0.6350935344342832,0.6227332353591919,0.5306704044342041,0.1615079939365387,0.2228487730026245,,,,,
realmlp,all,31,0.5649169418546889,0.5056705474853516,0.6177918314933777,0.1405213624238968,0.3761049807071686,0.6115940356696093,0.31118071962285926,0.25720810890197754,0.0,
realmlp,kpx_group_1,31,0.5594377606003372,0.5473976731300354,0.5923493504524231,0.1308046132326126,0.3155032992362976,,,,,
realmlp,kpx_group_2,31,0.5204771966845901,0.42583245038986206,0.6768078804016113,0.12975634634494781,0.48337215185165405,,,,,
realmlp,kpx_group_3,31,0.6148358428919757,0.543781578540802,0.5842182636260986,0.16100314259529114,0.3294396698474884,,,,,
realmlp,all,32,0.5560264388720194,0.47202929854393005,0.6419854760169983,0.14027287065982819,0.42424383759498596,0.6023527405880116,0.30884204584139363,0.2548764944076538,0.0,
realmlp,kpx_group_1,32,0.5491977322984625,0.45977503061294556,0.6521676778793335,0.12727369368076324,0.43160906434059143,,,,,
realmlp,kpx_group_2,32,0.5157511946227815,0.4092904329299927,0.6903035640716553,0.13396435976028442,0.5145715475082397,,,,,
realmlp,kpx_group_3,32,0.6031303880391298,0.5470224618911743,0.5834851861000061,0.1595805585384369,0.3265509307384491,,,,,
realmlp,all,33,0.5534586707750956,0.49744901061058044,0.6248006820678711,0.1368594914674759,0.3864608705043793,0.599447402689192,0.30659149807912334,0.2545996308326721,0.0,
realmlp,kpx_group_1,33,0.5432641848369881,0.5295476913452148,0.6047133207321167,0.1276804357767105,0.3371070623397827,,,,,
realmlp,kpx_group_2,33,0.5132512212903412,0.41959190368652344,0.680877149105072,0.12859134376049042,0.49034565687179565,,,,,
realmlp,kpx_group_3,33,0.6038606067498525,0.5432073473930359,0.5888116359710693,0.15430672466754913,0.3319299519062042,,,,,
realmlp,all,34,0.5426768362522125,0.4831528961658478,0.632199227809906,0.1395680010318756,0.40396633744239807,0.5881410307354398,0.30309457801006456,0.2519511878490448,0.0,
realmlp,kpx_group_1,34,0.5339081066626089,0.4969717860221863,0.6245269775390625,0.12583771347999573,0.3748916685581207,,,,,
realmlp,kpx_group_2,34,0.502406500003956,0.40991392731666565,0.6861252784729004,0.1363985687494278,0.5086490511894226,,,,,
realmlp,kpx_group_3,34,0.5917159109203903,0.5425729751586914,0.5859453678131104,0.15646770596504211,0.32835835218429565,,,,,
realmlp,all,35,0.5381272015748201,0.4790087938308716,0.6334226727485657,0.14469407498836517,0.4115395247936249,0.5831975892738059,0.30046916835837895,0.2514743506908417,0.0,
realmlp,kpx_group_1,35,0.5293289251901485,0.5053597688674927,0.6188451647758484,0.12597794830799103,0.3636682331562042,,,,,
realmlp,kpx_group_2,35,0.49472728426809665,0.41115841269493103,0.6878675818443298,0.13474629819393158,0.5104814767837524,,,,,
realmlp,kpx_group_3,35,0.5903254118230608,0.5205081701278687,0.5935554504394531,0.1733579784631729,0.36046889424324036,,,,,
realmlp,all,36,0.529288034748148,0.4835855960845947,0.6336084008216858,0.13855649530887604,0.4057733118534088,0.5739784196571067,0.2979359091432006,0.2537252604961395,0.0,
realmlp,kpx_group_1,36,0.5211586687299941,0.4916865825653076,0.6284396052360535,0.1266479343175888,0.38352712988853455,,,,,
realmlp,kpx_group_2,36,0.4906993839475844,0.4151463806629181,0.6855190396308899,0.13256126642227173,0.5035993456840515,,,,,
realmlp,kpx_group_3,36,0.5760060493592862,0.5439238548278809,0.5868666172027588,0.15646028518676758,0.3301934599876404,,,,,
realmlp,all,37,0.5235994651361748,0.4814099371433258,0.6364824771881104,0.1370488703250885,0.4100137948989868,0.5681070177643387,0.2967169919499644,0.2532041370868683,0.0,
realmlp,kpx_group_1,37,0.5181381967332628,0.4916878938674927,0.6317552328109741,0.12648902833461761,0.3899995684623718,,,,,
realmlp,kpx_group_2,37,0.4865517958446785,0.41762232780456543,0.6833584308624268,0.13128827512264252,0.4980051517486572,,,,,
realmlp,kpx_group_3,37,0.5661084144203751,0.5349195599555969,0.5943337082862854,0.15336929261684418,0.34203672409057617,,,,,
realmlp,all,38,0.5197372679357175,0.48021093010902405,0.6365146636962891,0.13675397634506226,0.4097832441329956,0.5640208312758693,0.2952237907383177,0.253117173910141,0.0,
realmlp,kpx_group_1,38,0.514331168598599,0.49324584007263184,0.629485011100769,0.12637902796268463,0.3853490948677063,,,,,
realmlp,kpx_group_2,38,0.4810432576470905,0.4186123013496399,0.6835047006607056,0.12979315221309662,0.49680256843566895,,,,,
realmlp,kpx_group_3,38,0.563837367075461,0.5287747383117676,0.596554160118103,0.15408974885940552,0.34719812870025635,,,,,
realmlp,all,39,0.5175099273522695,0.47486212849617004,0.639731764793396,0.13726748526096344,0.41673099994659424,0.5617519617080688,0.2949469382012332,0.2531971037387848,0.0,
realmlp,kpx_group_1,39,0.5133002748092016,0.48095113039016724,0.6396781206130981,0.12618312239646912,0.4055393934249878,,,,,
realmlp,kpx_group_2,39,0.47767315253063486,0.41700074076652527,0.6823358535766602,0.13145877420902252,0.4961305260658264,,,,,
realmlp,kpx_group_3,39,0.5615563436790749,0.5266346335411072,0.5971813201904297,0.1541605293750763,0.3485231399536133,,,,,
realmlp,all,40,0.5170070192328206,0.47543466091156006,0.6390148401260376,0.13729174435138702,0.4153214693069458,0.5612006584803263,0.2946242060926225,0.25321295857429504,0.0,
realmlp,kpx_group_1,40,0.5123184422651926,0.4829920530319214,0.6375178098678589,0.1261773258447647,0.4012129306793213,,,,,
realmlp,kpx_group_2,40,0.4799539275743343,0.4170261323451996,0.6823194026947021,0.1314917653799057,0.4961305260658264,,,,,
realmlp,kpx_group_3,40,0.5587487000006216,0.5262857675552368,0.5972074270248413,0.15420611202716827,0.3486209511756897,,,,,
realmlp,all,41,0.5158572930980612,0.4757021963596344,0.6391115188598633,0.13744960725307465,0.41567277908325195,0.5600632892714607,0.2947066343492932,0.253191202878952,0.0,
realmlp,kpx_group_1,41,0.5113874243365394,0.4841908812522888,0.6364217400550842,0.1262204349040985,0.39906391501426697,,,,,
realmlp,kpx_group_2,41,0.47836966039957823,0.4168483018875122,0.6833034157752991,0.13161048293113708,0.49821737408638,,,,,
realmlp,kpx_group_3,41,0.5578148022845939,0.5260674953460693,0.5976095795631409,0.15451793372631073,0.34973713755607605,,,,,
realmlp,all,42,0.517572006141698,0.4782203137874603,0.6378089785575867,0.13745467364788055,0.41307270526885986,0.5617427704510866,0.29447173078854877,0.2531830668449402,0.0,
realmlp,kpx_group_1,42,0.5131341423149463,0.4873037338256836,0.6341314315795898,0.12638871371746063,0.3946516215801239,,,,,
realmlp,kpx_group_2,42,0.4786845914743565,0.41693970561027527,0.683246374130249,0.13201500475406647,0.4985077679157257,,,,,
realmlp,kpx_group_3,42,0.5608972796687374,0.5304173827171326,0.5960491895675659,0.15396031737327576,0.3460586965084076,,,,,
realmlp,all,43,0.5165847904152341,0.4835239350795746,0.6346288323402405,0.13674558699131012,0.4060031473636627,0.5607019453137009,0.2941143153994172,0.2537045478820801,0.0,
realmlp,kpx_group_1,43,0.5116306537831271,0.4978877902030945,0.6273655295372009,0.12665273249149323,0.3813837468624115,,,,,
realmlp,kpx_group_2,43,0.47865869380809645,0.42000091075897217,0.6811301708221436,0.13123905658721924,0.49349939823150635,,,,,
realmlp,kpx_group_3,43,0.559465045178378,0.5326830744743347,0.5953906774520874,0.1523449718952179,0.3431263267993927,,,,,
realmlp,all,44,0.5190198068265561,0.47745129466056824,0.6396586298942566,0.13793087005615234,0.4172481298446655,0.563246194963102,0.29484255943033433,0.25290417671203613,0.0,
realmlp,kpx_group_1,44,0.5137837098704444,0.487050324678421,0.6360018849372864,0.1267067790031433,0.39871057868003845,,,,,
realmlp,kpx_group_2,44,0.480263423036646,0.41778793931007385,0.684686541557312,0.1326957792043686,0.502068817615509,,,,,
realmlp,kpx_group_3,44,0.5630122941953165,0.5275155305862427,0.5982875227928162,0.15439003705978394,0.35096511244773865,,,,,
realmlp,all,45,0.5203899995044425,0.48386502265930176,0.631298840045929,0.14000417292118073,0.40260186791419983,0.564681202173233,0.2952746743405307,0.2536954879760742,0.0,
realmlp,kpx_group_1,45,0.518030849871812,0.49623405933380127,0.6253765225410461,0.1271429806947708,0.3778960108757019,,,,,
realmlp,kpx_group_2,45,0.48089782893657684,0.4224558472633362,0.6778945326805115,0.13645042479038239,0.49223947525024414,,,,,
realmlp,kpx_group_3,45,0.5622413125303056,0.5329051613807678,0.5906254649162292,0.15641914308071136,0.33767008781433105,,,,,
realmlp,all,46,0.5213257372379303,0.4764930009841919,0.6393095850944519,0.1379534751176834,0.41657257080078125,0.5657978057861328,0.2964804580918065,0.25271424651145935,0.0,
realmlp,kpx_group_1,46,0.518508400078173,0.4875146150588989,0.6352064609527588,0.12632665038108826,0.39673954248428345,,,,,
realmlp,kpx_group_2,46,0.4806132686358911,0.4176534414291382,0.6832780838012695,0.13124777376651764,0.4978039860725403,,,,,
realmlp,kpx_group_3,46,0.5648555424478319,0.5243109464645386,0.5994441509246826,0.15628600120544434,0.3551742434501648,,,,,
realmlp,all,47,0.5251647487834648,0.48710212111473083,0.631824254989624,0.13776804506778717,0.4014165699481964,0.5697619561795835,0.29731473713009443,0.25249746441841125,0.0,
realmlp,kpx_group_1,47,0.5194641417927213,0.5086312294006348,0.619551420211792,0.12689296901226044,0.365995854139328,,,,,
realmlp,kpx_group_2,47,0.4840625259611342,0.4132150411605835,0.685307502746582,0.13212847709655762,0.5027434825897217,,,,,
realmlp,kpx_group_3,47,0.5719675554169549,0.5394600629806519,0.5906139016151428,0.15428268909454346,0.3355105221271515,,,,,
realmlp,all,48,0.5257702315295184,0.4833694398403168,0.634053647518158,0.13720636069774628,0.4053136110305786,0.5703870587878757,0.29744544956419205,0.25279900431632996,0.0,
realmlp,kpx_group_1,48,0.5186765663049839,0.4933377802371979,0.63007652759552,0.12637868523597717,0.3865317404270172,,,,,
realmlp,kpx_group_2,48,0.4846568963042012,0.41715937852859497,0.6821674108505249,0.13170889019966125,0.49604368209838867,,,,,
realmlp,kpx_group_3,48,0.5739772430172673,0.5396112203598022,0.5899169445037842,0.1535315215587616,0.33336541056632996,,,,,
realmlp,all,49,0.5291826272452319,0.49202656745910645,0.6289442777633667,0.13848388195037842,0.3963724374771118,0.5739304864848102,0.2983191234094125,0.25531694293022156,0.0,
realmlp,kpx_group_1,49,0.5224448160992728,0.5157513618469238,0.6146605014801025,0.1280534565448761,0.357374370098114,,,,,
realmlp,kpx_group_2,49,0.49134120841821033,0.41499587893486023,0.6842179298400879,0.1315477341413498,0.49998360872268677,,,,,
realmlp,kpx_group_3,49,0.5737618373499976,0.5453323721885681,0.5879544019699097,0.15585047006607056,0.3317592740058899,,,,,
realmlp,all,50,0.5333973798486922,0.47076597809791565,0.6432933211326599,0.14143680036067963,0.42802342772483826,0.5785270156683745,0.30086421690605303,0.2510049045085907,0.0,
realmlp,kpx_group_1,50,0.5243330310892176,0.44768133759498596,0.6638919115066528,0.12977609038352966,0.4575599431991577,,,,,
realmlp,kpx_group_2,50,0.4900081643351802,0.41798245906829834,0.679312527179718,0.13933509588241577,0.4979601204395294,,,,,
realmlp,kpx_group_3,50,0.5858509474330478,0.5466341376304626,0.5866756439208984,0.15519919991493225,0.32855039834976196,,,,,
realmlp,all,51,0.5374938580724928,0.49396976828575134,0.6245859265327454,0.1432359367609024,0.3924076557159424,0.5827155058030729,0.30147762375849263,0.2523510158061981,0.0,
realmlp,kpx_group_1,51,0.5296122663550906,0.4968803822994232,0.6248825788497925,0.12947368621826172,0.3792387843132019,,,,,
realmlp,kpx_group_2,51,0.49281320638126797,0.4220826327800751,0.6772779226303101,0.13873624801635742,0.4932921230792999,,,,,
realmlp,kpx_group_3,51,0.5900561058962787,0.5629462003707886,0.5715972185134888,0.16149786114692688,0.30469220876693726,,,,,
realmlp,all,52,0.5352220756036264,0.4901437759399414,0.629923403263092,0.13844074308872223,0.3982875347137451,0.5805215239524841,0.3019962967545898,0.2521562874317169,0.0,
realmlp,kpx_group_1,52,0.5231656785364505,0.479994535446167,0.6397988200187683,0.1263972520828247,0.40599489212036133,,,,,
realmlp,kpx_group_2,52,0.4960412383079529,0.4277796149253845,0.6760809421539307,0.13118013739585876,0.4833420217037201,,,,,
realmlp,kpx_group_3,52,0.586459321004373,0.5626571178436279,0.5738904476165771,0.15774483978748322,0.3055257499217987,,,,,
realmlp,all,53,0.5408952788070396,0.48039522767066956,0.6343720555305481,0.1402900665998459,0.4090341627597809,0.5861094549850181,0.3014278334599954,0.25202879309654236,0.0,
realmlp,kpx_group_1,53,0.5286453211749041,0.48604100942611694,0.6326950788497925,0.1303950697183609,0.3957851827144623,,,,,
realmlp,kpx_group_2,53,0.4964367123665633,0.41996070742607117,0.6820580363273621,0.12758241593837738,0.4916985034942627,,,,,
realmlp,kpx_group_3,53,0.597603776940593,0.5351839661598206,0.5883630514144897,0.16289271414279938,0.3396187424659729,,,,,
realmlp,all,54,0.5420822423917276,0.5001208186149597,0.6210170984268188,0.14033789932727814,0.382372111082077,0.5872855826660439,0.3013555556535721,0.2507745027542114,0.0,
realmlp,kpx_group_1,54,0.5295066524434973,0.5324930548667908,0.5994908213615417,0.12905167043209076,0.32803329825401306,,,,,
realmlp,kpx_group_2,54,0.49900500034844436,0.41486185789108276,0.6847062110900879,0.13073213398456573,0.5001446008682251,,,,,
realmlp,kpx_group_3,54,0.5977350650010286,0.5530074238777161,0.5788542628288269,0.1612299382686615,0.3189384937286377,,,,,
realmlp,all,55,0.5424915585252974,0.5181787014007568,0.6095889806747437,0.13619063794612885,0.3553687036037445,0.5879105958673689,0.3027935519262596,0.25422540307044983,0.0,
realmlp,kpx_group_1,55,0.5332856073423669,0.5402294397354126,0.5955915451049805,0.12943865358829498,0.3206217885017395,,,,,
realmlp,kpx_group_2,55,0.5013891441954507,0.4306531846523285,0.6731484532356262,0.12818266451358795,0.4744795262813568,,,,,
realmlp,kpx_group_3,55,0.5927999207267055,0.5836533904075623,0.5600270628929138,0.15095064043998718,0.2710047662258148,,,,,
realmlp,all,56,0.5432287840931503,0.517319917678833,0.6089174151420593,0.13893350958824158,0.35676828026771545,0.5886452749923423,0.30277659164534676,0.25446727871894836,0.0,
realmlp,kpx_group_1,56,0.5327433270436747,0.5532490015029907,0.5848989486694336,0.13174092769622803,0.3015388250350952,,,,,
realmlp,kpx_group_2,56,0.50110689357475,0.4182910621166229,0.6819893717765808,0.13144856691360474,0.49542734026908875,,,,,
realmlp,kpx_group_3,56,0.5958361438027134,0.5804195404052734,0.5598638653755188,0.15361103415489197,0.27333879470825195,,,,,
realmlp,all,57,0.5416434385158397,0.4839664399623871,0.6315272450447083,0.14290285110473633,0.40595731139183044,0.587287058432897,0.3042908040461717,0.2492493987083435,0.0,
realmlp,kpx_group_1,57,0.5288484935407285,0.48426374793052673,0.6334215402603149,0.12738703191280365,0.39423006772994995,,,,,
realmlp,kpx_group_2,57,0.5006564612741824,0.41205835342407227,0.6847563982009888,0.13656124472618103,0.5060741305351257,,,,,
realmlp,kpx_group_3,57,0.5954253772894541,0.5555770993232727,0.5764037370681763,0.1647603064775467,0.31756773591041565,,,,,
realmlp,all,58,0.541152705748876,0.5151016712188721,0.6116533279418945,0.13698293268680573,0.3602895736694336,0.5865105997633051,0.3023859781247598,0.25410977005958557,0.0,
realmlp,kpx_group_1,58,0.5272770292229123,0.5024130344390869,0.6216947436332703,0.1266685128211975,0.3700580298900604,,,,,
realmlp,kpx_group_2,58,0.4947713343081651,0.42463231086730957,0.6785585284233093,0.12661436200141907,0.48373138904571533,,,,,
realmlp,kpx_group_3,58,0.6014097288802818,0.618259608745575,0.534706711769104,0.15766598284244537,0.2270793616771698,,,,,
realmlp,all,59,0.5402012897862328,0.5092524886131287,0.6158313155174255,0.13660867512226105,0.3682713210582733,0.5854933030075498,0.30194671893561326,0.2522880733013153,0.0,
realmlp,kpx_group_1,59,0.5281851037784859,0.5095773935317993,0.6190131902694702,0.1271539330482483,0.3651803135871887,,,,,
realmlp,kpx_group_2,59,0.4958235439327028,0.4238602817058563,0.6777637600898743,0.12792609632015228,0.4834536612033844,,,,,
realmlp,kpx_group_3,59,0.5965952155766664,0.5943195819854736,0.5507169961929321,0.15474599599838257,0.2561800181865692,,,,,
realmlp,all,60,0.541379651537648,0.5142773985862732,0.6107127070426941,0.1372886747121811,0.3587140142917633,0.5875926757300342,0.3080868505769306,0.2533995807170868,0.0,
realmlp,kpx_group_1,60,0.5302344637888449,0.520623505115509,0.6105095148086548,0.12725535035133362,0.3482743203639984,,,,,
realmlp,kpx_group_2,60,0.4959421157836914,0.4296420216560364,0.6706578135490417,0.12678764760494232,0.468103289604187,,,,,
realmlp,kpx_group_3,60,0.5979623794555664,0.592566728591919,0.5509707927703857,0.15782298147678375,0.25976449251174927,,,,,
realmlp,all,61,0.5364720578546878,0.49114879965782166,0.6274227499961853,0.14139424264431,0.3962397277355194,0.5814710921711392,0.2999935315714942,0.2515374720096588,0.0,
realmlp,kpx_group_1,61,0.5204589808428729,0.4864572286605835,0.6330992579460144,0.12956616282463074,0.3957647383213043,,,,,
realmlp,kpx_group_2,61,0.49530455470085144,0.4254963994026184,0.6756604313850403,0.13397978246212006,0.4853006601333618,,,,,
realmlp,kpx_group_3,61,0.5936526722378201,0.5614926815032959,0.5735085010528564,0.1606367826461792,0.3076538145542145,,,,,
realmlp,all,62,0.5315912145155447,0.4911140501499176,0.6263710856437683,0.14024819433689117,0.3929903209209442,0.5764582753181458,0.2991136875417497,0.2513475716114044,0.0,
realmlp,kpx_group_1,62,0.51889658636517,0.5163850784301758,0.6108274459838867,0.12747424840927124,0.3491290807723999,,,,,
realmlp,kpx_group_2,62,0.4956462918608277,0.4143030047416687,0.6836848258972168,0.13482846319675446,0.5021980404853821,,,,,
realmlp,kpx_group_3,62,0.5802307724952698,0.5426540970802307,0.5846009850502014,0.15844190120697021,0.32764384150505066,,,,,
realmlp,all,63,0.529787090089586,0.5024356245994568,0.6187706589698792,0.14059801399707794,0.3781393766403198,0.5744304138201254,0.29762213594383663,0.25288406014442444,0.0,
realmlp,kpx_group_1,63,0.5149736978389599,0.5327776670455933,0.6004617214202881,0.13032649457454681,0.33125001192092896,,,,,
realmlp,kpx_group_2,63,0.49099468412222685,0.43625980615615845,0.6673398017883301,0.12970252335071564,0.464382141828537,,,,,
realmlp,kpx_group_3,63,0.5833928993454686,0.5382694005966187,0.5885105133056641,0.16176500916481018,0.3387860059738159,,,,,
realmlp,all,64,0.5272325718844378,0.4939754903316498,0.6269487738609314,0.1383502334356308,0.3922478258609772,0.5721468086595889,0.2994282742341359,0.2520430088043213,0.0,
realmlp,kpx_group_1,64,0.5161455234995594,0.5000733733177185,0.6246562600135803,0.1269242763519287,0.37623679637908936,,,,,
realmlp,kpx_group_2,64,0.49267507868784444,0.42588308453559875,0.6774156093597412,0.1335492879152298,0.48838046193122864,,,,,
realmlp,kpx_group_3,64,0.5728771256075965,0.5559699535369873,0.5787745714187622,0.15457715094089508,0.3121262788772583,,,,,
realmlp,all,65,0.5289279950989617,0.5193782448768616,0.6059812903404236,0.13867171108722687,0.3506343364715576,0.5733947334466157,0.2964448912276162,0.2500479221343994,0.0,
realmlp,kpx_group_1,65,0.5146412148519799,0.5318530797958374,0.5989462733268738,0.13064080476760864,0.3285333812236786,,,,,
realmlp,kpx_group_2,65,0.4913075538697066,0.43455687165260315,0.6682105660438538,0.12943924963474274,0.46586036682128906,,,,,
realmlp,kpx_group_3,65,0.580835203329722,0.5917246341705322,0.5507870316505432,0.1559351086616516,0.25750917196273804,,,,,
realmlp,all,66,0.5192532086813891,0.49758151173591614,0.6224841475486755,0.1400420218706131,0.38501033186912537,0.5631834654896347,0.2928683537024039,0.2528165578842163,0.0,
realmlp,kpx_group_1,66,0.5099779941417553,0.5145943760871887,0.6128286123275757,0.12897033989429474,0.3546276092529297,,,,,
realmlp,kpx_group_2,66,0.4802720033460193,0.42344385385513306,0.676399290561676,0.13334718346595764,0.4861457347869873,,,,,
realmlp,kpx_group_3,66,0.567509635731026,0.554706335067749,0.5782245993614197,0.1578085571527481,0.3142577111721039,,,,,
realmlp,all,67,0.5183613383107715,0.4934716522693634,0.6243556141853333,0.14170153439044952,0.390412837266922,0.5624875746391438,0.2941748781336678,0.24621164798736572,0.0,
realmlp,kpx_group_1,67,0.5061828930068899,0.5196850299835205,0.612372875213623,0.12772007286548615,0.35246583819389343,,,,,
realmlp,kpx_group_2,67,0.47926470085426615,0.42060962319374084,0.6787153482437134,0.13408981263637543,0.4915205240249634,,,,,
realmlp,kpx_group_3,67,0.5696364177597893,0.5401203632354736,0.5819787979125977,0.1632947474718094,0.32725226879119873,,,,,
realmlp,all,68,0.5157369651176311,0.4948556423187256,0.6266677975654602,0.1363404244184494,0.3896760046482086,0.5595400774920428,0.29202080987117907,0.2520725727081299,0.0,
realmlp,kpx_group_1,68,0.5043246845404307,0.48038449883461,0.6409991383552551,0.12659242749214172,0.4085906445980072,,,,,
realmlp,kpx_group_2,68,0.47688978910446167,0.4245035648345947,0.6759848594665527,0.13110364973545074,0.48307329416275024,,,,,
realmlp,kpx_group_3,68,0.5659964040473655,0.5796788930892944,0.5630195140838623,0.15132513642311096,0.27736416459083557,,,,,
realmlp,all,69,0.5142940001355277,0.4953702986240387,0.626420259475708,0.138715460896492,0.3915559947490692,0.5577636063098907,0.2897973640097512,0.25330305099487305,0.0,
realmlp,kpx_group_1,69,0.4989422659079234,0.4967174828052521,0.6288034319877625,0.1278696060180664,0.3854764401912689,,,,,
realmlp,kpx_group_2,69,0.47313298174628504,0.42825040221214294,0.6748368144035339,0.13182735443115234,0.4815010130405426,,,,,
realmlp,kpx_group_3,69,0.5708067626864822,0.5611431002616882,0.5756205320358276,0.15644943714141846,0.30769047141075134,,,,,
realmlp,all,70,0.5103068241366634,0.49494409561157227,0.6255083084106445,0.13735072314739227,0.38836729526519775,0.5536637736691369,0.28904632120220747,0.24939818680286407,0.0,
realmlp,kpx_group_1,70,0.5008631685265789,0.4985264539718628,0.6291564702987671,0.12785430252552032,0.3861671984195709,,,,,
realmlp,kpx_group_2,70,0.47184170561808125,0.42718082666397095,0.6713824272155762,0.13231705129146576,0.4750819504261017,,,,,
realmlp,kpx_group_3,70,0.5582156214449141,0.5591250061988831,0.5759859681129456,0.15188078582286835,0.30385276675224304,,,,,
realmlp,all,71,0.5101752766856441,0.4950854778289795,0.6236217617988586,0.14281274378299713,0.39005640149116516,0.552703963385688,0.2835245789201171,0.2480705976486206,0.0,
realmlp,kpx_group_1,71,0.49751954387735436,0.4996536374092102,0.6259117722511292,0.1292244791984558,0.3810480237007141,,,,,
realmlp,kpx_group_2,71,0.47230161947232707,0.4307923913002014,0.6701719760894775,0.13476109504699707,0.47510507702827454,,,,,
realmlp,kpx_group_3,71,0.5607046518060896,0.5548103451728821,0.5747817158699036,0.1644526571035385,0.31401607394218445,,,,,
realmlp,all,72,0.4985356827576955,0.4910379946231842,0.6281629800796509,0.1359097957611084,0.39223578572273254,0.5411090641110031,0.2838225734454614,0.24935810267925262,0.0,
realmlp,kpx_group_1,72,0.49236224702111,0.49269577860832214,0.6284692287445068,0.12852899730205536,0.38546741008758545,,,,,
realmlp,kpx_group_2,72,0.4624612673565193,0.4296354055404663,0.673732578754425,0.12740951776504517,0.47487467527389526,,,,,
realmlp,kpx_group_3,72,0.5407835410700904,0.5507827997207642,0.5822873115539551,0.15179088711738586,0.31636542081832886,,,,,
realmlp,all,73,0.49601434888663115,0.48040175437927246,0.6354976296424866,0.14171583950519562,0.4127110242843628,0.5385793414380815,0.2837666079953865,0.24717243015766144,0.0,
realmlp,kpx_group_1,73,0.4899451329752251,0.4909791350364685,0.6347764730453491,0.1282726228237152,0.39782553911209106,,,,,
realmlp,kpx_group_2,73,0.4624994954577199,0.42620036005973816,0.6740109920501709,0.13323570787906647,0.4812576472759247,,,,,
realmlp,kpx_group_3,73,0.535598419882633,0.5240256786346436,0.5977053642272949,0.16363921761512756,0.35904988646507263,,,,,
realmlp,all,74,0.4935324396248217,0.4817347526550293,0.6338489651679993,0.13928578794002533,0.40698370337486267,0.5353434924726133,0.2787403191129367,0.24700897932052612,0.0,
realmlp,kpx_group_1,74,0.4796190565382993,0.48825106024742126,0.6361653208732605,0.12785781919956207,0.4001884162425995,,,,,
realmlp,kpx_group_2,74,0.45721333335947106,0.42594850063323975,0.6745164394378662,0.1322682499885559,0.48130106925964355,,,,,
realmlp,kpx_group_3,74,0.5437649212501667,0.5310046076774597,0.5908651351928711,0.1577313393354416,0.3394615650177002,,,,,
realmlp,all,75,0.4888519490206683,0.4852333962917328,0.6332681179046631,0.13803397119045258,0.40457019209861755,0.5306202107005649,0.2784550554222531,0.24745626747608185,0.0,
realmlp,kpx_group_1,75,0.47893532227586816,0.4972141981124878,0.6294944882392883,0.12846393883228302,0.3874529302120209,,,,,
realmlp,kpx_group_2,75,0.45659262824941566,0.4286082684993744,0.6737111210823059,0.1300603449344635,0.47748255729675293,,,,,
realmlp,kpx_group_3,75,0.5310278992961954,0.5298777222633362,0.5965986847877502,0.1555776447057724,0.34877505898475647,,,,,
realmlp,all,76,0.4800313578711616,0.4947625696659088,0.6243489384651184,0.1388230174779892,0.3875209391117096,0.5211009929577509,0.27379749439380785,0.2480076402425766,0.0,
realmlp,kpx_group_1,76,0.47373584299175825,0.4967777729034424,0.6273406744003296,0.12969209253787994,0.38437339663505554,,,,,
realmlp,kpx_group_2,76,0.4463230614308958,0.4353686571121216,0.6676842570304871,0.1306324303150177,0.4660009443759918,,,,,
realmlp,kpx_group_3,76,0.5200351879552558,0.5521411895751953,0.5780220031738281,0.15614452958106995,0.3121884763240814,,,,,
realmlp,all,77,0.47701935194156786,0.48952826857566833,0.6288031935691833,0.1376802921295166,0.3952867090702057,0.5181352468552413,0.2741059500862051,0.24761204421520233,0.0,
realmlp,kpx_group_1,77,0.46987450729917596,0.48474621772766113,0.6334471702575684,0.13008402287960052,0.39697834849357605,,,,,
realmlp,kpx_group_2,77,0.44415939902817764,0.43549445271492004,0.6677993535995483,0.1299036145210266,0.4655023515224457,,,,,
realmlp,kpx_group_3,77,0.5170241450821912,0.5483441948890686,0.5851631164550781,0.15305323898792267,0.3233794569969177,,,,,
realmlp,all,78,0.4719827136507741,0.48640474677085876,0.6302054524421692,0.14055681228637695,0.4009678065776825,0.5124869484592367,0.2700282252497143,0.25036171078681946,0.0,
realmlp,kpx_group_1,78,0.4643788127987473,0.5019464492797852,0.6236377954483032,0.1289258599281311,0.3762015104293823,,,,,
realmlp,kpx_group_2,78,0.44164106084240806,0.429477721452713,0.6716762781143188,0.13243694603443146,0.47578945755958557,,,,,
realmlp,kpx_group_3,78,0.5099282761414846,0.5277900099754333,0.595302402973175,0.1603076457977295,0.3509124219417572,,,,,
realmlp,all,79,0.46665687417542495,0.4867144525051117,0.6303362250328064,0.13952888548374176,0.4002012312412262,0.5067859534864072,0.2675272024891995,0.2485598474740982,0.0,
realmlp,kpx_group_1,79,0.4608588180056325,0.49565720558166504,0.6290897130966187,0.1299280971288681,0.3881074786186218,,,,,
realmlp,kpx_group_2,79,0.4368265690626921,0.432178258895874,0.6694577932357788,0.13054107129573822,0.46945664286613464,,,,,
realmlp,kpx_group_3,79,0.5022852376655296,0.5323076844215393,0.5924610495567322,0.15811745822429657,0.34303954243659973,,,,,
realmlp,all,80,0.46119732271741937,0.4866165220737457,0.6318630576133728,0.13864819705486298,0.40237435698509216,0.5012771305110719,0.26719871356531427,0.2505106031894684,0.0,
realmlp,kpx_group_1,80,0.4562985196157738,0.49678102135658264,0.6292647123336792,0.1294315755367279,0.3879609704017639,,,,,
realmlp,kpx_group_2,80,0.43345286669554534,0.42576828598976135,0.67667555809021,0.1308109164237976,0.48416197299957275,,,,,
realmlp,kpx_group_3,80,0.49384057411441096,0.5373002290725708,0.5896490216255188,0.15570209920406342,0.3350001871585846,,,,,
realmlp,all,81,0.4569943591400429,0.4939483106136322,0.6270656585693359,0.13863611221313477,0.39276745915412903,0.49683060303882315,0.26557495693365735,0.2513217031955719,0.0,
realmlp,kpx_group_1,81,0.45228130453162724,0.49950847029685974,0.6259928345680237,0.1300213783979416,0.38200709223747253,,,,,
realmlp,kpx_group_2,81,0.42876422626000865,0.4357190728187561,0.6716023087501526,0.13184645771980286,0.47505101561546326,,,,,
realmlp,kpx_group_3,81,0.4899375565626003,0.5466173887252808,0.5836019515991211,0.15404051542282104,0.32124438881874084,,,,,
realmlp,all,82,0.4496383429677398,0.4912247359752655,0.6276352405548096,0.13977383077144623,0.39504432678222656,0.48928894378520826,0.26433732277817196,0.2502724230289459,0.0,
realmlp,kpx_group_1,82,0.446557836400138,0.49846693873405457,0.6253812313079834,0.13118217885494232,0.3819447159767151,,,,,
realmlp,kpx_group_2,82,0.4250927197712439,0.43177151679992676,0.6717368364334106,0.13219310343265533,0.47566676139831543,,,,,
realmlp,kpx_group_3,82,0.47726449260005244,0.5434357523918152,0.5857876539230347,0.15594616532325745,0.32752150297164917,,,,,
realmlp,all,83,0.4458522868377191,0.4906754493713379,0.6293999552726746,0.1382264494895935,0.39702630043029785,0.4852090698701364,0.2623785303698646,0.24736429750919342,0.0,
realmlp,kpx_group_1,83,0.4428649252211606,0.49879857897758484,0.6271622180938721,0.13047368824481964,0.38479816913604736,,,,,
realmlp,kpx_group_2,83,0.41874418766410265,0.4316038489341736,0.6722008585929871,0.12935972213745117,0.4737614393234253,,,,,
realmlp,kpx_group_3,83,0.47594774707599924,0.5416238307952881,0.588836669921875,0.15484590828418732,0.3325192630290985,,,,,
realmlp,all,84,0.44294476067578353,0.48951783776283264,0.6283113956451416,0.13961225748062134,0.39623498916625977,0.482003351604497,0.2603906108825295,0.250032514333725,0.0,
realmlp,kpx_group_1,84,0.44002564196233396,0.49986928701400757,0.625637412071228,0.13025227189064026,0.38152700662612915,,,,,
realmlp,kpx_group_2,84,0.4158693552017212,0.43286341428756714,0.6710109710693359,0.13098357617855072,0.4730055630207062,,,,,
realmlp,kpx_group_3,84,0.4729392815519262,0.5358207821846008,0.5882857441902161,0.15760087966918945,0.3341723382472992,,,,,
realmlp,all,85,0.43859705604888777,0.4903635084629059,0.6277808547019958,0.13990820944309235,0.39546993374824524,0.4775083914951042,0.25940888430233355,0.25045040249824524,0.0,
realmlp,kpx_group_1,85,0.43793360944147464,0.49975550174713135,0.623440146446228,0.13040664792060852,0.3772868812084198,,,,,
realmlp,kpx_group_2,85,0.41144547307932816,0.4337095022201538,0.671093225479126,0.13138261437416077,0.4735690653324127,,,,,
realmlp,kpx_group_3,85,0.466412095008073,0.5376254320144653,0.5888092517852783,0.15793532133102417,0.3355538845062256,,,,,
realmlp,all,86,0.4348075583025261,0.4884467124938965,0.6297737956047058,0.13973338901996613,0.39928099513053894,0.4735321430144487,0.2581639314691226,0.24957650899887085,0.0,
realmlp,kpx_group_1,86,0.43571947183873916,0.49835050106048584,0.6266369819641113,0.12998245656490326,0.3832564353942871,,,,,
realmlp,kpx_group_2,86,0.41068352317368545,0.43189093470573425,0.672960102558136,0.13090278208255768,0.47682300209999084,,,,,
realmlp,kpx_group_3,86,0.458019667201572,0.5350985527038574,0.5897243022918701,0.15831495821475983,0.33776354789733887,,,,,
realmlp,all,87,0.43550807072056663,0.4840841591358185,0.6331071257591248,0.13988520205020905,0.40609946846961975,0.4740122589800093,0.2566946088163941,0.25017213821411133,0.0,
realmlp,kpx_group_1,87,0.43520225805264934,0.4919983148574829,0.631924033164978,0.13027434051036835,0.394122451543808,,,,,
realmlp,kpx_group_2,87,0.4078417917092641,0.43089693784713745,0.6729587912559509,0.13095110654830933,0.4768686890602112,,,,,
realmlp,kpx_group_3,87,0.4634801557770482,0.5293572545051575,0.5944385528564453,0.15843021869659424,0.34730735421180725,,,,,
realmlp,all,88,0.4285927707398379,0.48839640617370605,0.629383385181427,0.1394038200378418,0.39817067980766296,0.46711065261452284,0.2567858798084436,0.25070738792419434,0.0,
realmlp,kpx_group_1,88,0.4306260899261192,0.4935859441757202,0.6319701671600342,0.13030007481575012,0.3942403793334961,,,,,
realmlp,kpx_group_2,88,0.4046659701400333,0.4357168674468994,0.6682450175285339,0.13197463750839233,0.4684647023677826,,,,,
realmlp,kpx_group_3,88,0.45048624332304354,0.535886287689209,0.587935209274292,0.15593673288822174,0.33180707693099976,,,,,
realmlp,all,89,0.428874166475402,0.49067118763923645,0.6272274851799011,0.13902081549167633,0.393475741147995,0.4672112873306981,0.2555807817865301,0.2512218654155731,0.0,
realmlp,kpx_group_1,89,0.4295690881985205,0.4999794065952301,0.6244632005691528,0.13060586154460907,0.3795322775840759,,,,,
realmlp,kpx_group_2,89,0.4081386841005749,0.43574750423431396,0.6681592464447021,0.13074398040771484,0.4670625329017639,,,,,
realmlp,kpx_group_3,89,0.4489147453396409,0.5362866520881653,0.5890599489212036,0.1557125598192215,0.33383238315582275,,,,,
realmlp,all,90,0.4272848268349965,0.49151501059532166,0.6280069947242737,0.13910409808158875,0.39511802792549133,0.46558070017231834,0.25530580762359834,0.25129106640815735,0.0,
realmlp,kpx_group_1,90,0.42911190456814235,0.5001847743988037,0.6245678067207336,0.13070417940616608,0.37983977794647217,,,,,
realmlp,kpx_group_2,90,0.4032674840203038,0.43638309836387634,0.6689584851264954,0.13090096414089203,0.46881794929504395,,,,,
realmlp,kpx_group_3,90,0.44947508970896405,0.5379770398139954,0.5904946327209473,0.15570715069770813,0.33669641613960266,,,,,
realmlp,all,91,0.4258600042925941,0.4906814992427826,0.627331018447876,0.1392521858215332,0.39391425251960754,0.46421836095827596,0.25572234612924083,0.25095370411872864,0.0,
realmlp,kpx_group_1,91,0.4276689953274197,0.4993599057197571,0.6248816251754761,0.13062000274658203,0.38038331270217896,,,,,
realmlp,kpx_group_2,91,0.4020844515826967,0.4352204203605652,0.6694999933242798,0.1307331919670105,0.46973317861557007,,,,,
realmlp,kpx_group_3,91,0.44782655824113776,0.5374640226364136,0.5876114368438721,0.15640339255332947,0.33162635564804077,,,,,
realmlp,all,92,0.4258546641579381,0.490363746881485,0.6286177039146423,0.13944518566131592,0.3966805934906006,0.4641022913985782,0.2549841972412886,0.251028448343277,0.0,
realmlp,kpx_group_1,92,0.4286010044592398,0.4990121126174927,0.6251102685928345,0.130668506026268,0.38088902831077576,,,,,
realmlp,kpx_group_2,92,0.4030114186030847,0.4349551796913147,0.6713247895240784,0.13104377686977386,0.4736933708190918,,,,,
realmlp,kpx_group_3,92,0.4459515523027491,0.53712397813797,0.5894180536270142,0.1566232591867447,0.3354594111442566,,,,,
realmlp,all,93,0.4248720639281803,0.49052610993385315,0.6284134387969971,0.13938376307487488,0.39621058106422424,0.46304125366387544,0.2544612683079861,0.2510698139667511,0.0,
realmlp,kpx_group_1,93,0.4265728427304162,0.49898767471313477,0.6251068115234375,0.13066783547401428,0.38088148832321167,,,,,
realmlp,kpx_group_2,93,0.4016265157196257,0.43506109714508057,0.6713179349899292,0.1310575008392334,0.4736933708190918,,,,,
realmlp,kpx_group_3,93,0.4464168261598658,0.5375295281410217,0.5888155102729797,0.15642592310905457,0.3340569734573364,,,,,
realmlp,all,94,0.4254524227645662,0.4905225932598114,0.6284292340278625,0.13937893509864807,0.39623746275901794,0.4637647232523671,0.25541533640137426,0.25106939673423767,0.0,
realmlp,kpx_group_1,94,0.4292557156748242,0.4989154636859894,0.6251076459884644,0.13066619634628296,0.38088148832321167,,,,,
realmlp,kpx_group_2,94,0.4019218158942682,0.4350779354572296,0.6713181734085083,0.13105694949626923,0.4736933708190918,,,,,
realmlp,kpx_group_3,94,0.4451797223753399,0.537574291229248,0.5888619422912598,0.15641365945339203,0.334137499332428,,,,,
realmlp,all,95,0.42593840371679376,0.49039506912231445,0.6285911202430725,0.13932959735393524,0.39651188254356384,0.4642008774810367,0.2550831737893599,0.25101301074028015,0.0,
realmlp,kpx_group_1,95,0.4279287584401943,0.4983517527580261,0.6255506873130798,0.13064593076705933,0.3817473351955414,,,,,
realmlp,kpx_group_2,95,0.40207793480820125,0.43505334854125977,0.6713493466377258,0.13099466264247894,0.4736933708190918,,,,,
realmlp,kpx_group_3,95,0.44780849582619137,0.5377801060676575,0.5888733267784119,0.15634819865226746,0.33409491181373596,,,,,
realmlp,all,96,0.42473819686306846,0.4915071427822113,0.6273309588432312,0.13896925747394562,0.39363107085227966,0.4629553109407425,0.25478075720645765,0.25107115507125854,0.0,
realmlp,kpx_group_1,96,0.428391816439452,0.5006918907165527,0.6243516206741333,0.13062873482704163,0.37933194637298584,,,,,
realmlp,kpx_group_2,96,0.40178152090973324,0.4356749653816223,0.6680687665939331,0.13055752217769623,0.46669507026672363,,,,,
realmlp,kpx_group_3,96,0.4440412504805459,0.5381544828414917,0.5895723104476929,0.155721515417099,0.3348662257194519,,,,,
realmlp,all,97,0.4252429957743044,0.4895617961883545,0.6293594241142273,0.13927505910396576,0.39799392223358154,0.46340597779662523,0.2544198356292866,0.2510446012020111,0.0,
realmlp,kpx_group_1,97,0.42652579534936835,0.49677473306655884,0.627627432346344,0.13055986166000366,0.38581472635269165,,,,,
realmlp,kpx_group_2,97,0.40254302102106587,0.43504470586776733,0.6705971956253052,0.1312723606824875,0.4724668264389038,,,,,
realmlp,kpx_group_3,97,0.4466601786790071,0.5368658304214478,0.5898536443710327,0.15599292516708374,0.33570027351379395,,,,,
realmlp,all,98,0.4255194973062586,0.49047255516052246,0.6280890107154846,0.13920937478542328,0.3953873813152313,0.46374289801827184,0.2548226515452067,0.25083744525909424,0.0,
realmlp,kpx_group_1,98,0.42795725608313523,0.4988462030887604,0.6248558759689331,0.13048407435417175,0.38019588589668274,,,,,
realmlp,kpx_group_2,98,0.4016046203948833,0.4341239035129547,0.6707583665847778,0.13139431178569794,0.47291111946105957,,,,,
realmlp,kpx_group_3,98,0.4469966231672852,0.5384474992752075,0.5886526703834534,0.15574976801872253,0.33305513858795166,,,,,
realmlp,all,99,0.42637690405050915,0.49195608496665955,0.6271832585334778,0.1390102654695511,0.39337682723999023,0.4646123951231992,0.2549032861435855,0.25050774216651917,0.0,
realmlp,kpx_group_1,99,0.4284225304921468,0.4997907876968384,0.6250264048576355,0.130643829703331,0.3806966543197632,,,,,
realmlp,kpx_group_2,99,0.4031215657790502,0.4353378117084503,0.6691293716430664,0.13014699518680573,0.46840566396713257,,,,,
realmlp,kpx_group_3,99,0.447586621399279,0.5407396554946899,0.587394118309021,0.15623997151851654,0.3310282528400421,,,,,
realmlp,all,100,0.42712377729239287,0.49060535430908203,0.6279823780059814,0.13927526772022247,0.39524003863334656,0.4653399415590145,0.2547744507039035,0.2507660984992981,0.0,
realmlp,kpx_group_1,100,0.42909697305273126,0.4997878670692444,0.6253340244293213,0.1305331587791443,0.38120123744010925,,,,,
realmlp,kpx_group_2,100,0.4040503568119473,0.43579810857772827,0.6700839400291443,0.130709707736969,0.47087758779525757,,,,,
realmlp,kpx_group_3,100,0.4482240042200795,0.5362301468849182,0.5885292291641235,0.15658293664455414,0.33364138007164,,,,,
realmlp,all,101,0.42676324204162314,0.49026572704315186,0.6271962523460388,0.1390017569065094,0.39339423179626465,0.46502121399950097,0.25505313498002513,0.25140395760536194,0.0,
realmlp,kpx_group_1,101,0.42809514149471567,0.5006577968597412,0.6252409815788269,0.13035669922828674,0.38083866238594055,,,,,
realmlp,kpx_group_2,101,0.4039498860085452,0.4332900643348694,0.6694228649139404,0.12991712987422943,0.46876290440559387,,,,,
realmlp,kpx_group_3,101,0.4482446919988703,0.5368492007255554,0.5869248509407043,0.15673142671585083,0.3305811583995819,,,,,
realmlp,all,102,0.427298277064606,0.4947126805782318,0.6247756481170654,0.13910560309886932,0.3886568546295166,0.46553099652131397,0.2548847670356433,0.25112074613571167,0.0,
realmlp,kpx_group_1,102,0.4275539379428934,0.5058100819587708,0.6212759017944336,0.13091368973255157,0.37346547842025757,,,,,
realmlp,kpx_group_2,102,0.403598983530645,0.4385751187801361,0.6654739379882812,0.13134969770908356,0.46229755878448486,,,,,
realmlp,kpx_group_3,102,0.4507418992342772,0.5397529006004333,0.5875771045684814,0.15505343675613403,0.3302076458930969,,,,,
realmlp,all,103,0.4288495381673177,0.4937063157558441,0.6272323131561279,0.1387842297554016,0.39324888586997986,0.4671584853419551,0.25539299735316523,0.25117072463035583,0.0,
realmlp,kpx_group_1,103,0.4318989669835126,0.5022821426391602,0.6257367730140686,0.13041147589683533,0.3818850517272949,,,,,
realmlp,kpx_group_2,103,0.40460687268663337,0.4346209764480591,0.6687062978744507,0.1308741718530655,0.4682866930961609,,,,,
realmlp,kpx_group_3,103,0.4500427836621249,0.5442157983779907,0.5872539281845093,0.15506704151630402,0.32957494258880615,,,,,
realmlp,all,104,0.42953974781212984,0.48990654945373535,0.6269043684005737,0.13906417787075043,0.3928728997707367,0.46782164717162095,0.2552127167582512,0.25338268280029297,0.0,
realmlp,kpx_group_1,104,0.431570279929373,0.49402332305908203,0.6267791390419006,0.13094960153102875,0.3845079243183136,,,,,
realmlp,kpx_group_2,104,0.4068686901419251,0.43850862979888916,0.6656931042671204,0.13084787130355835,0.4622340500354767,,,,,
realmlp,kpx_group_3,104,0.4501802623271942,0.5371878147125244,0.5882408618927002,0.1553950160741806,0.3318767547607422,,,,,
realmlp,all,105,0.42913421657350326,0.4987528324127197,0.6220122575759888,0.1393517404794693,0.38337627053260803,0.4675566879687486,0.2561498220871996,0.2517749071121216,0.0,
realmlp,kpx_group_1,105,0.43173844394860444,0.5117859244346619,0.6167358756065369,0.13163326680660248,0.365105003118515,,,,,
realmlp,kpx_group_2,105,0.40502687516035857,0.43951502442359924,0.664986789226532,0.13100402057170868,0.46097758412361145,,,,,
realmlp,kpx_group_3,105,0.4506373295077571,0.5449574589729309,0.5843141078948975,0.15541793406009674,0.32404619455337524,,,,,
realmlp,all,106,0.43026457837334386,0.4900953471660614,0.6278519034385681,0.1394805908203125,0.39518439769744873,0.46877739716459205,0.2567520859064879,0.2519108057022095,0.0,
realmlp,kpx_group_1,106,0.4313898671556402,0.49781882762908936,0.6274077892303467,0.13005900382995605,0.3848745822906494,,,,,
realmlp,kpx_group_2,106,0.40686271367249666,0.43178945779800415,0.6711509227752686,0.12919045984745026,0.47149229049682617,,,,,
realmlp,kpx_group_3,106,0.45254115594757927,0.5406777858734131,0.5849970579147339,0.1591923087835312,0.32918646931648254,,,,,
realmlp,all,107,0.4309958158819764,0.493213415145874,0.6265707015991211,0.139118492603302,0.3922598659992218,0.46926062692094733,0.2550987590242315,0.25228598713874817,0.0,
realmlp,kpx_group_1,107,0.43378855453597176,0.4987424314022064,0.6253997087478638,0.13096767663955688,0.3817671537399292,,,,,
realmlp,kpx_group_2,107,0.40736378067069584,0.43792277574539185,0.6682500839233398,0.13076497614383698,0.46726515889167786,,,,,
realmlp,kpx_group_3,107,0.45183512458094843,0.5429749488830566,0.5860623121261597,0.15562276542186737,0.3277473449707031,,,,,
realmlp,all,108,0.4338951911087389,0.49295854568481445,0.6269585490226746,0.13906578719615936,0.3929828107357025,0.47238139311472577,0.2565747262151153,0.2527898848056793,0.0,
realmlp,kpx_group_1,108,0.4354182857054251,0.5047194361686707,0.622927188873291,0.13100644946098328,0.3768607974052429,,,,,
realmlp,kpx_group_2,108,0.4091588490539127,0.43280231952667236,0.6710872650146484,0.13054977357387543,0.4727243483066559,,,,,
realmlp,kpx_group_3,108,0.4571084247695075,0.541353702545166,0.5868610739707947,0.1556411236524582,0.32936328649520874,,,,,
realmlp,all,109,0.43407215729907705,0.4868446886539459,0.6302503347396851,0.1405269056558609,0.40102753043174744,0.4724586170028757,0.25590970146435277,0.24988357722759247,0.0,
realmlp,kpx_group_1,109,0.43502406665572413,0.49378377199172974,0.6279909610748291,0.1311168521642685,0.3870987296104431,,,,,
realmlp,kpx_group_2,109,0.4100719955232408,0.4332139194011688,0.6719726324081421,0.13069044053554535,0.4746357798576355,,,,,
realmlp,kpx_group_3,109,0.45712042185995316,0.5335363745689392,0.5907872915267944,0.15977345407009125,0.34134799242019653,,,,,
realmlp,all,110,0.4334952544282984,0.48998650908470154,0.6278679370880127,0.1386251002550125,0.3943609893321991,0.4719749948492757,0.2565316108089906,0.249623104929924,0.0,
realmlp,kpx_group_1,110,0.43226134335553207,0.49442213773727417,0.6266957521438599,0.12987273931503296,0.3832641839981079,,,,,
realmlp,kpx_group_2,110,0.4084459145863851,0.4342411458492279,0.6706249713897705,0.13087759912014008,0.47212761640548706,,,,,
realmlp,kpx_group_3,110,0.45977850037592427,0.5412962436676025,0.5862830877304077,0.15512493252754211,0.32769107818603516,,,,,
realmlp,all,111,0.4356534994310803,0.49027204513549805,0.6287490725517273,0.14025186002254486,0.3977499306201935,0.47395022379027474,0.25531145378395365,0.2508639991283417,0.0,
realmlp,kpx_group_1,111,0.43420659557536795,0.49991756677627563,0.6247234344482422,0.1312270611524582,0.380673885345459,,,,,
realmlp,kpx_group_2,111,0.412450408494031,0.4284436106681824,0.6723122596740723,0.13320602476596832,0.47783058881759644,,,,,
realmlp,kpx_group_3,111,0.46030350195036995,0.5424548387527466,0.5892114639282227,0.15632249414920807,0.3347454071044922,,,,,
realmlp,all,112,0.43853483100732166,0.48983749747276306,0.6288684606552124,0.13994266092777252,0.3976795971393585,0.4769359230995178,0.25600726516158495,0.25136420130729675,0.0,
realmlp,kpx_group_1,112,0.43531968582559516,0.5095568895339966,0.6180813312530518,0.13276633620262146,0.368928998708725,,,,,
realmlp,kpx_group_2,112,0.41124214563104844,0.4336562752723694,0.6698156595230103,0.13166771829128265,0.47129908204078674,,,,,
realmlp,kpx_group_3,112,0.4690426571501626,0.5262991786003113,0.5987083911895752,0.15539397299289703,0.352810800075531,,,,,
realmlp,all,113,0.4372642691488619,0.4894627034664154,0.6279014348983765,0.14140748977661133,0.39721032977104187,0.47561737343117044,0.25568733198775184,0.2509242296218872,0.0,
realmlp,kpx_group_1,113,0.4365557851614775,0.4990631341934204,0.6259169578552246,0.13189932703971863,0.38373327255249023,,,,,
realmlp,kpx_group_2,113,0.41095787562705854,0.433689683675766,0.6697708964347839,0.13311105966567993,0.4726528227329254,,,,,
realmlp,kpx_group_3,113,0.4642791372758371,0.5356352925300598,0.5880163908004761,0.15921209752559662,0.33524489402770996,,,,,
realmlp,all,114,0.43549774918291306,0.4900754392147064,0.6284605860710144,0.1398804932832718,0.3968016803264618,0.4739666062372702,0.25645901290354906,0.2528119385242462,0.0,
realmlp,kpx_group_1,114,0.43397847369865133,0.49666038155555725,0.6271046996116638,0.1319119930267334,0.38612136244773865,,,,,
realmlp,kpx_group_2,114,0.4140517468805666,0.43169042468070984,0.6701078414916992,0.13180483877658844,0.4720205068588257,,,,,
realmlp,kpx_group_3,114,0.45846303800741833,0.5418754816055298,0.5881692171096802,0.15592467784881592,0.33226317167282104,,,,,
realmlp,all,115,0.43426206045680577,0.4891003668308258,0.6286273002624512,0.1393895000219345,0.39664408564567566,0.472689480693252,0.2561828171213468,0.2556038200855255,0.0,
realmlp,kpx_group_1,115,0.4333096808857388,0.49449002742767334,0.6262986660003662,0.13111340999603271,0.38371071219444275,,,,,
realmlp,kpx_group_2,115,0.40944897742183123,0.43287891149520874,0.6701366901397705,0.13303759694099426,0.4733109772205353,,,,,
realmlp,kpx_group_3,115,0.460027528029901,0.5399322509765625,0.5894465446472168,0.15401744842529297,0.33291059732437134,,,,,
realmlp,all,116,0.4346932465279544,0.48542284965515137,0.6324505805969238,0.14015404880046844,0.4050551950931549,0.47303031881650287,0.2555804404395598,0.24992245435714722,0.0,
realmlp,kpx_group_1,116,0.4334769094431842,0.499568372964859,0.6248117089271545,0.13128866255283356,0.38091203570365906,,,,,
realmlp,kpx_group_2,116,0.4105595162621251,0.43599677085876465,0.6697074770927429,0.13034750521183014,0.4697624742984772,,,,,
realmlp,kpx_group_3,116,0.4600433271240305,0.5207034349441528,0.602832555770874,0.15882597863674164,0.36449116468429565,,,,,
realmlp,all,117,0.43603156231067797,0.4990432560443878,0.6227098703384399,0.14096657931804657,0.3863863945007324,0.4744806918832991,0.25632751484711963,0.25245201587677,0.0,
realmlp,kpx_group_1,117,0.4326184667922832,0.5238288640975952,0.6096068024635315,0.13345862925052643,0.3526722192764282,,,,,
realmlp,kpx_group_2,117,0.4113747179508209,0.4370672106742859,0.6682600975036621,0.13366983830928802,0.4701901078224182,,,,,
realmlp,kpx_group_3,117,0.46410150660408866,0.53623366355896,0.590262770652771,0.15577127039432526,0.33629679679870605,,,,,
realmlp,all,118,0.43744572665956283,0.48621129989624023,0.6311769485473633,0.1405196338891983,0.40287351608276367,0.4757370027127089,0.2552751722159209,0.24950380623340607,0.0,
realmlp,kpx_group_1,118,0.43609312176704407,0.49615395069122314,0.6269161701202393,0.13116464018821716,0.38499704003334045,,,,,
realmlp,kpx_group_2,118,0.4106987223581032,0.43065908551216125,0.6737123131752014,0.1331249624490738,0.48054954409599304,,,,,
realmlp,kpx_group_3,118,0.46554532923080305,0.5318208932876587,0.5929024815559387,0.15726925432682037,0.34307417273521423,,,,,
realmlp,all,119,0.43670517206192017,0.4863528907299042,0.6328787207603455,0.13844870030879974,0.40420615673065186,0.4748099512524075,0.25403189190008024,0.253034383058548,0.0,
realmlp,kpx_group_1,119,0.4348467152427744,0.4930567145347595,0.6309009790420532,0.13074713945388794,0.392549067735672,,,,,
realmlp,kpx_group_2,119,0.4088466664155324,0.4287232756614685,0.6740655899047852,0.12931853532791138,0.4774496555328369,,,,,
realmlp,kpx_group_3,119,0.4664221295603999,0.5372786521911621,0.5936697125434875,0.15528041124343872,0.3426198363304138,,,,,
realmlp,all,120,0.44221908461164544,0.5004749894142151,0.6216970086097717,0.14121071994304657,0.3846047818660736,0.48049329552385545,0.2551613957793624,0.2527627646923065,0.0,
realmlp,kpx_group_1,120,0.4342985340842494,0.5049346685409546,0.6192023754119873,0.1343061476945877,0.37271082401275635,,,,,
realmlp,kpx_group_2,120,0.41157574786080253,0.4438509941101074,0.6630875468254089,0.132672518491745,0.45884761214256287,,,,,
realmlp,kpx_group_3,120,0.4807829674747255,0.5526393055915833,0.5828012228012085,0.156653493642807,0.32225602865219116,,,,,
realmlp,all,121,0.4398969798176377,0.5090551972389221,0.6157533526420593,0.1395682841539383,0.37107494473457336,0.47777591756096593,0.2525263012007431,0.2511153519153595,0.0,
realmlp,kpx_group_1,121,0.4356820903442524,0.5053616762161255,0.6217729449272156,0.13234680891036987,0.375892698764801,,,,,
realmlp,kpx_group_2,121,0.4122875216934416,0.4398758113384247,0.6655248403549194,0.13084663450717926,0.46189627051353455,,,,,
realmlp,kpx_group_3,121,0.47172131416974244,0.5819283127784729,0.559962272644043,0.15551136434078217,0.2754358947277069,,,,,
realmlp,all,122,0.44043025429602023,0.5025665163993835,0.6179172992706299,0.14060747623443604,0.3764420747756958,0.47846265468332505,0.2535493467692976,0.2524506747722626,0.0,
realmlp,kpx_group_1,122,0.4328880652233406,0.5278181433677673,0.6020568609237671,0.13464610278606415,0.3387598693370819,,,,,
realmlp,kpx_group_2,122,0.41182818953637723,0.4439813792705536,0.6615311503410339,0.13077932596206665,0.4538416564464569,,,,,
realmlp,kpx_group_3,122,0.47657449267528673,0.5358999371528625,0.5901638865470886,0.1563969850540161,0.33672478795051575,,,,,
realmlp,all,123,0.43511556806387724,0.49932408332824707,0.6231244206428528,0.13813437521457672,0.3843832015991211,0.4729710993943391,0.252370211813185,0.2521095275878906,0.0,
realmlp,kpx_group_1,123,0.4299525530249984,0.5124379992485046,0.6170709133148193,0.13139571249485016,0.36553749442100525,,,,,
realmlp,kpx_group_2,123,0.41048228519934193,0.43695566058158875,0.6678407788276672,0.12905742228031158,0.46473896503448486,,,,,
realmlp,kpx_group_3,123,0.4649118643116068,0.5485786199569702,0.5844616293907166,0.15394997596740723,0.32287323474884033,,,,,
realmlp,all,124,0.4350324394526305,0.4948725402355194,0.6252044439315796,0.14172472059726715,0.39213359355926514,0.4725348623814406,0.25001609573761624,0.25741589069366455,0.0,
realmlp,kpx_group_1,124,0.43230325590681146,0.5042945146560669,0.6223394870758057,0.13377466797828674,0.3784535825252533,,,,,
realmlp,kpx_group_2,124,0.4071165378446932,0.43825945258140564,0.663880467414856,0.13553433120250702,0.4632953107357025,,,,,
realmlp,kpx_group_3,124,0.4656775499935503,0.5420636534690857,0.5893933773040771,0.15586522221565247,0.3346519470214844,,,,,
realmlp,all,125,0.4331492284933726,0.500009298324585,0.6211147904396057,0.1425119787454605,0.3847416341304779,0.47029372884167564,0.24762999597522947,0.25836965441703796,0.0,
realmlp,kpx_group_1,125,0.4295716914865706,0.5231095552444458,0.6086601614952087,0.13518275320529938,0.35250309109687805,,,,,
realmlp,kpx_group_2,125,0.4080094446738561,0.43910691142082214,0.6646920442581177,0.13181479275226593,0.4611988961696625,,,,,
realmlp,kpx_group_3,125,0.46186655207916544,0.5378114581108093,0.589992344379425,0.16053839027881622,0.34052303433418274,,,,,
realmlp,all,126,0.434356732500924,0.4942356050014496,0.6255977749824524,0.1396910697221756,0.39088669419288635,0.4721488235173402,0.2519472473197513,0.25441160798072815,0.0,
realmlp,kpx_group_1,126,0.42792573350447194,0.49353906512260437,0.6274510622024536,0.1328343152999878,0.3877364993095398,,,,,
realmlp,kpx_group_2,126,0.40560496350129444,0.4373776912689209,0.6672558188438416,0.13308371603488922,0.4675953686237335,,,,,
realmlp,kpx_group_3,126,0.46953951429437707,0.5517899990081787,0.5820865035057068,0.15315517783164978,0.31732824444770813,,,,,
realmlp,all,127,0.43508964666613825,0.509031355381012,0.6148006319999695,0.1402256041765213,0.3698267638683319,0.47230356710928456,0.24809278106247937,0.2527312934398651,0.0,
realmlp,kpx_group_1,127,0.42720350843888744,0.5319079756736755,0.5987465977668762,0.1352130025625229,0.33270618319511414,,,,,
realmlp,kpx_group_2,127,0.4105333569977019,0.44311055541038513,0.6630324721336365,0.1325446516275406,0.45860958099365234,,,,,
realmlp,kpx_group_3,127,0.46753208173645866,0.5520755052566528,0.5826227068901062,0.15291914343833923,0.31816455721855164,,,,,
realmlp,all,128,0.4330804381105635,0.48924216628074646,0.631321370601654,0.13908161222934723,0.4017244279384613,0.4700350005317617,0.24636371268166435,0.25177884101867676,0.0,
realmlp,kpx_group_1,128,0.4274943818648656,0.4943341314792633,0.630393922328949,0.13296744227409363,0.39375534653663635,,,,,
realmlp,kpx_group_2,128,0.4041713106411475,0.43412479758262634,0.6699298620223999,0.13158570230007172,0.47144538164138794,,,,,
realmlp,kpx_group_3,128,0.4675756306559951,0.5392675399780273,0.5936404466629028,0.15269170701503754,0.3399726450443268,,,,,
realmlp,all,129,0.4266821714463057,0.4947752058506012,0.626471996307373,0.13937406241893768,0.3923180103302002,0.46345418912393077,0.24514679527944988,0.2530939280986786,0.0,
realmlp,kpx_group_1,129,0.4227559544422008,0.5096422433853149,0.6175329685211182,0.13213063776493073,0.36719655990600586,,,,,
realmlp,kpx_group_2,129,0.39766812158955467,0.43687355518341064,0.6705377697944641,0.13079716265201569,0.4718726873397827,,,,,
realmlp,kpx_group_3,129,0.4596224454817949,0.5378099083900452,0.5913452506065369,0.15519432723522186,0.3378848433494568,,,,,
realmlp,all,130,0.4203816056251526,0.49294137954711914,0.6278321146965027,0.13893498480319977,0.3945991098880768,0.4567782133817673,0.24264402935902277,0.2519087493419647,0.0,
realmlp,kpx_group_1,130,0.41655800463976683,0.4947200417518616,0.6268413066864014,0.1329568326473236,0.3866395354270935,,,,,
realmlp,kpx_group_2,130,0.39633820123142666,0.4353145956993103,0.6693973541259766,0.130853071808815,0.46964773535728455,,,,,
realmlp,kpx_group_3,130,0.4482485961031031,0.5487895607948303,0.5872575044631958,0.1529950350522995,0.32751011848449707,,,,,
realmlp,all,131,0.4240794336354291,0.4917166531085968,0.6278519630432129,0.14001888036727905,0.3957228362560272,0.46040067187062017,0.24214158483125545,0.2527298033237457,0.0,
realmlp,kpx_group_1,131,0.4165163122945362,0.4948264956474304,0.6271818280220032,0.13313747942447662,0.3875011205673218,,,,,
realmlp,kpx_group_2,131,0.39587840769026017,0.4373672306537628,0.668963611125946,0.13227950036525726,0.47020673751831055,,,,,
realmlp,kpx_group_3,131,0.45984357926580643,0.5429562926292419,0.5874105095863342,0.15463963150978088,0.32946059107780457,,,,,
realmlp,all,132,0.42293765037148084,0.5031989812850952,0.6221473813056946,0.13932771980762482,0.38362252712249756,0.45902979870637256,0.24061429721337776,0.25304102897644043,0.0,
realmlp,kpx_group_1,132,0.4167760947236308,0.5325883626937866,0.6020580530166626,0.1343061625957489,0.3384222686290741,,,,,
realmlp,kpx_group_2,132,0.3950029506727501,0.4409011900424957,0.6689785718917847,0.13019821047782898,0.4681553542613983,,,,,
realmlp,kpx_group_3,132,0.4570338946801645,0.5361073017120361,0.5954055786132812,0.15347878634929657,0.34428995847702026,,,,,
realmlp,all,133,0.4145236727264192,0.5084893107414246,0.6168553233146667,0.13961005210876465,0.37332069873809814,0.45031221873230404,0.2385902719365226,0.2574370205402374,0.0,
realmlp,kpx_group_1,133,0.4113574397784692,0.516035795211792,0.6144565343856812,0.13374848663806915,0.36266160011291504,,,,,
realmlp,kpx_group_2,133,0.3859744259604701,0.4449411630630493,0.6630440354347229,0.13143786787986755,0.45752599835395813,,,,,
realmlp,kpx_group_3,133,0.4462391651339001,0.5644909143447876,0.5730653405189514,0.15364383161067963,0.29977449774742126,,,,,
realmlp,all,134,0.4101244840357039,0.5027371048927307,0.620149552822113,0.14008887112140656,0.38038793206214905,0.4454788852621008,0.23569601360294554,0.2591896951198578,0.0,
realmlp,kpx_group_1,134,0.40975638782536544,0.5176661610603333,0.6123689413070679,0.1329783797264099,0.35771629214286804,,,,,
realmlp,kpx_group_2,134,0.38670462480297796,0.44047316908836365,0.6667971611022949,0.13177020847797394,0.465364545583725,,,,,
realmlp,kpx_group_3,134,0.4339124345117145,0.5500720739364624,0.5812824964523315,0.1555180698633194,0.3180830180644989,,,,,
realmlp,all,135,0.4084709805470926,0.5044229626655579,0.619347870349884,0.13985364139080048,0.3785492479801178,0.44357027389385084,0.2339952897142481,0.25650492310523987,0.0,
realmlp,kpx_group_1,135,0.40669398727240386,0.5047163963317871,0.6219136118888855,0.13229422271251678,0.376121461391449,,,,,
realmlp,kpx_group_2,135,0.382874243789249,0.4400079846382141,0.6642252802848816,0.1314370483160019,0.45988765358924866,,,,,
realmlp,kpx_group_3,135,0.43584472051373235,0.5685445666313171,0.5719045400619507,0.15582966804504395,0.2996387183666229,,,,,
realmlp,all,136,0.40502746899922687,0.5044009685516357,0.6193430423736572,0.14140842854976654,0.3800945281982422,0.43977180233708135,0.23162888128448417,0.25740402936935425,0.0,
realmlp,kpx_group_1,136,0.4052522623980487,0.5132951140403748,0.6151114702224731,0.1345686912536621,0.3647916913032532,,,,,
realmlp,kpx_group_2,136,0.37999529308742946,0.4445434510707855,0.6624445915222168,0.1331579089164734,0.4580470621585846,,,,,
realmlp,kpx_group_3,136,0.4298348476489385,0.5553643107414246,0.5804731249809265,0.15649870038032532,0.31744492053985596,,,,,
realmlp,all,137,0.4017869267198775,0.5019968152046204,0.6190788149833679,0.14117766916751862,0.37933528423309326,0.43622402957192175,0.22958064631179528,0.25395262241363525,0.0,
realmlp,kpx_group_1,137,0.39765820735030705,0.5170997381210327,0.6124058365821838,0.1346581131219864,0.35946980118751526,,,,,
realmlp,kpx_group_2,137,0.37624503837691414,0.44998452067375183,0.6570045351982117,0.13239598274230957,0.4464050233364105,,,,,
realmlp,kpx_group_3,137,0.4314575393994649,0.5389062166213989,0.5878260731697083,0.1564789116382599,0.332131028175354,,,,,
realmlp,all,138,0.40459307310757814,0.4997667074203491,0.620368242263794,0.14068134129047394,0.381417840719223,0.43884282145235276,0.22833169196490888,0.25760167837142944,0.0,
realmlp,kpx_group_1,138,0.3992479493220647,0.5115195512771606,0.6143627166748047,0.13417799770832062,0.3629034757614136,,,,,
realmlp,kpx_group_2,138,0.3772223597323453,0.44981318712234497,0.6576715707778931,0.13181139528751373,0.44715452194213867,,,,,
realmlp,kpx_group_3,138,0.43730890530127065,0.537967324256897,0.5890704989433289,0.15605463087558746,0.3341955840587616,,,,,
realmlp,all,139,0.4028962171740002,0.5062806606292725,0.6178635954856873,0.1417677104473114,0.3774949312210083,0.43672257165114087,0.22550901742996993,0.2559868395328522,0.0,
realmlp,kpx_group_1,139,0.3957725476335596,0.513159453868866,0.6153593063354492,0.13531383872032166,0.3660324513912201,,,,,
realmlp,kpx_group_2,139,0.3718918004521617,0.45102936029434204,0.6582538485527039,0.13330475986003876,0.4498124420642853,,,,,
realmlp,kpx_group_3,139,0.44102429736543586,0.554652988910675,0.5799777507781982,0.1566845327615738,0.3166400194168091,,,,,
realmlp,all,140,0.3895165318692172,0.5083126425743103,0.6169726848602295,0.14072981476783752,0.3746751546859741,0.4234625498453776,0.2263067372971111,0.26158785820007324,0.0,
realmlp,kpx_group_1,140,0.38897473834179064,0.5176194906234741,0.6125333309173584,0.13446193933486938,0.3595285713672638,,,,,
realmlp,kpx_group_2,140,0.36123694755412916,0.4520595967769623,0.6592149138450623,0.13184139132499695,0.45027124881744385,,,,,
realmlp,kpx_group_3,140,0.41833791854204955,0.5552586913108826,0.5791698098182678,0.15588612854480743,0.3142257034778595,,,,,
realmlp,all,141,0.388161759685587,0.5062928795814514,0.6180591583251953,0.14058689773082733,0.3767052888870239,0.42143274126229463,0.22180656343698502,0.2641359865665436,0.0,
realmlp,kpx_group_1,141,0.3878160262549365,0.5171996355056763,0.6136089563369751,0.13498307764530182,0.36220091581344604,,,,,
realmlp,kpx_group_2,141,0.3608261573093909,0.4458807408809662,0.6603643894195557,0.1324635148048401,0.4531923532485962,,,,,
realmlp,kpx_group_3,141,0.4158430888696953,0.555798351764679,0.5802042484283447,0.15431413054466248,0.31472259759902954,,,,,
realmlp,all,142,0.3821943402290344,0.5011143088340759,0.6204774975776672,0.14067523181438446,0.38163018226623535,0.4153393545636424,0.22096673123262547,0.26273462176322937,0.0,
realmlp,kpx_group_1,142,0.37572754588392043,0.5216904878616333,0.6088241934776306,0.134368434548378,0.352016806602478,,,,,
realmlp,kpx_group_2,142,0.3585908352224915,0.4376756548881531,0.66683030128479,0.1317814588546753,0.46544212102890015,,,,,
realmlp,kpx_group_3,142,0.412264636821217,0.543976902961731,0.5857779383659363,0.1558757871389389,0.32743164896965027,,,,,
realmlp,all,143,0.3727083404858907,0.5088852047920227,0.6158236861228943,0.14128261804580688,0.3729299306869507,0.4050642693484271,0.21570620189110437,0.26783671975135803,0.0,
realmlp,kpx_group_1,143,0.37219172771330233,0.5167186856269836,0.6120235919952393,0.13438865542411804,0.35843589901924133,,,,,
realmlp,kpx_group_2,143,0.3490155753162172,0.45770347118377686,0.652001142501831,0.13367296755313873,0.4376752972602844,,,,,
realmlp,kpx_group_3,143,0.39691770407888627,0.5522335767745972,0.583446204662323,0.15578623116016388,0.3226785957813263,,,,,
realmlp,all,144,0.3714661874152996,0.5046936869621277,0.6175768375396729,0.13970454037189484,0.37485817074775696,0.4033587547364058,0.2126170832801748,0.2571331262588501,0.0,
realmlp,kpx_group_1,144,0.37103998881799205,0.512923002243042,0.6156644821166992,0.13342158496379852,0.36475062370300293,,,,,
realmlp,kpx_group_2,144,0.34372263263773034,0.4498524069786072,0.6587231159210205,0.13024024665355682,0.44768649339675903,,,,,
realmlp,kpx_group_3,144,0.3996359474129147,0.5513056516647339,0.5783429145812988,0.15545175969600677,0.312137633562088,,,,,
realmlp,all,145,0.36388801479781113,0.5117574334144592,0.6125055551528931,0.1411205530166626,0.36613166332244873,0.395188198045448,0.20866784343013056,0.2613111436367035,0.0,
realmlp,kpx_group_1,145,0.36629456833556845,0.5284155011177063,0.6031456589698792,0.13511314988136292,0.34140443801879883,,,,,
realmlp,kpx_group_2,145,0.33708571504663537,0.45502108335494995,0.6533567905426025,0.1324041485786438,0.4391176998615265,,,,,
realmlp,kpx_group_3,145,0.38828377425670624,0.5518357157707214,0.5810142755508423,0.15584439039230347,0.31787288188934326,,,,,
realmlp,all,146,0.35973446512663804,0.5164615511894226,0.6109831929206848,0.14164294302463531,0.3636094331741333,0.3903995194920787,0.2044337143500646,0.26142024993896484,0.0,
realmlp,kpx_group_1,146,0.35955686315342233,0.5256709456443787,0.6071211695671082,0.13578830659389496,0.3500306308269501,,,,,
realmlp,kpx_group_2,146,0.3357351907977351,0.463000625371933,0.6494964361190796,0.13244760036468506,0.43144041299819946,,,,,
realmlp,kpx_group_3,146,0.383911340324967,0.5607131123542786,0.576332151889801,0.15669293701648712,0.30935725569725037,,,,,
realmlp,all,147,0.3539179386915984,0.5071966052055359,0.6151337623596191,0.14074327051639557,0.3710108697414398,0.38437243302663165,0.20302994080163814,0.2613995373249054,0.0,
realmlp,kpx_group_1,147,0.356767933677744,0.523073673248291,0.6057307720184326,0.13406112790107727,0.34552261233329773,,,,,
realmlp,kpx_group_2,147,0.32581329511271584,0.45323047041893005,0.6555483937263489,0.13104507327079773,0.4421418607234955,,,,,
realmlp,kpx_group_3,147,0.37917258894002,0.5452855825424194,0.5841222405433655,0.1571236401796341,0.32536810636520386,,,,,
realmlp,all,148,0.34479372755244925,0.512420654296875,0.6130583882331848,0.1414351463317871,0.3675519526004791,0.37499052396527044,0.2013119826162303,0.2638743817806244,0.0,
realmlp,kpx_group_1,148,0.3466144601504008,0.5274420976638794,0.6050732731819153,0.13460205495357513,0.3447485864162445,,,,,
realmlp,kpx_group_2,148,0.32159282156714686,0.4552067518234253,0.6547114849090576,0.13320523500442505,0.4426281750202179,,,,,
realmlp,kpx_group_3,148,0.3661738904537978,0.5546131134033203,0.5793905258178711,0.15649813413619995,0.31527912616729736,,,,,
realmlp,all,149,0.3360466057503665,0.5148175358772278,0.6120352149009705,0.14102162420749664,0.36509212851524353,0.3653627286354701,0.19544083376725516,0.2714511454105377,0.0,
realmlp,kpx_group_1,149,0.3410496088089766,0.5235447883605957,0.6083896160125732,0.13437743484973907,0.35115671157836914,,,,,
realmlp,kpx_group_2,149,0.3130147059758504,0.46639689803123474,0.6463733911514282,0.13304513692855835,0.42579197883605957,,,,,
realmlp,kpx_group_3,149,0.35407550081058786,0.5545110106468201,0.5813426971435547,0.1556422859430313,0.31832772493362427,,,,,
realmlp,all,150,0.32959458618252363,0.5168456435203552,0.6092954277992249,0.14246544241905212,0.3610563278198242,0.3583040662385799,0.19139650215705237,0.2767343819141388,0.0,
realmlp,kpx_group_1,150,0.33364788360065883,0.5422583222389221,0.5925124883651733,0.13752315938472748,0.3225480914115906,,,,,
realmlp,kpx_group_2,150,0.3092951128880183,0.4593328535556793,0.6521545648574829,0.13298861682415009,0.4372977614402771,,,,,
realmlp,kpx_group_3,150,0.3458407697854219,0.5489457845687866,0.5832192897796631,0.1568845808506012,0.32332316040992737,,,,,
realmlp,all,151,0.3225460565752453,0.5094107985496521,0.6137290596961975,0.14182010293006897,0.36927831172943115,0.35101083472922995,0.18976520443404163,0.2722184360027313,0.0,
realmlp,kpx_group_1,151,0.32538791442358933,0.5246521234512329,0.6055935025215149,0.13508936762809753,0.3462764024734497,,,,,
realmlp,kpx_group_2,151,0.3013765696022246,0.45570722222328186,0.6517999768257141,0.13407592475414276,0.43767592310905457,,,,,
realmlp,kpx_group_3,151,0.3408736851480272,0.5478728413581848,0.5837938785552979,0.156295046210289,0.3238828182220459,,,,,
realmlp,all,152,0.3171101869256408,0.5104026198387146,0.6143289804458618,0.14067645370960236,0.3693344295024872,0.3451712777217229,0.18707390350324135,0.26948466897010803,0.0,
realmlp,kpx_group_1,152,0.31871561650876645,0.5151907205581665,0.6121256351470947,0.1339665800333023,0.35821789503097534,,,,,
realmlp,kpx_group_2,152,0.296244486062615,0.46243104338645935,0.6495826244354248,0.13255184888839722,0.4317171275615692,,,,,
realmlp,kpx_group_3,152,0.33637046096501527,0.5535860061645508,0.5812786817550659,0.15551091730594635,0.318068265914917,,,,,
realmlp,all,153,0.3107426166534424,0.5126298069953918,0.61309814453125,0.14069505035877228,0.36689138412475586,0.33801167982595937,0.18179375595516628,0.2787078619003296,0.0,
realmlp,kpx_group_1,153,0.3121637459154482,0.519440770149231,0.6093502640724182,0.13421593606472015,0.3529164791107178,,,,,
realmlp,kpx_group_2,153,0.2936466457667174,0.4633667767047882,0.6483737230300903,0.13273026049137115,0.4294776916503906,,,,,
realmlp,kpx_group_3,153,0.3264174577262666,0.5550819039344788,0.5815705060958862,0.15513896942138672,0.3182799816131592,,,,,
realmlp,all,154,0.3038818300874145,0.5136495232582092,0.6125552654266357,0.14118008315563202,0.3662905693054199,0.3305579611548671,0.17784087553068442,0.27358928322792053,0.0,
realmlp,kpx_group_1,154,0.3078325600535781,0.5206812024116516,0.6100785732269287,0.1344645917415619,0.3546217978000641,,,,,
realmlp,kpx_group_2,154,0.28166424731413525,0.4592915177345276,0.651041567325592,0.13365484774112701,0.4357379674911499,,,,,
realmlp,kpx_group_3,154,0.32214868289453014,0.5609757900238037,0.5765456557273865,0.15542078018188477,0.3085121214389801,,,,,
realmlp,all,155,0.2947117178528397,0.5178073644638062,0.6091548800468445,0.14236752688884735,0.36067721247673035,0.32075930303997463,0.17365058401116618,0.2789100110530853,0.0,
realmlp,kpx_group_1,155,0.30065733967004,0.533764123916626,0.599117636680603,0.13676537573337555,0.3350006341934204,,,,,
realmlp,kpx_group_2,155,0.2764477812581592,0.4671991467475891,0.6452157497406006,0.13321952521800995,0.4236510396003723,,,,,
realmlp,kpx_group_3,155,0.3070300238000022,0.5524587631225586,0.5831311345100403,0.15711767971515656,0.3233799636363983,,,,,
realmlp,all,156,0.28457898729377323,0.5124070644378662,0.6128907203674316,0.1414884477853775,0.36726999282836914,0.3103759978656416,0.1719800642243138,0.2784775197505951,0.0,
realmlp,kpx_group_1,156,0.2902427696519428,0.5202299952507019,0.6098055243492126,0.13495928049087524,0.3545703589916229,,,,,
realmlp,kpx_group_2,156,0.26823920563415243,0.45834288001060486,0.652174174785614,0.133721724152565,0.43807002902030945,,,,,
realmlp,kpx_group_3,156,0.2952549910103833,0.5586483478546143,0.5766926407814026,0.15578432381153107,0.30916956067085266,,,,,
realmlp,all,157,0.2777674865943414,0.5140242576599121,0.6121365427970886,0.14165489375591278,0.36592793464660645,0.3028033960748602,0.1669060524415087,0.2823614478111267,0.0,
realmlp,kpx_group_1,157,0.28342237571875256,0.5215761065483093,0.6084434986114502,0.13493391871452332,0.35182100534439087,,,,,
realmlp,kpx_group_2,157,0.2627885871463352,0.4634428918361664,0.6491528749465942,0.13338783383369446,0.4316936135292053,,,,,
realmlp,kpx_group_3,157,0.287091501057148,0.5570537447929382,0.5788131952285767,0.15664295852184296,0.3142693340778351,,,,,
realmlp,all,158,0.27068078241966387,0.5129438042640686,0.6125760078430176,0.14109539985656738,0.3662475049495697,0.29523119937490533,0.16366944600034644,0.28051111102104187,0.0,
realmlp,kpx_group_1,158,0.2773472065175021,0.5283450484275818,0.6032978296279907,0.1354299634695053,0.34202563762664795,,,,,
realmlp,kpx_group_2,158,0.2556320332266666,0.4640181362628937,0.6500177979469299,0.13180668652057648,0.43184226751327515,,,,,
realmlp,kpx_group_3,158,0.27906310668698064,0.5464683175086975,0.5844125151634216,0.15604953467845917,0.3248745799064636,,,,,
realmlp,all,159,0.2627200205568914,0.5157123804092407,0.6114967465400696,0.14145205914974213,0.3644455373287201,0.2866154307568515,0.15930273025124161,0.2841760218143463,0.0,
realmlp,kpx_group_1,159,0.2706029674521199,0.5259181261062622,0.6057931780815125,0.1352723389863968,0.3468586802482605,,,,,
realmlp,kpx_group_2,159,0.2461676448583603,0.4559631049633026,0.6543387174606323,0.13313539326190948,0.4418128728866577,,,,,
realmlp,kpx_group_3,159,0.27138945018803634,0.565255880355835,0.574358344078064,0.1559484452009201,0.30466511845588684,,,,,
realmlp,all,160,0.25457422297309945,0.5176582932472229,0.6099873185157776,0.1417471170425415,0.3617217540740967,0.27803025477462345,0.1563735427679839,0.28925201296806335,0.0,
realmlp,kpx_group_1,160,0.26186549608354215,0.5236454010009766,0.6073706150054932,0.1353103071451187,0.35005152225494385,,,,,
realmlp,kpx_group_2,160,0.240374274275921,0.4653964936733246,0.6491374969482422,0.13312901556491852,0.4314039349555969,,,,,
realmlp,kpx_group_3,160,0.2614829013193095,0.5639331340789795,0.5734539031982422,0.1568020135164261,0.3037097752094269,,,,,
realmlp,all,161,0.24819641753479285,0.5230631828308105,0.6048278212547302,0.14255966246128082,0.3522152006626129,0.27102894749906326,0.15221690358938994,0.28760063648223877,0.0,
realmlp,kpx_group_1,161,0.25545481675200993,0.5267955660820007,0.6037325263023376,0.13605743646621704,0.34352248907089233,,,,,
realmlp,kpx_group_2,161,0.23480977614720663,0.46504801511764526,0.6485506296157837,0.13266460597515106,0.42976588010787964,,,,,
realmlp,kpx_group_3,161,0.25432465308242375,0.5773459076881409,0.5622001886367798,0.15895698964595795,0.28335732221603394,,,,,
realmlp,all,162,0.2398729760337759,0.5172209143638611,0.6104431748390198,0.14182741940021515,0.3627137243747711,0.2623482440356855,0.14983510750311393,0.29421770572662354,0.0,
realmlp,kpx_group_1,162,0.24662889926521867,0.5214653015136719,0.6093636751174927,0.13513241708278656,0.3538598418235779,,,,,
realmlp,kpx_group_2,162,0.22754098143842486,0.4645930230617523,0.6494289636611938,0.133159339427948,0.4320172071456909,,,,,
realmlp,kpx_group_3,162,0.2454490598153185,0.5656043291091919,0.572536826133728,0.15719051659107208,0.30226418375968933,,,,,
realmlp,all,163,0.2308355453941557,0.5195841193199158,0.6081715822219849,0.14215940237045288,0.35850250720977783,0.25269999382672487,0.1457629981968138,0.29092463850975037,0.0,
realmlp,kpx_group_1,163,0.2388648004443557,0.5286784768104553,0.6032268404960632,0.13577446341514587,0.3422281742095947,,,,,
realmlp,kpx_group_2,163,0.21875272139354987,0.465316504240036,0.6463567018508911,0.13329222798347473,0.42600560188293457,,,,,
realmlp,kpx_group_3,163,0.23488910358261178,0.5647574067115784,0.5749311447143555,0.15741151571273804,0.30727383494377136,,,,,
realmlp,all,164,0.22388693386757816,0.5194417238235474,0.6083058714866638,0.14272819459438324,0.3593398630619049,0.24510423866686998,0.14144870197331463,0.2999456524848938,0.0,
realmlp,kpx_group_1,164,0.23100117400840478,0.5300253629684448,0.6022117733955383,0.13649220764636993,0.3409157693386078,,,,,
realmlp,kpx_group_2,164,0.21389255589909023,0.4649362564086914,0.647264838218689,0.13389061391353607,0.42842036485671997,,,,,
realmlp,kpx_group_3,164,0.2267670628649217,0.5633635520935059,0.5754408836364746,0.15780173242092133,0.30868351459503174,,,,,
realmlp,all,165,0.21740302360720104,0.5212305188179016,0.6051953434944153,0.1422567218542099,0.3526473343372345,0.23809078942846368,0.13791842289544917,0.29426053166389465,0.0,
realmlp,kpx_group_1,165,0.22437738158084727,0.5258931517601013,0.6056216955184937,0.13558492064476013,0.3468283414840698,,,,,
realmlp,kpx_group_2,165,0.2059427215545266,0.4647511839866638,0.6475769281387329,0.13399261236190796,0.4291464686393738,,,,,
realmlp,kpx_group_3,165,0.2218889743089676,0.573047399520874,0.5623873472213745,0.15719261765480042,0.28196728229522705,,,,,
realmlp,all,166,0.2087387431550909,0.5197873115539551,0.6087483167648315,0.14233732223510742,0.35983404517173767,0.2289620361946247,0.1348219426969687,0.303507000207901,0.0,
realmlp,kpx_group_1,166,0.21827034652233124,0.5272269248962402,0.6043382883071899,0.13591080904006958,0.34458738565444946,,,,,
realmlp,kpx_group_2,166,0.19922509982630057,0.46551284193992615,0.6501345634460449,0.13375245034694672,0.43402165174484253,,,,,
realmlp,kpx_group_3,166,0.20872079167101118,0.566622257232666,0.5717720985412598,0.15734876692295074,0.30089300870895386,,,,,
realmlp,all,167,0.20091244605956254,0.5226643681526184,0.6050348281860352,0.1428682655096054,0.3529379069805145,0.2204675081151503,0.13036708230221714,0.31062594056129456,0.0,
realmlp,kpx_group_1,167,0.21052904427051544,0.5305342674255371,0.601564884185791,0.1366429179906845,0.3397727608680725,,,,,
realmlp,kpx_group_2,167,0.1923246772752868,0.469127357006073,0.6443065404891968,0.1340693086385727,0.42268234491348267,,,,,
realmlp,kpx_group_3,167,0.19988361911641228,0.5683315396308899,0.5692330002784729,0.15789255499839783,0.296358585357666,,,,,
realmlp,all,168,0.19442394182637887,0.5216291546821594,0.6053507924079895,0.14323081076145172,0.35393252968788147,0.213497049830578,0.12715405832838128,0.31572070717811584,0.0,
realmlp,kpx_group_1,168,0.20327632239571325,0.5300211310386658,0.6022206544876099,0.13669724762439728,0.3411385118961334,,,,,
realmlp,kpx_group_2,168,0.18804271105262968,0.4668954312801361,0.6450913548469543,0.1343022733926773,0.4244849383831024,,,,,
realmlp,kpx_group_3,168,0.19195279175484622,0.5679710507392883,0.5687406659126282,0.15869289636611938,0.2961742579936981,,,,,
realmlp,all,169,0.18777902175982794,0.5244709849357605,0.6037883758544922,0.1430862694978714,0.35066303610801697,0.20650984898761468,0.12487215010656251,0.31281688809394836,0.0,
realmlp,kpx_group_1,169,0.19803630257094348,0.5304306149482727,0.6021876931190491,0.136527881026268,0.34090328216552734,,,,,
realmlp,kpx_group_2,169,0.18044439648036603,0.466941237449646,0.647563099861145,0.1339104026556015,0.4290366768836975,,,,,
realmlp,kpx_group_3,169,0.1848563609851731,0.576041042804718,0.5616142749786377,0.1588205099105835,0.2820490598678589,,,,,
realmlp,all,170,0.17992412188538798,0.5212958455085754,0.6064815521240234,0.143243208527565,0.3562062680721283,0.19822716740546403,0.12202028709429281,0.3203725814819336,0.0,
realmlp,kpx_group_1,170,0.19030028416050804,0.5308932065963745,0.6030183434486389,0.13705633580684662,0.34309300780296326,,,,,
realmlp,kpx_group_2,170,0.17248975099236877,0.4651370346546173,0.6468290090560913,0.1342676877975464,0.42792564630508423,,,,,
realmlp,kpx_group_3,170,0.17698233271086658,0.5678571462631226,0.5695973038673401,0.158405601978302,0.2976002097129822,,,,,
realmlp,all,171,0.17384554004227673,0.5227969288825989,0.6056160926818848,0.1433224231004715,0.354554682970047,0.1915664341714647,0.11813926075895627,0.32043567299842834,0.0,
realmlp,kpx_group_1,171,0.18386247119417898,0.5285024046897888,0.6043842434883118,0.13635845482349396,0.3451268970966339,,,,,
realmlp,kpx_group_2,171,0.16774627400769127,0.46399444341659546,0.6484795212745667,0.13419395685195923,0.4311530292034149,,,,,
realmlp,kpx_group_3,171,0.16992788458312,0.5758938789367676,0.5639846324920654,0.1594148874282837,0.2873842120170593,,,,,
realmlp,all,172,0.16841674540881757,0.5254315733909607,0.603717029094696,0.143715038895607,0.3511490821838379,0.18554924235299783,0.11421663824606824,0.3283791244029999,0.0,
realmlp,kpx_group_1,172,0.17798310987375401,0.5347711443901062,0.6005659699440002,0.1377224177122116,0.3388543426990509,,,,,
realmlp,kpx_group_2,172,0.16224714037444857,0.46841418743133545,0.6443267464637756,0.13418585062026978,0.42283931374549866,,,,,
realmlp,kpx_group_3,172,0.16501999066935646,0.5731092095375061,0.566258430480957,0.15923680365085602,0.29175370931625366,,,,,
realmlp,all,173,0.16151050009109355,0.5254016518592834,0.6019567847251892,0.1436239331960678,0.3475375175476074,0.17826206264672456,0.11167707597767865,0.32943350076675415,0.0,
realmlp,kpx_group_1,173,0.170527759525511,0.5272761583328247,0.6036789417266846,0.1364755928516388,0.34383341670036316,,,,,
realmlp,kpx_group_2,173,0.1556092851139881,0.46679043769836426,0.6456172466278076,0.1344902664422989,0.4257247745990753,,,,,
realmlp,kpx_group_3,173,0.1583944691552056,0.5821384191513062,0.5565742254257202,0.15990595519542694,0.2730543613433838,,,,,
realmlp,all,174,0.15671934297791235,0.5243017673492432,0.6037229895591736,0.14362972974777222,0.35107579827308655,0.17300138346574925,0.10854693791932529,0.3366466462612152,0.0,
realmlp,kpx_group_1,174,0.1661723545855946,0.5289722681045532,0.6038106083869934,0.136710986495018,0.344332218170166,,,,,
realmlp,kpx_group_2,174,0.15184329367346233,0.46670204401016235,0.6456952691078186,0.13411663472652435,0.42550721764564514,,,,,
realmlp,kpx_group_3,174,0.1521423770873635,0.5772310495376587,0.5616632699966431,0.1600615382194519,0.28338804841041565,,,,,
realmlp,all,175,0.1505056713466291,0.5264337658882141,0.6026512980461121,0.1443571299314499,0.34965968132019043,0.16633593870533836,0.10553510445687506,0.33953139185905457,0.0,
realmlp,kpx_group_1,175,0.16096001946263844,0.5344703197479248,0.6013666391372681,0.13736462593078613,0.3400978744029999,,,,,
realmlp,kpx_group_2,175,0.14640905183774452,0.46752864122390747,0.6454201340675354,0.1346166431903839,0.4254568815231323,,,,,
realmlp,kpx_group_3,175,0.14414793998003006,0.5773023366928101,0.5611671209335327,0.1610901802778244,0.28342440724372864,,,,,
realmlp,all,176,0.1456381008028984,0.5257492065429688,0.6039265990257263,0.14353549480438232,0.35138869285583496,0.16110162243798928,0.1030901393128766,0.3404277563095093,0.0,
realmlp,kpx_group_1,176,0.15480670001771715,0.5299978256225586,0.6060258746147156,0.1365307718515396,0.34858250617980957,,,,,
realmlp,kpx_group_2,176,0.14235769460598627,0.46777135133743286,0.6452527642250061,0.13405849039554596,0.4245639741420746,,,,,
realmlp,kpx_group_3,176,0.13974991302799294,0.5794784426689148,0.560501217842102,0.16001726686954498,0.2810196578502655,,,,,
realmlp,all,177,0.1400571302683265,0.5241509675979614,0.6032792329788208,0.14363688230514526,0.3501953184604645,0.15511085230995109,0.10035813848177592,0.3456851541996002,0.0,
realmlp,kpx_group_1,177,0.1505097813076443,0.5298413038253784,0.6026226282119751,0.13683922588825226,0.34208443760871887,,,,,
realmlp,kpx_group_2,177,0.13602485383550325,0.4687833786010742,0.6447423696517944,0.1343175321817398,0.4238022565841675,,,,,
realmlp,kpx_group_3,177,0.13363676490607085,0.5738282203674316,0.5624727010726929,0.15975390374660492,0.28469935059547424,,,,,
realmlp,all,178,0.13681213502530698,0.5257204174995422,0.6027306914329529,0.14378470182418823,0.34924593567848206,0.15141679153398233,0.09736437171145722,0.3474162518978119,0.0,
realmlp,kpx_group_1,178,0.14563931000453453,0.5300838947296143,0.6044148206710815,0.13718745112419128,0.34601709246635437,,,,,
realmlp,kpx_group_2,178,0.13297823816537857,0.4670277237892151,0.645901083946228,0.1337934136390686,0.4255955219268799,,,,,
realmlp,kpx_group_3,178,0.1318188574579027,0.5800496935844421,0.5578761100769043,0.1603732407093048,0.27612540125846863,,,,,
realmlp,all,179,0.13211729405102907,0.5249178409576416,0.6028918623924255,0.14421086013317108,0.34999462962150574,0.1463304073722274,0.09475408618648846,0.35650554299354553,0.0,
realmlp,kpx_group_1,179,0.140896902040199,0.5303946733474731,0.6022934913635254,0.1374976933002472,0.3420846164226532,,,,,
realmlp,kpx_group_2,179,0.1282385449718546,0.4679192304611206,0.6448898315429688,0.13442227244377136,0.424202024936676,,,,,
realmlp,kpx_group_3,179,0.12721642713855813,0.576439619064331,0.5614923238754272,0.1607125848531723,0.2836972773075104,,,,,
realmlp,all,180,0.1282504710058371,0.526047945022583,0.602506697177887,0.14441435039043427,0.3494277000427246,0.14214553573617228,0.09263376615665576,0.35836195945739746,0.0,
realmlp,kpx_group_1,180,0.13678934521697186,0.5294442772865295,0.6046721935272217,0.13715313374996185,0.3464975953102112,,,,,
realmlp,kpx_group_2,180,0.12496500200143566,0.4678000807762146,0.6448400020599365,0.13465458154678345,0.4243345558643341,,,,,
realmlp,kpx_group_3,180,0.12299706221178726,0.5808994174003601,0.5580078363418579,0.1614353060722351,0.27745091915130615,,,,,
realmlp,all,181,0.12389225705906197,0.528047502040863,0.6012536883354187,0.1446102410554886,0.34711766242980957,0.13734419064389336,0.089679553138989,0.3621823489665985,0.0,
realmlp,kpx_group_1,181,0.13256729587360663,0.5318081974983215,0.6021530628204346,0.13781815767288208,0.34212422370910645,,,,,
realmlp,kpx_group_2,181,0.12130345431742845,0.4695059061050415,0.6445392370223999,0.13464640080928802,0.4237249493598938,,,,,
realmlp,kpx_group_3,181,0.11780602622915197,0.5828282833099365,0.5570688247680664,0.16136614978313446,0.27550381422042847,,,,,
realmlp,all,182,0.12069205567240715,0.5274850726127625,0.6019036769866943,0.14465053379535675,0.3484579622745514,0.133736546392794,0.08696327317092153,0.3649011552333832,0.0,
realmlp,kpx_group_1,182,0.1287435658827976,0.5321450233459473,0.6025196313858032,0.13778288662433624,0.3428221046924591,,,,,
realmlp,kpx_group_2,182,0.11786819511541614,0.4692734479904175,0.6449761986732483,0.13477642834186554,0.4247288405895233,,,,,
realmlp,kpx_group_3,182,0.1154644076746923,0.5810365676879883,0.5582154393196106,0.16139227151870728,0.27782315015792847,,,,,
realmlp,all,183,0.11740863640551213,0.5292403697967529,0.6009199619293213,0.14517895877361298,0.34701886773109436,0.13015781729309647,0.08499453492738583,0.3723134994506836,0.0,
realmlp,kpx_group_1,183,0.12539882419837844,0.5294230580329895,0.6041704416275024,0.13771750032901764,0.34605836868286133,,,,,
realmlp,kpx_group_2,183,0.11425532138458004,0.4691661298274994,0.6445541381835938,0.1349647045135498,0.4240729808807373,,,,,
realmlp,kpx_group_3,183,0.11257175590704989,0.5891319513320923,0.5540353059768677,0.16285468637943268,0.27092525362968445,,,,,
realmlp,all,184,0.11467896222516342,0.5280359983444214,0.60038822889328,0.14483678340911865,0.3456132709980011,0.12708728415546594,0.08272214606404305,0.37510445713996887,0.0,
realmlp,kpx_group_1,184,0.12219647442301114,0.5299004912376404,0.6030690670013428,0.13742674887180328,0.34356489777565,,,,,
realmlp,kpx_group_2,184,0.11150866236399722,0.4693978428840637,0.6428319215774536,0.1346999853849411,0.4203638434410095,,,,,
realmlp,kpx_group_3,184,0.11033174174803274,0.5848096609115601,0.5552637577056885,0.16238363087177277,0.27291107177734375,,,,,
realmlp,all,185,0.11187222986309617,0.5278761982917786,0.6018086671829224,0.1449088305234909,0.3485262393951416,0.12403726563961417,0.08110023690042673,0.379874587059021,0.0,
realmlp,kpx_group_1,185,0.11954360206921895,0.5307159423828125,0.6033809185028076,0.13790176808834076,0.3446635901927948,,,,,
realmlp,kpx_group_2,185,0.10940177379934876,0.4694356918334961,0.6449556946754456,0.134688600897789,0.4246000051498413,,,,,
realmlp,kpx_group_3,185,0.10667131510045794,0.5834768414497375,0.5570894479751587,0.16213616728782654,0.2763151228427887,,,,,
realmlp,all,186,0.10967409803911492,0.5287169814109802,0.6012420654296875,0.1448238641023636,0.347307950258255,0.12152201185623805,0.07898609519556717,0.3838510513305664,0.0,
realmlp,kpx_group_1,186,0.11685380698354156,0.5289116501808167,0.603567898273468,0.1373821347951889,0.34451791644096375,,,,,
realmlp,kpx_group_2,186,0.10734289870769889,0.47017183899879456,0.6444666385650635,0.13470162451267242,0.4236348271369934,,,,,
realmlp,kpx_group_3,186,0.10482558525270885,0.5870673656463623,0.5556917190551758,0.16238780319690704,0.273771196603775,,,,,
realmlp,all,187,0.10700044987930192,0.5287578701972961,0.6008084416389465,0.1452462524175644,0.34686312079429626,0.11860748270043621,0.07738021602509199,0.38679662346839905,0.0,
realmlp,kpx_group_1,187,0.11450633779168129,0.5308074355125427,0.6036087870597839,0.13803113996982574,0.34524866938591003,,,,,
realmlp,kpx_group_2,187,0.10510411858558655,0.47014325857162476,0.6423499584197998,0.13508659601211548,0.4197864830493927,,,,,
realmlp,kpx_group_3,187,0.10139090705800939,0.5853229761123657,0.5564665794372559,0.16262100636959076,0.2755541205406189,,,,,
realmlp,all,188,0.10505344580720972,0.5289674401283264,0.6010727286338806,0.1451020985841751,0.34724757075309753,0.11642559769528883,0.07581434440281656,0.3902205526828766,0.0,
realmlp,kpx_group_1,188,0.11167533778482014,0.5303658843040466,0.6033447980880737,0.13796798884868622,0.3446575701236725,,,,,
realmlp,kpx_group_2,188,0.10281420733641695,0.47083884477615356,0.6432902216911316,0.13499543070793152,0.4215759038925171,,,,,
realmlp,kpx_group_3,188,0.1006707924383658,0.5856975317001343,0.5565831661224365,0.1623428761959076,0.275509238243103,,,,,
realmlp,all,189,0.10354344670971234,0.5300203561782837,0.6010595560073853,0.14543427526950836,0.3475533425807953,0.11468465060547546,0.07427469282238572,0.3930914103984833,0.0,
realmlp,kpx_group_1,189,0.10985090238628564,0.5312811136245728,0.603592574596405,0.13831481337547302,0.3454999625682831,,,,,
realmlp,kpx_group_2,189,0.10156300277621658,0.4708608388900757,0.6447813510894775,0.13496968150138855,0.4245324432849884,,,,,
realmlp,kpx_group_3,189,0.09921643179323938,0.5879191160202026,0.5548046827316284,0.1630183607339859,0.27262765169143677,,,,,
realmlp,all,190,0.10168140988658976,0.529113233089447,0.6012436747550964,0.1452629715204239,0.34775033593177795,0.1126144669122166,0.07288703722534356,0.39597460627555847,0.0,
realmlp,kpx_group_1,190,0.10808254764587791,0.5294961333274841,0.6058170795440674,0.1378736048936844,0.34950774908065796,,,,,
realmlp,kpx_group_2,190,0.0998909077434628,0.47063180804252625,0.6432408094406128,0.1349591612815857,0.4214407205581665,,,,,
realmlp,kpx_group_3,190,0.09707078351466744,0.5872117877006531,0.5546732544898987,0.1629561334848404,0.27230262756347656,,,,,
realmlp,all,191,0.10034634890379729,0.5297901034355164,0.6011288166046143,0.1456122249364853,0.347869873046875,0.11111300438642502,0.0717777022746978,0.3992556631565094,0.0,
realmlp,kpx_group_1,191,0.1066830759799039,0.5312542915344238,0.6050829291343689,0.1384071707725525,0.3485729992389679,,,,,
realmlp,kpx_group_2,191,0.09862515620059437,0.4707416296005249,0.6433754563331604,0.1350824385881424,0.421833336353302,,,,,
realmlp,kpx_group_3,191,0.09573081563468333,0.587374210357666,0.5549280643463135,0.16334709525108337,0.2732032835483551,,,,,
realmlp,all,192,0.09913378622796801,0.5312213897705078,0.5988193154335022,0.14585773646831512,0.3434964120388031,0.1097354237680082,0.07067757748343327,0.40144050121307373,0.0,
realmlp,kpx_group_1,192,0.10513507216065018,0.5327898263931274,0.6019763350486755,0.13876545429229736,0.34271812438964844,,,,,
realmlp,kpx_group_2,192,0.0973807185612343,0.47090744972229004,0.6424493789672852,0.1351497322320938,0.42004841566085815,,,,,
realmlp,kpx_group_3,192,0.0948855555443852,0.5899668335914612,0.5520322322845459,0.1636580228805542,0.26772254705429077,,,,,
realmlp,all,193,0.09833961587261271,0.5313250422477722,0.5989465713500977,0.14577601850032806,0.34366917610168457,0.10880693020644011,0.06978209116668613,0.40258193016052246,0.0,
realmlp,kpx_group_1,193,0.10411621478420717,0.5332680940628052,0.600587010383606,0.13870009779930115,0.3398740887641907,,,,,
realmlp,kpx_group_2,193,0.09646781782309215,0.4713805615901947,0.6430768966674805,0.13509778678417206,0.4212516248226166,,,,,
realmlp,kpx_group_3,193,0.09443481363080165,0.5893265008926392,0.5531758666038513,0.1635301560163498,0.26988187432289124,,,,,
realmlp,all,194,0.09757932137559962,0.531355082988739,0.5991947054862976,0.1459406018257141,0.3443300426006317,0.10796389397647646,0.06923048308602085,0.40391993522644043,0.0,
realmlp,kpx_group_1,194,0.10296150945402958,0.5328632593154907,0.6012042760848999,0.13881608843803406,0.341224730014801,,,,,
realmlp,kpx_group_2,194,0.09578950882509903,0.47126877307891846,0.6439745426177979,0.135251984000206,0.4232010245323181,,,,,
realmlp,kpx_group_3,194,0.09398694212237994,0.5899330377578735,0.5524052977561951,0.16375374794006348,0.2685643434524536,,,,,
realmlp,all,195,0.09688875327507655,0.5310513973236084,0.5991213917732239,0.14588873088359833,0.3441314995288849,0.10715566989448336,0.06844611120996652,0.40478694438934326,0.0,
realmlp,kpx_group_1,195,0.10236024594417324,0.532137393951416,0.601839542388916,0.13865025341510773,0.3423292934894562,,,,,
realmlp,kpx_group_2,195,0.09497740340453607,0.47143638134002686,0.6426005363464355,0.13522954285144806,0.42043066024780273,,,,,
realmlp,kpx_group_3,195,0.09332860550946659,0.589580237865448,0.5529240965843201,0.16378642618656158,0.26963457465171814,,,,,
realmlp,all,196,0.09634780249109974,0.5312880873680115,0.5989100337028503,0.1459766924381256,0.3437967300415039,0.10654492924610774,0.06798084507937785,0.40584805607795715,0.0,
realmlp,kpx_group_1,196,0.10164076517577525,0.5323964357376099,0.6017895936965942,0.13875065743923187,0.3423299193382263,,,,,
realmlp,kpx_group_2,196,0.09457392728439083,0.47155123949050903,0.6426906585693359,0.13525372743606567,0.42063507437705994,,,,,
realmlp,kpx_group_3,196,0.09282871597894916,0.589916467666626,0.5522497892379761,0.16392572224140167,0.26842522621154785,,,,,
realmlp,all,197,0.09594465847368594,0.5312374830245972,0.599042534828186,0.145958811044693,0.34404388070106506,0.10608920027260427,0.06763026994411592,0.4061923325061798,0.0,
realmlp,kpx_group_1,197,0.10130105057248363,0.5320683717727661,0.6018862128257751,0.13869179785251617,0.3424642086029053,,,,,
realmlp,kpx_group_2,197,0.09412077165864131,0.47151732444763184,0.6429957151412964,0.13529422879219055,0.4212856590747833,,,,,
realmlp,kpx_group_3,197,0.09241215663927572,0.590126633644104,0.5522457361221313,0.16389037668704987,0.268381804227829,,,,,
realmlp,all,198,0.0956027709223606,0.531562864780426,0.5984671711921692,0.14598745107650757,0.3429218828678131,0.10570652907093366,0.06735838190824897,0.4065168797969818,0.0,
realmlp,kpx_group_1,198,0.10089156473124469,0.532528817653656,0.6022049188613892,0.1387573629617691,0.34316718578338623,,,,,
realmlp,kpx_group_2,198,0.09395143651851902,0.47161975502967834,0.6423478126525879,0.1352631002664566,0.4199587404727936,,,,,
realmlp,kpx_group_3,198,0.09196532076155697,0.5905402302742004,0.5508488416671753,0.1639419049024582,0.26563963294029236,,,,,
realmlp,all,199,0.09538986161351204,0.5315425395965576,0.5983569025993347,0.14599895477294922,0.34271275997161865,0.10546480974665394,0.06716631822012088,0.4066597521305084,0.0,
realmlp,kpx_group_1,199,0.10081747684765745,0.5324514508247375,0.6021496057510376,0.1387517899274826,0.3430509865283966,,,,,
realmlp,kpx_group_2,199,0.09373048610157436,0.4716285765171051,0.6419616937637329,0.13528449833393097,0.4192078113555908,,,,,
realmlp,kpx_group_3,199,0.09162161775209286,0.5905475616455078,0.5509594678878784,0.16396057605743408,0.26587948203086853,,,,,
realmlp,all,200,0.0954047302129092,0.5315378308296204,0.5983111262321472,0.14599747955799103,0.34261980652809143,0.1054791050652663,0.06716248931156264,0.40665844082832336,0.0,
realmlp,kpx_group_1,200,0.10065326729306469,0.5324267148971558,0.6020123958587646,0.13874737918376923,0.34277212619781494,,,,,
realmlp,kpx_group_2,200,0.09361092870434125,0.47163212299346924,0.641961395740509,0.13528501987457275,0.4192078113555908,,,,,
realmlp,kpx_group_3,200,0.09195000312670513,0.5905546545982361,0.5509597063064575,0.1639600247144699,0.26587948203086853,,,,,
