model,target,step,train_loss,validation_loss,validation_score,validation_nmae,validation_ficr,training_objective_loss,activity_train_loss,activity_validation_loss,boundary_consistency_train_loss,boundary_consistency_validation_loss
realmlp,all,1,1.0173131464158787,0.69762122631073,0.4590161442756653,0.2653810977935791,0.18341341614723206,1.1404717003597933,0.8210569804205614,0.5191136598587036,0.0,
realmlp,kpx_group_1,1,1.0290357873720282,0.7052826881408691,0.45750030875205994,0.2807474434375763,0.19574804604053497,,,,,
realmlp,kpx_group_2,1,1.005590500200496,0.6899597644805908,0.4605320394039154,0.2500147223472595,0.17107878625392914,,,,,
realmlp,kpx_group_3,1,1.01176900898709,0.7249054312705994,0.4233644902706146,0.28950199484825134,0.13623099029064178,,,,,
realmlp,all,2,0.9573801668251262,0.6867483854293823,0.49482184648513794,0.22526630759239197,0.21491006016731262,1.0363629591815613,0.5265519220162841,0.42939281463623047,0.0,
realmlp,kpx_group_1,2,0.9476968733703389,0.6964849233627319,0.4589812457561493,0.2316834181547165,0.14964593946933746,,,,,
realmlp,kpx_group_2,2,0.9670634716749191,0.6770117878913879,0.530662477016449,0.21884916722774506,0.2801741361618042,,,,,
realmlp,kpx_group_3,2,1.0075430168825037,0.7180551886558533,0.4614039659500122,0.2643471956253052,0.1871551126241684,,,,,
realmlp,all,3,0.9329650367007536,0.693982720375061,0.4762898087501526,0.2424442619085312,0.19502392411231995,0.9978190117022571,0.43235983874867945,0.4258756637573242,0.0,
realmlp,kpx_group_1,3,0.9312548006282133,0.6749386787414551,0.5075975656509399,0.24698078632354736,0.262175977230072,,,,,
realmlp,kpx_group_2,3,0.9346752745263717,0.7130267024040222,0.4449820816516876,0.23790770769119263,0.12787188589572906,,,,,
realmlp,kpx_group_3,3,1.0232318429385914,0.8810322284698486,0.2803366184234619,0.4467507302761078,0.007423977367579937,,,,,
realmlp,all,4,0.9096773424569298,0.6503371000289917,0.49843472242355347,0.20027020573616028,0.1971396505832672,0.972845691968413,0.42112228712614846,0.4310433864593506,0.0,
realmlp,kpx_group_1,4,0.9064211994409561,0.6081535816192627,0.5325331687927246,0.18329420685768127,0.2483605295419693,,,,,
realmlp,kpx_group_2,4,0.9129335012506036,0.6925206184387207,0.4643362760543823,0.21724621951580048,0.14591878652572632,,,,,
realmlp,kpx_group_3,4,1.0735937812749077,0.6254090666770935,0.5147157907485962,0.23006778955459595,0.25949931144714355,,,,,
realmlp,all,5,0.8719515037887237,0.6306312084197998,0.5268484354019165,0.19544917345046997,0.24914608895778656,0.9322883390328464,0.4022456368102747,0.3941349983215332,0.0,
realmlp,kpx_group_1,5,0.8687302952303606,0.6465844511985779,0.5055184364318848,0.1879330724477768,0.1989699751138687,,,,,
realmlp,kpx_group_2,5,0.8751726930632311,0.6146777868270874,0.5481784343719482,0.20296525955200195,0.2993221879005432,,,,,
realmlp,kpx_group_3,5,1.0090640362571268,1.023506760597229,0.3981802463531494,0.4630700945854187,0.25943055748939514,,,,,
realmlp,all,6,0.8189852132516748,0.6159882545471191,0.5159377455711365,0.2285088747739792,0.2603844404220581,0.8757152303176767,0.37820007432909575,0.4482462406158447,0.0,
realmlp,kpx_group_1,6,0.8156162272481358,0.5421586036682129,0.5695424675941467,0.22128479182720184,0.3603697121143341,,,,,
realmlp,kpx_group_2,6,0.8223542062675252,0.6898179054260254,0.4623330533504486,0.2357330024242401,0.1603991538286209,,,,,
realmlp,kpx_group_3,6,0.9958021675839144,0.640351414680481,0.5067703127861023,0.20276875793933868,0.21630939841270447,,,,,
realmlp,all,7,0.7672691275091732,0.6091084480285645,0.5357627272605896,0.17390665411949158,0.2454320788383484,0.821429934571771,0.3610720183042919,0.41631585359573364,0.0,
realmlp,kpx_group_1,7,0.7701654337784823,0.6006181240081787,0.5490553379058838,0.15119925141334534,0.2493099421262741,,,,,
realmlp,kpx_group_2,7,0.764372839647181,0.6175986528396606,0.5224701166152954,0.19661404192447662,0.24155421555042267,,,,,
realmlp,kpx_group_3,7,0.9511527717113495,0.6113907694816589,0.5210870504379272,0.22468407452106476,0.26685819029808044,,,,,
realmlp,all,8,0.7210997579728856,0.5531306266784668,0.5711981058120728,0.18146824836730957,0.32386454939842224,0.7731640794697929,0.34709547460079193,0.4181879162788391,0.0,
realmlp,kpx_group_1,8,0.7218456294606713,0.6070969104766846,0.5429985523223877,0.15326648950576782,0.23926357924938202,,,,,
realmlp,kpx_group_2,8,0.720353893497411,0.4991644024848938,0.5993977189064026,0.2096700370311737,0.40846550464630127,,,,,
realmlp,kpx_group_3,8,0.9058938482228447,0.6963886618614197,0.48534828424453735,0.22744204103946686,0.19813856482505798,,,,,
realmlp,all,9,0.6755389308228212,0.5322579145431519,0.5941436290740967,0.15756702423095703,0.34585434198379517,0.7259453403599122,0.3360427118399564,0.42681723833084106,0.0,
realmlp,kpx_group_1,9,0.6805427819490433,0.5798372030258179,0.5657915472984314,0.1432849019765854,0.27486804127693176,,,,,
realmlp,kpx_group_2,9,0.6705350849558326,0.48467859625816345,0.6224957704544067,0.1718491166830063,0.41684070229530334,,,,,
realmlp,kpx_group_3,9,0.8497061115853927,0.6564617156982422,0.49883711338043213,0.20293018221855164,0.2006044238805771,,,,,
realmlp,all,10,0.6306375387836906,0.529613733291626,0.5992491245269775,0.1457870453596115,0.34428533911705017,0.6792474695864845,0.3240661428255193,0.4357580542564392,0.0,
realmlp,kpx_group_1,10,0.6388286133022869,0.5429100394248962,0.5926198959350586,0.13614460825920105,0.3213844895362854,,,,,
realmlp,kpx_group_2,10,0.6224464686477885,0.5163173675537109,0.6058783531188965,0.15542946755886078,0.3671862483024597,,,,,
realmlp,kpx_group_3,10,0.8015613117638756,0.6613897085189819,0.4968344569206238,0.1831430196762085,0.17681196331977844,,,,,
realmlp,all,11,0.6048089993350646,0.515998363494873,0.6066729426383972,0.1472589671611786,0.3606048822402954,0.6524940045440898,0.31790002347791896,0.4280628263950348,0.0,
realmlp,kpx_group_1,11,0.6105929429040236,0.5708537697792053,0.5708285570144653,0.13327214121818542,0.27492934465408325,,,,,
realmlp,kpx_group_2,11,0.5990250478772556,0.46114295721054077,0.6425173282623291,0.16124579310417175,0.44628044962882996,,,,,
realmlp,kpx_group_3,11,0.7615653907551485,0.6430184245109558,0.5106300115585327,0.18217194080352783,0.20343193411827087,,,,,
realmlp,all,12,0.589354833259302,0.49544239044189453,0.6217665672302246,0.14860916137695312,0.39214223623275757,0.635900229215622,0.31030264715938005,0.43892455101013184,0.0,
realmlp,kpx_group_1,12,0.5973024114089853,0.5347917675971985,0.6004036664962769,0.13234636187553406,0.3331536650657654,,,,,
realmlp,kpx_group_2,12,0.581407252480002,0.4560929238796234,0.6431294679641724,0.164871945977211,0.45113080739974976,,,,,
realmlp,kpx_group_3,12,0.7308561661664177,0.6403709053993225,0.5137010216712952,0.17412087321281433,0.20152290165424347,,,,,
realmlp,all,13,0.5787425093791064,0.4866487979888916,0.6318171620368958,0.1454729437828064,0.4091072678565979,0.6247807057464824,0.30692126426626654,0.43372422456741333,0.0,
realmlp,kpx_group_1,13,0.5870237517006257,0.5183243155479431,0.6156343221664429,0.1295899897813797,0.3608585596084595,,,,,
realmlp,kpx_group_2,13,0.570461284588365,0.4549732208251953,0.6480000615119934,0.1613558679819107,0.45735597610473633,,,,,
realmlp,kpx_group_3,13,0.7094431098769692,0.6276853084564209,0.5258063077926636,0.17163243889808655,0.22324496507644653,,,,,
realmlp,all,14,0.5775479840881684,0.496474951505661,0.6225395798683167,0.1443319320678711,0.3894110918045044,0.623570632408647,0.306817670517108,0.43105435371398926,0.0,
realmlp,kpx_group_1,14,0.5851907291833092,0.5354204177856445,0.5991621613502502,0.12986665964126587,0.32819095253944397,,,,,
realmlp,kpx_group_2,14,0.5699052328572554,0.4575294256210327,0.6459169983863831,0.1587972342967987,0.4506312608718872,,,,,
realmlp,kpx_group_3,14,0.7088533236699945,0.6283396482467651,0.5250176787376404,0.17194366455078125,0.2219790667295456,,,,,
realmlp,all,15,0.5756745373501497,0.5102881193161011,0.6121220588684082,0.14702481031417847,0.3712689280509949,0.6217159637633491,0.30694281528977785,0.43060117959976196,0.0,
realmlp,kpx_group_1,15,0.585281640291214,0.5696977972984314,0.5763225555419922,0.13190725445747375,0.28455233573913574,,,,,
realmlp,kpx_group_2,15,0.5660674291498521,0.45087841153144836,0.647921621799469,0.1621423363685608,0.4579855799674988,,,,,
realmlp,kpx_group_3,15,0.7057363496107214,0.6191620230674744,0.53099524974823,0.1749010980129242,0.23689156770706177,,,,,
realmlp,all,16,0.5781790438820334,0.4810985326766968,0.6345425844192505,0.14656628668308258,0.4156513512134552,0.6242120686699363,0.30688685573199215,0.4262387156486511,0.0,
realmlp,kpx_group_1,16,0.5850269084467608,0.5116685032844543,0.6201687455177307,0.1295022964477539,0.3698398172855377,,,,,
realmlp,kpx_group_2,16,0.571331172304995,0.4505285918712616,0.6489163637161255,0.16363026201725006,0.46146294474601746,,,,,
realmlp,kpx_group_3,16,0.7028644803692313,0.6077148914337158,0.5358561873435974,0.16988861560821533,0.24160097539424896,,,,,
realmlp,all,17,0.583216699607232,0.4909733235836029,0.6228080987930298,0.15069766342639923,0.3963139057159424,0.6296310231966131,0.3094288307954283,0.445749968290329,0.0,
realmlp,kpx_group_1,17,0.59160116314888,0.5298352241516113,0.6012414693832397,0.13109320402145386,0.3335760831832886,,,,,
realmlp,kpx_group_2,17,0.5748322290532729,0.4521113932132721,0.6443748474121094,0.17030209302902222,0.4590517580509186,,,,,
realmlp,kpx_group_3,17,0.7189175889772528,0.605243444442749,0.534467875957489,0.17674440145492554,0.24568010866641998,,,,,
realmlp,all,18,0.5876988619565964,0.5384156703948975,0.5883657932281494,0.16044479608535767,0.33717629313468933,0.6344847687903572,0.3119060695171356,0.4250694513320923,0.0,
realmlp,kpx_group_1,18,0.5977960772374097,0.6171087622642517,0.5403507351875305,0.14241163432598114,0.22311314940452576,,,,,
realmlp,kpx_group_2,18,0.5776016370338553,0.4597225785255432,0.6363807320594788,0.17847797274589539,0.4512394666671753,,,,,
realmlp,kpx_group_3,18,0.7315548763555639,0.6842211484909058,0.47625142335891724,0.2036534994840622,0.15615639090538025,,,,,
realmlp,all,19,0.5886237156741759,0.502038300037384,0.6158004999160767,0.154817134141922,0.38641804456710815,0.6356328252483817,0.31339404074584737,0.43553370237350464,0.0,
realmlp,kpx_group_1,19,0.5980808016131905,0.5493490695953369,0.5882768034934998,0.13520407676696777,0.3117577135562897,,,,,
realmlp,kpx_group_2,19,0.5791666271055446,0.45472750067710876,0.6433241367340088,0.17443019151687622,0.461078405380249,,,,,
realmlp,kpx_group_3,19,0.7511791078483357,0.6894705295562744,0.5314159393310547,0.25697773694992065,0.31980961561203003,,,,,
realmlp,all,20,0.5933658130028668,0.5482045412063599,0.5859729051589966,0.14383502304553986,0.31578075885772705,0.6408014209831462,0.3162373992450097,0.4212472438812256,0.0,
realmlp,kpx_group_1,20,0.6060454757774577,0.5904110670089722,0.5587413907051086,0.135939359664917,0.25342217087745667,,,,,
realmlp,kpx_group_2,20,0.5806861467221204,0.5059979557991028,0.6132043600082397,0.15173068642616272,0.37813934683799744,,,,,
realmlp,kpx_group_3,20,0.7667272949919981,0.6111395955085754,0.5562921762466431,0.23083071410655975,0.3434150815010071,,,,,
realmlp,all,21,0.5828918341328116,0.4545765519142151,0.6508065462112427,0.15417832136154175,0.4557914137840271,0.6303770533379387,0.3165680560119012,0.42934611439704895,0.0,
realmlp,kpx_group_1,21,0.594625249505043,0.4460258483886719,0.6622171401977539,0.13481099903583527,0.4592452049255371,,,,,
realmlp,kpx_group_2,21,0.571158428402508,0.4631272256374359,0.6393960118293762,0.17354565858840942,0.45233771204948425,,,,,
realmlp,kpx_group_3,21,0.7686677767949945,0.6649503111839294,0.4866979122161865,0.21233561635017395,0.185731440782547,,,,,
realmlp,all,22,0.5772066528306288,0.5734833478927612,0.5685511827468872,0.1442680060863495,0.2813703417778015,0.6246090426164514,0.31601590838502436,0.401897668838501,0.0,
realmlp,kpx_group_1,22,0.5911632302929374,0.588106632232666,0.5616829991340637,0.1345837265253067,0.25794968008995056,,,,,
realmlp,kpx_group_2,22,0.5632500709856257,0.5588600039482117,0.5754194259643555,0.1539522260427475,0.30479103326797485,,,,,
realmlp,kpx_group_3,22,0.7677600173389211,0.6368179321289062,0.5154581069946289,0.18216665089130402,0.21308283507823944,,,,,
realmlp,all,23,0.5699840188026428,0.5287861227989197,0.5968172550201416,0.15319737792015076,0.34683191776275635,0.6170360761530259,0.31368038233588724,0.42116039991378784,0.0,
realmlp,kpx_group_1,23,0.5871182233095169,0.6025819182395935,0.5481561422348022,0.14382460713386536,0.24013683199882507,,,,,
realmlp,kpx_group_2,23,0.5528498160488465,0.4549903869628906,0.6454784274101257,0.16257017850875854,0.45352703332901,,,,,
realmlp,kpx_group_3,23,0.7628089627798866,0.6810924410820007,0.4769505262374878,0.21055877208709717,0.16445983946323395,,,,,
realmlp,all,24,0.5585716024917715,0.46314066648483276,0.6430164575576782,0.15107232332229614,0.4371052384376526,0.6052042701665092,0.3108844735166606,0.41102033853530884,0.0,
realmlp,kpx_group_1,24,0.580352798980825,0.47366034984588623,0.6386357545852661,0.13104429841041565,0.4083157479763031,,,,,
realmlp,kpx_group_2,24,0.5367903989904067,0.45262089371681213,0.6473971605300903,0.17110034823417664,0.4658947288990021,,,,,
realmlp,kpx_group_3,24,0.7494616964284111,0.6587780117988586,0.5391255021095276,0.23083385825157166,0.3090849220752716,,,,,
realmlp,all,25,0.546690549920587,0.4913404881954193,0.6240566968917847,0.14147302508354187,0.3895864486694336,0.5926569104194641,0.3064423935378299,0.4283995032310486,0.0,
realmlp,kpx_group_1,25,0.564784025444704,0.5135669112205505,0.6110400557518005,0.1290009766817093,0.35108107328414917,,,,,
realmlp,kpx_group_2,25,0.5285970827235895,0.4691140055656433,0.6370733976364136,0.15394507348537445,0.4280918836593628,,,,,
realmlp,kpx_group_3,25,0.7664574647650999,0.6430050134658813,0.4988566040992737,0.2120741456747055,0.20978735387325287,,,,,
realmlp,all,26,0.5369354372515398,0.49623122811317444,0.6206527948379517,0.14984770119190216,0.3911532759666443,0.5827225551885717,0.30524741814417,0.4037555456161499,0.0,
realmlp,kpx_group_1,26,0.5570297267507104,0.5408932566642761,0.5941897630691528,0.1347251683473587,0.3231046795845032,,,,,
realmlp,kpx_group_2,26,0.5168411626535303,0.45156919956207275,0.6471158266067505,0.1649702489376068,0.4592019021511078,,,,,
realmlp,kpx_group_3,26,0.7162648877676796,0.6267659068107605,0.5245484113693237,0.1696631759405136,0.21876001358032227,,,,,
realmlp,all,27,0.5306965016266879,0.4999223053455353,0.619209349155426,0.1501411497592926,0.38855981826782227,0.5764350146055222,0.304923407295171,0.3990619480609894,0.0,
realmlp,kpx_group_1,27,0.5492723855902167,0.54867023229599,0.5910989046096802,0.13208259642124176,0.31428036093711853,,,,,
realmlp,kpx_group_2,27,0.5121206084595007,0.451174259185791,0.6473197937011719,0.16819968819618225,0.4628392159938812,,,,,
realmlp,kpx_group_3,27,0.7066488493891323,0.6069895029067993,0.5276190042495728,0.24817287921905518,0.3034108877182007,,,,,
realmlp,all,28,0.5214688874342862,0.45479893684387207,0.6507968902587891,0.1481056809425354,0.4496995210647583,0.5665009381139979,0.30021366082570133,0.3940962851047516,0.0,
realmlp,kpx_group_1,28,0.5428649555234348,0.4522964060306549,0.6587988138198853,0.12551990151405334,0.44311749935150146,,,,,
realmlp,kpx_group_2,28,0.5000728228512932,0.4573014974594116,0.6427950859069824,0.17069143056869507,0.4562815725803375,,,,,
realmlp,kpx_group_3,28,0.6947846149697023,0.6266427636146545,0.5212681293487549,0.18284133076667786,0.22537761926651,,,,,
realmlp,all,29,0.51108728217728,0.48168087005615234,0.6320168375968933,0.14413100481033325,0.4081646800041199,0.5554237111526377,0.29557613984626885,0.38721272349357605,0.0,
realmlp,kpx_group_1,29,0.5335006722632576,0.5217863917350769,0.6091156601905823,0.12663230299949646,0.3448636531829834,,,,,
realmlp,kpx_group_2,29,0.4886739039245774,0.441575288772583,0.6549180150032043,0.16162972152233124,0.47146573662757874,,,,,
realmlp,kpx_group_3,29,0.6712216594639946,0.618641197681427,0.5225958228111267,0.1972438097000122,0.242435485124588,,,,,
realmlp,all,30,0.5104610998840893,0.4742644429206848,0.6343288421630859,0.14952582120895386,0.41818347573280334,0.554218574481852,0.2917165068142554,0.3820374608039856,0.0,
realmlp,kpx_group_1,30,0.5331844766350353,0.4992760121822357,0.6231933236122131,0.12960553169250488,0.37599214911460876,,,,,
realmlp,kpx_group_2,30,0.4877377187504488,0.4492528736591339,0.6454643607139587,0.16944609582424164,0.4603748321533203,,,,,
realmlp,kpx_group_3,30,0.6577503207851859,0.5929059982299805,0.5523160696029663,0.15713979303836823,0.2617719769477844,,,,,
realmlp,all,31,0.49809973643106575,0.46123242378234863,0.6455669403076172,0.14413928985595703,0.43527325987815857,0.5414243813823251,0.2888309136033058,0.38441911339759827,0.0,
realmlp,kpx_group_1,31,0.5198702049605987,0.47852349281311035,0.6396666765213013,0.12626951932907104,0.4056028127670288,,,,,
realmlp,kpx_group_2,31,0.4763292722842273,0.4439413547515869,0.6514673233032227,0.16200904548168182,0.4649437367916107,,,,,
realmlp,kpx_group_3,31,0.6408340019338271,0.6021310091018677,0.5407438278198242,0.1650478094816208,0.2465355396270752,,,,,
realmlp,all,32,0.4943867540534805,0.45496833324432373,0.6495332717895508,0.14791785180568695,0.4469844698905945,0.5371229438220754,0.2849079247783212,0.4066333472728729,0.0,
realmlp,kpx_group_1,32,0.518244664896937,0.45911478996276855,0.6534463167190552,0.1279168576002121,0.4348095655441284,,,,,
realmlp,kpx_group_2,32,0.47052883093847947,0.45082181692123413,0.6456202864646912,0.1679188460111618,0.4591594338417053,,,,,
realmlp,kpx_group_3,32,0.6233867529560538,0.5717229843139648,0.5623458027839661,0.162674680352211,0.28736627101898193,,,,,
realmlp,all,33,0.4857305349672542,0.4546828269958496,0.6484874486923218,0.1505942940711975,0.4475691318511963,0.5283424757859286,0.2840795661596691,0.38610684871673584,0.0,
realmlp,kpx_group_1,33,0.5102398044922772,0.45139941573143005,0.6588359475135803,0.12814956903457642,0.4458214342594147,,,,,
realmlp,kpx_group_2,33,0.46122126412742276,0.45796626806259155,0.6381389498710632,0.1730390191078186,0.4493168890476227,,,,,
realmlp,kpx_group_3,33,0.6140427028431612,0.5791082978248596,0.5641674399375916,0.14678487181663513,0.275119811296463,,,,,
realmlp,all,34,0.48065204217153434,0.4360882043838501,0.6634002923965454,0.14723172783851624,0.47403231263160706,0.5226629411472994,0.2800726246307878,0.40016311407089233,0.0,
realmlp,kpx_group_1,34,0.5030311753644663,0.4238046705722809,0.6805165410041809,0.1269105225801468,0.487943559885025,,,,,
realmlp,kpx_group_2,34,0.45827291599091363,0.4483717083930969,0.6462840437889099,0.16755293309688568,0.4601210653781891,,,,,
realmlp,kpx_group_3,34,0.6081169247627258,0.5804202556610107,0.5635610818862915,0.15260733664035797,0.2797294557094574,,,,,
realmlp,all,35,0.47449977827422757,0.4454689025878906,0.6579963564872742,0.1465485394001007,0.46254122257232666,0.5160416184979326,0.2769456137629116,0.3934703469276428,0.0,
realmlp,kpx_group_1,35,0.49845539690817103,0.4444939196109772,0.6650369763374329,0.12684836983680725,0.4569222629070282,,,,,
realmlp,kpx_group_2,35,0.45054415876374526,0.4464438557624817,0.6509557366371155,0.16624870896339417,0.46816015243530273,,,,,
realmlp,kpx_group_3,35,0.5909827982678133,0.5761080980300903,0.5657990574836731,0.14542314410209656,0.2770213186740875,,,,,
realmlp,all,36,0.468608784763252,0.44786787033081055,0.6551281213760376,0.14849424362182617,0.45875048637390137,0.5098136374179054,0.27469900513396545,0.4005510210990906,0.0,
realmlp,kpx_group_1,36,0.4926881597322576,0.4408230185508728,0.6672241687774658,0.1263788640499115,0.46082720160484314,,,,,
realmlp,kpx_group_2,36,0.44452941067078533,0.45491257309913635,0.6430320739746094,0.17060965299606323,0.456673800945282,,,,,
realmlp,kpx_group_3,36,0.5848098730339724,0.5473886132240295,0.5848516225814819,0.14844480156898499,0.31814804673194885,,,,,
realmlp,all,37,0.46547669128460045,0.4489006996154785,0.6547656059265137,0.14688099920749664,0.45641225576400757,0.5066530963077265,0.27450932825312896,0.39597028493881226,0.0,
realmlp,kpx_group_1,37,0.4882303336087395,0.44712501764297485,0.6628973484039307,0.1257086992263794,0.45150333642959595,,,,,
realmlp,kpx_group_2,37,0.4427230507135391,0.4506763517856598,0.6466339826583862,0.16805331408977509,0.46132123470306396,,,,,
realmlp,kpx_group_3,37,0.5747692304499009,0.5136184692382812,0.6059991717338562,0.1494227647781372,0.3614211082458496,,,,,
realmlp,all,38,0.4619451099458863,0.44387492537498474,0.6586074829101562,0.14760346710681915,0.46481853723526,0.5028513700646513,0.27270841335549073,0.3971240520477295,0.0,
realmlp,kpx_group_1,38,0.48646778218886433,0.4371698796749115,0.6697235107421875,0.12652596831321716,0.46597301959991455,,,,,
realmlp,kpx_group_2,38,0.4374224381411777,0.4505799114704132,0.6474915146827698,0.16868096590042114,0.4636640250682831,,,,,
realmlp,kpx_group_3,38,0.573993965106852,0.5096573233604431,0.609207272529602,0.1465543657541275,0.3649689555168152,,,,,
realmlp,all,39,0.46052246803746505,0.4463047385215759,0.6570254564285278,0.1475711315870285,0.46162205934524536,0.5012918145341032,0.2717956295784782,0.3959663510322571,0.0,
realmlp,kpx_group_1,39,0.48498136681668896,0.4417531490325928,0.6666534543037415,0.1264830380678177,0.4597899615764618,,,,,
realmlp,kpx_group_2,39,0.43606357451747446,0.4508562982082367,0.647397518157959,0.16865922510623932,0.4634541869163513,,,,,
realmlp,kpx_group_3,39,0.5700115333585178,0.5370922088623047,0.5931583642959595,0.14236296713352203,0.3286797106266022,,,,,
realmlp,all,40,0.4593910526703386,0.4452488124370575,0.6590412259101868,0.14725932478904724,0.4653417468070984,0.5000815317034721,0.27126982391757126,0.39574745297431946,0.0,
realmlp,kpx_group_1,40,0.4839044336010428,0.44054678082466125,0.6690003275871277,0.12647490203380585,0.4644755423069,,,,,
realmlp,kpx_group_2,40,0.4348776813815622,0.44995084404945374,0.6490821242332458,0.16804374754428864,0.46620798110961914,,,,,
realmlp,kpx_group_3,40,0.5666697393445408,0.5349789261817932,0.5952106714248657,0.14268498122692108,0.33310627937316895,,,,,
realmlp,all,41,0.4594457210863338,0.446694552898407,0.657706618309021,0.14761698246002197,0.46303021907806396,0.5002181039136999,0.27181590940145883,0.39620280265808105,0.0,
realmlp,kpx_group_1,41,0.48383645055925145,0.44253018498420715,0.6680408716201782,0.12649288773536682,0.4625745415687561,,,,,
realmlp,kpx_group_2,41,0.4350549933664939,0.4508589506149292,0.6473724246025085,0.16874109208583832,0.463485985994339,,,,,
realmlp,kpx_group_3,41,0.5693892941755407,0.5336196422576904,0.5944921374320984,0.1429421305656433,0.3319264054298401,,,,,
realmlp,all,42,0.45892488693489747,0.4440009295940399,0.6590626239776611,0.14712251722812653,0.46524786949157715,0.4996190312154153,0.27129429534954186,0.3949163854122162,0.0,
realmlp,kpx_group_1,42,0.4827148454154239,0.43915197253227234,0.6690820455551147,0.12698836624622345,0.46515241265296936,,,,,
realmlp,kpx_group_2,42,0.43513492363340717,0.4488498270511627,0.6490433812141418,0.167256698012352,0.46534350514411926,,,,,
realmlp,kpx_group_3,42,0.5688087870092953,0.5299044251441956,0.5972836017608643,0.14350008964538574,0.3380672335624695,,,,,
realmlp,all,43,0.4590927029357237,0.4478679597377777,0.6551701426506042,0.14720426499843597,0.4575445055961609,0.49981261745971794,0.27146608996040683,0.39652517437934875,0.0,
realmlp,kpx_group_1,43,0.48406319889952154,0.44538864493370056,0.6637256145477295,0.12599661946296692,0.4534478187561035,,,,,
realmlp,kpx_group_2,43,0.4341221982065369,0.45034724473953247,0.646614670753479,0.16841192543506622,0.46164125204086304,,,,,
realmlp,kpx_group_3,43,0.5680459667654598,0.5415213704109192,0.5904945135116577,0.1416686624288559,0.3226577341556549,,,,,
realmlp,all,44,0.4601707638186567,0.44156867265701294,0.6591826677322388,0.14809545874595642,0.4664607644081116,0.5008619510952164,0.2712745946996352,0.39393964409828186,0.0,
realmlp,kpx_group_1,44,0.4841938378179775,0.43261465430259705,0.6731064319610596,0.12770511209964752,0.47391802072525024,,,,,
realmlp,kpx_group_2,44,0.4361476968316471,0.4505227208137512,0.6452588438987732,0.1684858202934265,0.4590035378932953,,,,,
realmlp,kpx_group_3,44,0.5735343642094556,0.5544836521148682,0.5809756517410278,0.14282481372356415,0.3047761917114258,,,,,
realmlp,all,45,0.4607473414610414,0.45056256651878357,0.6536457538604736,0.14741647243499756,0.45470795035362244,0.501585779382902,0.2722562297302134,0.39753174781799316,0.0,
realmlp,kpx_group_1,45,0.4860409283462693,0.45191407203674316,0.6598429679870605,0.12612639367580414,0.4458124041557312,,,,,
realmlp,kpx_group_2,45,0.43545375676716075,0.449211061000824,0.6474484801292419,0.16870656609535217,0.46360352635383606,,,,,
realmlp,kpx_group_3,45,0.572376177591436,0.5403882265090942,0.588387131690979,0.14340417087078094,0.32017841935157776,,,,,
realmlp,all,46,0.46383560361231074,0.44614914059638977,0.6577580571174622,0.14745274186134338,0.4629688858985901,0.504681143690558,0.27230358496308327,0.3934110403060913,0.0,
realmlp,kpx_group_1,46,0.4888398165211958,0.44128504395484924,0.6674562096595764,0.12654398381710052,0.46145638823509216,,,,,
realmlp,kpx_group_2,46,0.4388313950861202,0.4510132968425751,0.6480599045753479,0.16836147010326385,0.46448132395744324,,,,,
realmlp,kpx_group_3,46,0.5813978437115165,0.5420892238616943,0.5916444063186646,0.14415767788887024,0.3274464011192322,,,,,
realmlp,all,47,0.4645487749401261,0.44596683979034424,0.655931293964386,0.15047049522399902,0.4623330235481262,0.5055746861240443,0.2735060602426529,0.4062461256980896,0.0,
realmlp,kpx_group_1,47,0.48848564966636543,0.4350093901157379,0.6707240343093872,0.12653768062591553,0.46798571944236755,,,,,
realmlp,kpx_group_2,47,0.44061189889907837,0.4569242596626282,0.64113849401474,0.17440329492092133,0.4566802978515625,,,,,
realmlp,kpx_group_3,47,0.5780927819364211,0.5377858281135559,0.5931995511054993,0.14405784010887146,0.33045700192451477,,,,,
realmlp,all,48,0.4679587268654038,0.43513405323028564,0.664014458656311,0.14952003955841064,0.4775490462779999,0.5089967890697367,0.27358706361230684,0.3967705965042114,0.0,
realmlp,kpx_group_1,48,0.49061499930479946,0.4200643301010132,0.6796577572822571,0.1293630748987198,0.48867860436439514,,,,,
realmlp,kpx_group_2,48,0.44530246100004983,0.45020368695259094,0.6483712792396545,0.1696769744157791,0.4664194881916046,,,,,
realmlp,kpx_group_3,48,0.5827560389743132,0.565898597240448,0.5712088346481323,0.15018330514431,0.29260098934173584,,,,,
realmlp,all,49,0.4701625639024903,0.44842034578323364,0.6551011204719543,0.15057070553302765,0.4607729911804199,0.5114917426424868,0.2755278381792938,0.39578551054000854,0.0,
realmlp,kpx_group_1,49,0.49452094821368947,0.44140246510505676,0.6665761470794678,0.12827736139297485,0.4614297151565552,,,,,
realmlp,kpx_group_2,49,0.4458041901097578,0.4554382264614105,0.6436260938644409,0.17286404967308044,0.4601162374019623,,,,,
realmlp,kpx_group_3,49,0.5874381258207209,0.5797440409660339,0.5633040070533752,0.14683084189891815,0.27343887090682983,,,,,
realmlp,all,50,0.47039767486207623,0.4320130944252014,0.6663194298744202,0.14598892629146576,0.4786278009414673,0.5117319756570984,0.2755620339337517,0.4013392925262451,0.0,
realmlp,kpx_group_1,50,0.4936852946000941,0.41935500502586365,0.6822918653488159,0.12439751625061035,0.4889812469482422,,,,,
realmlp,kpx_group_2,50,0.4471100520561723,0.444671094417572,0.6503469944000244,0.16758033633232117,0.46827438473701477,,,,,
realmlp,kpx_group_3,50,0.5922225345583523,0.5035091638565063,0.6140889525413513,0.14655698835849762,0.3747348487377167,,,,,
realmlp,all,51,0.47144482547745986,0.4525241255760193,0.65338134765625,0.1490705907344818,0.4558333456516266,0.5130323868464021,0.27725037143510933,0.38654112815856934,0.0,
realmlp,kpx_group_1,51,0.496653255294351,0.45541995763778687,0.6576972007751465,0.1274481564760208,0.4428425133228302,,,,,
realmlp,kpx_group_2,51,0.44623639566056866,0.4496283531188965,0.6490656137466431,0.1706930249929428,0.46882420778274536,,,,,
realmlp,kpx_group_3,51,0.5889266518985524,0.5616243481636047,0.5720309019088745,0.15335090458393097,0.2974126636981964,,,,,
realmlp,all,52,0.47417478175724254,0.45193296670913696,0.6490051746368408,0.15743118524551392,0.45544153451919556,0.5160627259927637,0.27925292665467544,0.38932621479034424,0.0,
realmlp,kpx_group_1,52,0.4969038139371311,0.4330790340900421,0.6706565022468567,0.13312017917633057,0.47443318367004395,,,,,
realmlp,kpx_group_2,52,0.4514457487008151,0.4707868695259094,0.6273539066314697,0.18174220621585846,0.43644994497299194,,,,,
realmlp,kpx_group_3,52,0.5893514804980334,0.5330294370651245,0.5934534668922424,0.15233492851257324,0.3392418920993805,,,,,
realmlp,all,53,0.4743261473143802,0.44760507345199585,0.6568175554275513,0.14643742144107819,0.46007245779037476,0.5161347498788553,0.2787240204565665,0.37778913974761963,0.0,
realmlp,kpx_group_1,53,0.49536945802323956,0.437126100063324,0.6713255047798157,0.12258939445018768,0.4652404189109802,,,,,
realmlp,kpx_group_2,53,0.45328283397590413,0.4580839276313782,0.6423095464706421,0.1702854335308075,0.4549044966697693,,,,,
realmlp,kpx_group_3,53,0.5970553422675413,0.5823239684104919,0.5641416311264038,0.1520863026380539,0.28036952018737793,,,,,
realmlp,all,54,0.473788263166652,0.46509966254234314,0.6416162848472595,0.1489986628293991,0.43223124742507935,0.5155547042103374,0.27844298367991166,0.39055514335632324,0.0,
realmlp,kpx_group_1,54,0.4969651826164302,0.4741745591163635,0.643140435218811,0.12676724791526794,0.4130481779575348,,,,,
realmlp,kpx_group_2,54,0.4506113375811016,0.45602476596832275,0.640092134475708,0.17123007774353027,0.4514143764972687,,,,,
realmlp,kpx_group_3,54,0.5934122011942022,0.5370068550109863,0.5853556394577026,0.1569405198097229,0.3276517689228058,,,,,
realmlp,all,55,0.4748401330674396,0.44160762429237366,0.6598419547080994,0.14517240226268768,0.46485626697540283,0.5167483214069816,0.27938784856130094,0.4040217697620392,0.0,
realmlp,kpx_group_1,55,0.49747802930719714,0.4472999572753906,0.6626207232475281,0.12771232426166534,0.4529537260532379,,,,,
realmlp,kpx_group_2,55,0.4522022473461488,0.43591535091400146,0.6570631861686707,0.16263249516487122,0.4767588675022125,,,,,
realmlp,kpx_group_3,55,0.6005580320077784,0.5559195876121521,0.5723838210105896,0.15978920459747314,0.30455687642097473,,,,,
realmlp,all,56,0.47436244172208447,0.4518243372440338,0.6518218517303467,0.14286868274211884,0.4465124011039734,0.516344217254835,0.27987850939526276,0.3720431327819824,0.0,
realmlp,kpx_group_1,56,0.49809569777811274,0.46076464653015137,0.6515791416168213,0.12450537830591202,0.42766374349594116,,,,,
realmlp,kpx_group_2,56,0.45062918566605625,0.44288399815559387,0.6520645022392273,0.16123196482658386,0.4653610289096832,,,,,
realmlp,kpx_group_3,56,0.6033256790217232,0.5654100179672241,0.5722389221191406,0.14945723116397858,0.29393506050109863,,,,,
realmlp,all,57,0.4748544018058216,0.44875824451446533,0.6552517414093018,0.14597061276435852,0.4564741551876068,0.5169617288252887,0.2807154765023905,0.3791658282279968,0.0,
realmlp,kpx_group_1,57,0.5005294167820145,0.4517782926559448,0.6580905318260193,0.12785273790359497,0.44403380155563354,,,,,
realmlp,kpx_group_2,57,0.44917937718770085,0.4457381069660187,0.652413010597229,0.16408848762512207,0.4689145088195801,,,,,
realmlp,kpx_group_3,57,0.5963210901793312,0.5483463406562805,0.5826641917228699,0.14815008640289307,0.3134784698486328,,,,,
realmlp,all,58,0.47579657111097784,0.43947774171829224,0.6609729528427124,0.15134891867637634,0.473294734954834,0.5175440193099135,0.2783162681495442,0.38005536794662476,0.0,
realmlp,kpx_group_1,58,0.4987664709196371,0.42361730337142944,0.678460955619812,0.1275903284549713,0.48451220989227295,,,,,
realmlp,kpx_group_2,58,0.45282667086404915,0.4553382098674774,0.643484890460968,0.17510752379894257,0.4620773494243622,,,,,
realmlp,kpx_group_3,58,0.5934904445620144,0.5749168395996094,0.560388445854187,0.16555240750312805,0.2863292396068573,,,,,
realmlp,all,59,0.47182513378998814,0.478985458612442,0.6350018978118896,0.14817486703395844,0.4181786775588989,0.5130727632957346,0.27498418618651,0.35882917046546936,0.0,
realmlp,kpx_group_1,59,0.4954473341212553,0.5069029927253723,0.6218163371086121,0.12615904211997986,0.36979177594184875,,,,,
realmlp,kpx_group_2,59,0.4482029277612181,0.4510679244995117,0.6481873989105225,0.170190691947937,0.4665655493736267,,,,,
realmlp,kpx_group_3,59,0.594430520254023,0.5494161248207092,0.5830736756324768,0.15023869276046753,0.31638601422309875,,,,,
realmlp,all,60,0.46934491483604207,0.4407007098197937,0.660783052444458,0.14549115300178528,0.46705734729766846,0.5106022200163673,0.27504870448918906,0.3691931962966919,0.0,
realmlp,kpx_group_1,60,0.49167455601341586,0.44111645221710205,0.665713369846344,0.12782415747642517,0.45925089716911316,,,,,
realmlp,kpx_group_2,60,0.4470152710290516,0.4402849078178406,0.6558529138565063,0.163158118724823,0.4748638868331909,,,,,
realmlp,kpx_group_3,60,0.5895806971718284,0.5914933085441589,0.5560361742973328,0.14811035990715027,0.2601827383041382,,,,,
realmlp,all,61,0.4703405626556453,0.4462512731552124,0.6579980850219727,0.14445683360099792,0.46045300364494324,0.5114387015209478,0.27398756102604027,0.3772369623184204,0.0,
realmlp,kpx_group_1,61,0.49511496854179043,0.44725555181503296,0.6639727354049683,0.12561076879501343,0.45355623960494995,,,,,
realmlp,kpx_group_2,61,0.4455661563312306,0.44524693489074707,0.6520234942436218,0.16330289840698242,0.4673498570919037,,,,,
realmlp,kpx_group_3,61,0.5935409857946283,0.5880135893821716,0.5561824440956116,0.1483762115240097,0.26074114441871643,,,,,
realmlp,all,62,0.46450269441394243,0.4354870319366455,0.6658303737640381,0.1385774463415146,0.47023826837539673,0.5059590352808728,0.27637560139684114,0.3585013151168823,0.0,
realmlp,kpx_group_1,62,0.4894815529970562,0.44759777188301086,0.6586171984672546,0.12535443902015686,0.44258883595466614,,,,,
realmlp,kpx_group_2,62,0.4395238310098648,0.423376202583313,0.6730436682701111,0.1518004983663559,0.49788782000541687,,,,,
realmlp,kpx_group_3,62,0.5930400052491356,0.5989331007003784,0.5502975583076477,0.15527288615703583,0.2558680474758148,,,,,
realmlp,all,63,0.45964574112611656,0.44335368275642395,0.6602282524108887,0.14158886671066284,0.4620453119277954,0.5003930882495993,0.27164893860326095,0.3648487329483032,0.0,
realmlp,kpx_group_1,63,0.4844789645251106,0.44377219676971436,0.6667212247848511,0.12242114543914795,0.4558635354042053,,,,,
realmlp,kpx_group_2,63,0.4348125238628948,0.44293513894081116,0.6537352800369263,0.16075660288333893,0.4682271480560303,,,,,
realmlp,kpx_group_3,63,0.584277819184696,0.5900335311889648,0.5588579177856445,0.14626193046569824,0.2639777660369873,,,,,
realmlp,all,64,0.45980672319145766,0.43839478492736816,0.663293719291687,0.14525723457336426,0.47184470295906067,0.5002187806017259,0.26941368487827916,0.35486364364624023,0.0,
realmlp,kpx_group_1,64,0.48468448703779893,0.4291459619998932,0.6765862107276917,0.12435867637395859,0.4775310754776001,,,,,
realmlp,kpx_group_2,64,0.4349289672339664,0.4476434588432312,0.6500012874603271,0.16615578532218933,0.46615833044052124,,,,,
realmlp,kpx_group_3,64,0.5766052323229173,0.5616793036460876,0.575360119342804,0.1515440195798874,0.3022643029689789,,,,,
realmlp,all,65,0.4557795607868363,0.4482095539569855,0.6562529802322388,0.1455780565738678,0.4580840766429901,0.4960203227751395,0.26827171488719825,0.3659290373325348,0.0,
realmlp,kpx_group_1,65,0.4814124195014729,0.45045047998428345,0.6602649092674255,0.1260053515434265,0.4465351700782776,,,,,
realmlp,kpx_group_2,65,0.4301467011956608,0.4459686279296875,0.6522411704063416,0.16515079140663147,0.4696331024169922,,,,,
realmlp,kpx_group_3,65,0.5787098968730253,0.5643464922904968,0.5736505389213562,0.15070244669914246,0.29800358414649963,,,,,
realmlp,all,66,0.45444536340587277,0.4540309011936188,0.6527503728866577,0.1424994170665741,0.4480002522468567,0.49412757026798587,0.2645480516640579,0.3535539507865906,0.0,
realmlp,kpx_group_1,66,0.4781067445874214,0.46965569257736206,0.647642970085144,0.1252755969762802,0.4205615222454071,,,,,
realmlp,kpx_group_2,66,0.4307839769650908,0.4384060502052307,0.6578578352928162,0.15972325205802917,0.4754389822483063,,,,,
realmlp,kpx_group_3,66,0.5751800940317267,0.5665375590324402,0.573931097984314,0.14671219885349274,0.2945743501186371,,,,,
realmlp,all,67,0.4506628263522597,0.4444563388824463,0.6589547395706177,0.14322303235530853,0.4611324965953827,0.4902512952685356,0.2639231114264797,0.35333800315856934,0.0,
realmlp,kpx_group_1,67,0.4747169530567001,0.4516929090023041,0.6575943231582642,0.12630483508110046,0.44149357080459595,,,,,
realmlp,kpx_group_2,67,0.4266087014008971,0.4372197389602661,0.6603151559829712,0.1601412445306778,0.4807714819908142,,,,,
realmlp,kpx_group_3,67,0.5766783672220567,0.5615782141685486,0.5783751606941223,0.14490704238414764,0.3016573488712311,,,,,
realmlp,all,68,0.44502393594559503,0.44220706820487976,0.6621248126029968,0.1432899534702301,0.46753954887390137,0.4842787810108241,0.2616989174309899,0.35485586524009705,0.0,
realmlp,kpx_group_1,68,0.4692450893275878,0.44400545954704285,0.6638644337654114,0.12829747796058655,0.4560263454914093,,,,,
realmlp,kpx_group_2,68,0.4208027948351467,0.4404086768627167,0.6603851914405823,0.15828241407871246,0.4790527820587158,,,,,
realmlp,kpx_group_3,68,0.5634176976540509,0.5584024786949158,0.5818490982055664,0.14174233376979828,0.3054405152797699,,,,,
realmlp,all,69,0.4398213300634833,0.4518545866012573,0.6507868766784668,0.14938563108444214,0.4509594738483429,0.478587009889238,0.25843780904131775,0.3605436682701111,0.0,
realmlp,kpx_group_1,69,0.46224798831869574,0.462025910615921,0.6493730545043945,0.13041231036186218,0.42915838956832886,,,,,
realmlp,kpx_group_2,69,0.41739467662923474,0.44168320298194885,0.6522008180618286,0.1683589518070221,0.4727605879306793,,,,,
realmlp,kpx_group_3,69,0.5670369249932906,0.5530292391777039,0.5835608243942261,0.14741729199886322,0.31453895568847656,,,,,
realmlp,all,70,0.43695399384288225,0.4514334797859192,0.6549791097640991,0.14227226376533508,0.45223045349121094,0.4755123077946551,0.2570554066230269,0.3569432199001312,0.0,
realmlp,kpx_group_1,70,0.46349306579898386,0.47804486751556396,0.6380062699317932,0.12677010893821716,0.40278270840644836,,,,,
realmlp,kpx_group_2,70,0.4104149170658168,0.4248221218585968,0.6719518899917603,0.157774418592453,0.5016782283782959,,,,,
realmlp,kpx_group_3,70,0.5642420369036057,0.4829927384853363,0.6314650774002075,0.15007810294628143,0.4130082428455353,,,,,
realmlp,all,71,0.42918939756996494,0.44247132539749146,0.6619433164596558,0.14389881491661072,0.46778547763824463,0.46724725646131177,0.2537190399187453,0.35525280237197876,0.0,
realmlp,kpx_group_1,71,0.4525534203823875,0.44714534282684326,0.6644576787948608,0.1267363280057907,0.4556517004966736,,,,,
realmlp,kpx_group_2,71,0.4058253756340812,0.4377972185611725,0.6594289541244507,0.16106130182743073,0.4799192249774933,,,,,
realmlp,kpx_group_3,71,0.5551842977018917,0.5429178476333618,0.5863444209098816,0.1442367285490036,0.3169255554676056,,,,,
realmlp,all,72,0.42655499279499054,0.4414772391319275,0.6623147130012512,0.14549563825130463,0.4701250493526459,0.4642647189252517,0.2513981568900978,0.36445069313049316,0.0,
realmlp,kpx_group_1,72,0.449462350238772,0.4444933831691742,0.6657508611679077,0.1265522688627243,0.45805394649505615,,,,,
realmlp,kpx_group_2,72,0.40364764324005914,0.43846094608306885,0.6588785648345947,0.16443905234336853,0.48219621181488037,,,,,
realmlp,kpx_group_3,72,0.5514941829092362,0.4967052638530731,0.6196188926696777,0.15334558486938477,0.39258331060409546,,,,,
realmlp,all,73,0.418591369600857,0.43552637100219727,0.6661084890365601,0.14260970056056976,0.4748266339302063,0.45583081333076253,0.24826294030336774,0.3580702245235443,0.0,
realmlp,kpx_group_1,73,0.44298868451048345,0.4342029392719269,0.6725614070892334,0.12413349002599716,0.46925634145736694,,,,,
realmlp,kpx_group_2,73,0.39419405556776943,0.43684980273246765,0.6596555709838867,0.16108590364456177,0.4803970158100128,,,,,
realmlp,kpx_group_3,73,0.5489084194688236,0.5525495409965515,0.5809985995292664,0.14722102880477905,0.30921822786331177,,,,,
realmlp,all,74,0.4159574412247714,0.4339964985847473,0.6680727005004883,0.14622414112091064,0.4823695421218872,0.45291778664378557,0.2464022971689701,0.37026387453079224,0.0,
realmlp,kpx_group_1,74,0.4396074418635929,0.4302857220172882,0.6758102178573608,0.12801802158355713,0.4796384274959564,,,,,
realmlp,kpx_group_2,74,0.39230743883287206,0.43770718574523926,0.6603351831436157,0.16443027555942535,0.4851005971431732,,,,,
realmlp,kpx_group_3,74,0.5422457403996411,0.5509889721870422,0.582200288772583,0.149358332157135,0.3137589395046234,,,,,
realmlp,all,75,0.40887918323278427,0.46008896827697754,0.6452968120574951,0.15140707790851593,0.44200068712234497,0.4451989645467085,0.24213185490054243,0.36771348118782043,0.0,
realmlp,kpx_group_1,75,0.43332606203415813,0.4748690128326416,0.6394294500350952,0.13454759120941162,0.41340652108192444,,,,,
realmlp,kpx_group_2,75,0.384432291283327,0.4453088343143463,0.651164174079895,0.16826657950878143,0.47059497237205505,,,,,
realmlp,kpx_group_3,75,0.5443203799864825,0.5396996736526489,0.5866920948028564,0.149115651845932,0.32249993085861206,,,,,
realmlp,all,76,0.4008771514191347,0.4481049180030823,0.6565020680427551,0.14542032778263092,0.4584243893623352,0.43684840114677653,0.23980830522144542,0.3779917359352112,0.0,
realmlp,kpx_group_1,76,0.4255793151610038,0.4596424698829651,0.6534873247146606,0.12778259813785553,0.43475720286369324,,,,,
realmlp,kpx_group_2,76,0.3761749872389962,0.4365673065185547,0.6595168113708496,0.1630580723285675,0.48209166526794434,,,,,
realmlp,kpx_group_3,76,0.5366031194434446,0.5535964369773865,0.5839070677757263,0.1419772356748581,0.3097913861274719,,,,,
realmlp,all,77,0.3974706539336373,0.45628243684768677,0.6521456837654114,0.14497864246368408,0.44926998019218445,0.43292366976247115,0.23635341336621957,0.3666090965270996,0.0,
realmlp,kpx_group_1,77,0.4205733620945145,0.4747818112373352,0.6451517343521118,0.12754368782043457,0.4178471863269806,,,,,
realmlp,kpx_group_2,77,0.37436794884064617,0.43778300285339355,0.6591396331787109,0.16241364181041718,0.48069289326667786,,,,,
realmlp,kpx_group_3,77,0.542607843875885,0.5333636999130249,0.5941243767738342,0.14331087470054626,0.3315596580505371,,,,,
realmlp,all,78,0.3909090345396715,0.45975974202156067,0.6490870118141174,0.14398953318595886,0.4421635568141937,0.42602993942358913,0.23413935741957495,0.3671715259552002,0.0,
realmlp,kpx_group_1,78,0.41414932906627655,0.47786015272140503,0.6438158750534058,0.12642522156238556,0.41405701637268066,,,,,
realmlp,kpx_group_2,78,0.367668735630372,0.44165927171707153,0.6543581485748291,0.16155381500720978,0.4702701270580292,,,,,
realmlp,kpx_group_3,78,0.5325996490085826,0.5037606358528137,0.6149933338165283,0.150560662150383,0.3805473744869232,,,,,
realmlp,all,79,0.3864387760267538,0.4505018889904022,0.6546345949172974,0.14445969462394714,0.45372897386550903,0.4210594787317164,0.23080468024401105,0.37534281611442566,0.0,
realmlp,kpx_group_1,79,0.4104996384943233,0.46376797556877136,0.6511462926864624,0.12816449999809265,0.43045711517333984,,,,,
realmlp,kpx_group_2,79,0.3623779065468732,0.4372358024120331,0.6581229567527771,0.16075488924980164,0.4770008325576782,,,,,
realmlp,kpx_group_3,79,0.5240333956830642,0.4945436418056488,0.6215913891792297,0.15207791328430176,0.3952607214450836,,,,,
realmlp,all,80,0.37974845793317347,0.4496428966522217,0.6562347412109375,0.14365357160568237,0.4561230540275574,0.41408494509318294,0.22890991586096146,0.3749513030052185,0.0,
realmlp,kpx_group_1,80,0.4026992531383739,0.4653698801994324,0.6487040519714355,0.12809224426746368,0.4255003333091736,,,,,
realmlp,kpx_group_2,80,0.35679766009835634,0.4339158833026886,0.6637654304504395,0.15921489894390106,0.48674580454826355,,,,,
realmlp,kpx_group_3,80,0.5225722009644789,0.5355271100997925,0.5927892923355103,0.14363069832324982,0.32920920848846436,,,,,
realmlp,all,81,0.3749750861350228,0.44540584087371826,0.6569703221321106,0.14625239372253418,0.46019303798675537,0.40900923092575636,0.22689428487244775,0.378801554441452,0.0,
realmlp,kpx_group_1,81,0.3969792622853728,0.44984716176986694,0.658806562423706,0.12902617454528809,0.4466392993927002,,,,,
realmlp,kpx_group_2,81,0.3529709108612117,0.4409644603729248,0.6551340818405151,0.16347865760326385,0.47374680638313293,,,,,
realmlp,kpx_group_3,81,0.5189788280164495,0.524396538734436,0.5981342196464539,0.14721694588661194,0.3434853255748749,,,,,
realmlp,all,82,0.37113885844455047,0.4558064639568329,0.6522051095962524,0.1456206738948822,0.4500309228897095,0.4050156829111716,0.22584550762001207,0.37580060958862305,0.0,
realmlp,kpx_group_1,82,0.3941720798611641,0.46964937448501587,0.6483741998672485,0.12877485156059265,0.4255232810974121,,,,,
realmlp,kpx_group_2,82,0.34810563133043404,0.4419635534286499,0.6560360193252563,0.16246648132801056,0.47453856468200684,,,,,
realmlp,kpx_group_3,82,0.5147336493520176,0.5052377581596375,0.611904501914978,0.1487070918083191,0.3725161552429199,,,,,
realmlp,all,83,0.364788961761138,0.4485694169998169,0.6566019058227539,0.14495693147182465,0.4581608176231384,0.398275717654649,0.223245058208704,0.3786662220954895,0.0,
realmlp,kpx_group_1,83,0.38748618609764995,0.45953530073165894,0.6528963446617126,0.12856389582157135,0.43435660004615784,,,,,
realmlp,kpx_group_2,83,0.34209173698635664,0.43760356307029724,0.6603075861930847,0.16134998202323914,0.48196515440940857,,,,,
realmlp,kpx_group_3,83,0.5106519031174043,0.5212165117263794,0.6035959720611572,0.1485493928194046,0.35574138164520264,,,,,
realmlp,all,84,0.3613629612852545,0.45771709084510803,0.6511606574058533,0.14739641547203064,0.4497177004814148,0.39463256168014865,0.22179731113069198,0.3834509253501892,0.0,
realmlp,kpx_group_1,84,0.38330744732828703,0.4712151885032654,0.6474963426589966,0.1296776384115219,0.42467039823532104,,,,,
realmlp,kpx_group_2,84,0.3394184866372277,0.4442189633846283,0.65482497215271,0.16511517763137817,0.4747650623321533,,,,,
realmlp,kpx_group_3,84,0.505129848332966,0.5082798600196838,0.6109405755996704,0.15092994272708893,0.37281110882759094,,,,,
realmlp,all,85,0.3573014455683091,0.45940420031547546,0.650628924369812,0.14739662408828735,0.44865450263023376,0.3902725279331207,0.21980723672929933,0.3818398714065552,0.0,
realmlp,kpx_group_1,85,0.3803970226470162,0.47628986835479736,0.6433848738670349,0.13010935485363007,0.4168790876865387,,,,,
realmlp,kpx_group_2,85,0.33420586542171593,0.44251853227615356,0.6578730344772339,0.16468390822410583,0.4804300367832184,,,,,
realmlp,kpx_group_3,85,0.5070634808610467,0.47079792618751526,0.638206958770752,0.15651190280914307,0.43292587995529175,,,,,
realmlp,all,86,0.35471925972139134,0.4553011357784271,0.6526817083358765,0.1458590030670166,0.4512225389480591,0.3875871528597439,0.2191192623885239,0.381750226020813,0.0,
realmlp,kpx_group_1,86,0.37618795913808484,0.47124728560447693,0.6460343599319458,0.12971840798854828,0.4217870831489563,,,,,
realmlp,kpx_group_2,86,0.33325056994662566,0.4393550455570221,0.6593291759490967,0.16199956834316254,0.48065799474716187,,,,,
realmlp,kpx_group_3,86,0.5062636750585893,0.5017439723014832,0.6176563501358032,0.14781594276428223,0.38312870264053345,,,,,
realmlp,all,87,0.35140661194044,0.458050012588501,0.6502598524093628,0.1457810401916504,0.44630083441734314,0.3841162657036501,0.21806432635468595,0.38167837262153625,0.0,
realmlp,kpx_group_1,87,0.3738749632064034,0.47683173418045044,0.642441987991333,0.12967590987682343,0.41455990076065063,,,,,
realmlp,kpx_group_2,87,0.3289382650571711,0.43926817178726196,0.6580777168273926,0.16188620030879974,0.47804170846939087,,,,,
realmlp,kpx_group_3,87,0.5000231029356227,0.5024734139442444,0.6158255338668823,0.14850346744060516,0.38015449047088623,,,,,
realmlp,all,88,0.34771588269402,0.4524752199649811,0.6553685665130615,0.1446349024772644,0.45537203550338745,0.38021092160659675,0.21663357974851832,0.38240259885787964,0.0,
realmlp,kpx_group_1,88,0.37009691885289026,0.467718243598938,0.6493117213249207,0.128754660487175,0.4273781478404999,,,,,
realmlp,kpx_group_2,88,0.32533485398573037,0.43723219633102417,0.6614254713058472,0.16051512956619263,0.4833660125732422,,,,,
realmlp,kpx_group_3,88,0.5007552636020324,0.4935988783836365,0.6211050152778625,0.15148286521434784,0.3936929404735565,,,,,
realmlp,all,89,0.34785937693189173,0.45339235663414,0.6547446250915527,0.14469438791275024,0.45418354868888855,0.3802872826071346,0.2161860494490932,0.38317790627479553,0.0,
realmlp,kpx_group_1,89,0.37063849717378616,0.46844133734703064,0.6499488353729248,0.12903502583503723,0.42893263697624207,,,,,
realmlp,kpx_group_2,89,0.3250802549369195,0.438343346118927,0.6595402956008911,0.16035376489162445,0.47943440079689026,,,,,
realmlp,kpx_group_3,89,0.49481293120804953,0.50162273645401,0.6165227890014648,0.14895200729370117,0.38199764490127563,,,,,
realmlp,all,90,0.3460475710384986,0.4535875916481018,0.6538718342781067,0.14487579464912415,0.4526194632053375,0.3782738477868192,0.2148418614969534,0.3849112391471863,0.0,
realmlp,kpx_group_1,90,0.3687439758111449,0.4686967432498932,0.649292528629303,0.12891188263893127,0.42749691009521484,,,,,
realmlp,kpx_group_2,90,0.3233511662658523,0.4384785592556,0.6584511995315552,0.16083970665931702,0.4777420163154602,,,,,
realmlp,kpx_group_3,90,0.49395532204824333,0.4899846613407135,0.6244989633560181,0.15041431784629822,0.39941221475601196,,,,,
realmlp,all,91,0.3431776380714248,0.4545431137084961,0.6548274755477905,0.14465326070785522,0.45430809259414673,0.3754910015884568,0.21542241599629908,0.38434043526649475,0.0,
realmlp,kpx_group_1,91,0.3661284963874256,0.47120359539985657,0.6493801474571228,0.12878300249576569,0.4275432825088501,,,,,
realmlp,kpx_group_2,91,0.3202267771258074,0.437882661819458,0.6602746844291687,0.16052348911762238,0.48107287287712097,,,,,
realmlp,kpx_group_3,91,0.49682409009512735,0.49546533823013306,0.6195870637893677,0.14841236174106598,0.3875865042209625,,,,,
realmlp,all,92,0.34325147332514033,0.4525681734085083,0.6547927856445312,0.1448749154806137,0.454460471868515,0.37559403742060943,0.21561711259624539,0.3853245973587036,0.0,
realmlp,kpx_group_1,92,0.3660356468137573,0.46691691875457764,0.6497762799263,0.128827765583992,0.4283803403377533,,,,,
realmlp,kpx_group_2,92,0.3204672858119011,0.43821948766708374,0.6598092913627625,0.16092203557491302,0.4805406630039215,,,,,
realmlp,kpx_group_3,92,0.49210837571059957,0.49503540992736816,0.6194058656692505,0.14860351383686066,0.38741523027420044,,,,,
realmlp,all,93,0.3430331165299696,0.4522815942764282,0.6551215052604675,0.1449083387851715,0.4551513195037842,0.37537523315233345,0.21561407845686464,0.3852754533290863,0.0,
realmlp,kpx_group_1,93,0.36555803523344155,0.4663054645061493,0.6500452160835266,0.12885212898254395,0.42894256114959717,,,,,
realmlp,kpx_group_2,93,0.3205081995795755,0.43825769424438477,0.6601977944374084,0.16096453368663788,0.4813601076602936,,,,,
realmlp,kpx_group_3,93,0.49454964171437654,0.4944680631160736,0.6207774877548218,0.1487073302268982,0.39026233553886414,,,,,
realmlp,all,94,0.3419191946878153,0.4523637890815735,0.654918909072876,0.144899383187294,0.45473712682724,0.37423496649545784,0.2154384801054702,0.385272353887558,0.0,
realmlp,kpx_group_1,94,0.36568279520553704,0.4664818346500397,0.65004563331604,0.1288512647151947,0.42894256114959717,,,,,
realmlp,kpx_group_2,94,0.3181555854047046,0.4382457137107849,0.6597921252250671,0.16094748675823212,0.4805317223072052,,,,,
realmlp,kpx_group_3,94,0.49177860687760744,0.49439647793769836,0.6204463243484497,0.14873658120632172,0.3896292746067047,,,,,
realmlp,all,95,0.3425937496563968,0.4526546597480774,0.6548007726669312,0.14453931152820587,0.454140841960907,0.3747553281924304,0.21441048756241798,0.3849751353263855,0.0,
realmlp,kpx_group_1,95,0.36483603628242717,0.4678988456726074,0.6491810083389282,0.12876002490520477,0.4271220862865448,,,,,
realmlp,kpx_group_2,95,0.32035146785133023,0.437410444021225,0.6604205369949341,0.16031858325004578,0.48115962743759155,,,,,
realmlp,kpx_group_3,95,0.49132727349505706,0.49407145380973816,0.6205935478210449,0.14894996583461761,0.39013704657554626,,,,,
realmlp,all,96,0.34362397079958634,0.4519234299659729,0.6550120711326599,0.14487221837043762,0.45489639043807983,0.37585553044781966,0.21487705431440296,0.38563650846481323,0.0,
realmlp,kpx_group_1,96,0.36556492789703254,0.4656851887702942,0.650147020816803,0.1287837028503418,0.42907771468162537,,,,,
realmlp,kpx_group_2,96,0.32168301633175683,0.4381616711616516,0.6598771810531616,0.16096070408821106,0.4807150959968567,,,,,
realmlp,kpx_group_3,96,0.4944790391361012,0.4937702715396881,0.6206114888191223,0.14920106530189514,0.39042404294013977,,,,,
realmlp,all,97,0.343447481008137,0.4518391191959381,0.6548383831977844,0.14499244093894958,0.45466920733451843,0.37574630011530485,0.21532545918050935,0.3848355710506439,0.0,
realmlp,kpx_group_1,97,0.36590317724382176,0.4655413031578064,0.6506569385528564,0.12913858890533447,0.4304524064064026,,,,,
realmlp,kpx_group_2,97,0.32099178696379943,0.4381369948387146,0.6590198874473572,0.1608462929725647,0.47888603806495667,,,,,
realmlp,kpx_group_3,97,0.49271054302944856,0.4971104860305786,0.6184579133987427,0.1486191302537918,0.3855348825454712,,,,,
realmlp,all,98,0.34290027004830975,0.4526447057723999,0.6551527380943298,0.14502489566802979,0.45533037185668945,0.3752342300379978,0.21555972362265868,0.3860471844673157,0.0,
realmlp,kpx_group_1,98,0.3651885802254957,0.466309130191803,0.6514355540275574,0.12898699939250946,0.431858092546463,,,,,
realmlp,kpx_group_2,98,0.32061196118593216,0.4389803111553192,0.6588699221611023,0.1610628068447113,0.4788026511669159,,,,,
realmlp,kpx_group_3,98,0.4907252402866588,0.5015031099319458,0.6169660091400146,0.14719903469085693,0.381131112575531,,,,,
realmlp,all,99,0.343707799911499,0.45575082302093506,0.6533608436584473,0.1453351080417633,0.4520567059516907,0.3759695348494193,0.21507821538869074,0.38495227694511414,0.0,
realmlp,kpx_group_1,99,0.36611201088218126,0.47251617908477783,0.6472979187965393,0.12928223609924316,0.42387810349464417,,,,,
realmlp,kpx_group_2,99,0.3213035924469723,0.43898534774780273,0.6594236493110657,0.16138797998428345,0.4802353084087372,,,,,
realmlp,kpx_group_3,99,0.493804395198822,0.5038326382637024,0.6163361668586731,0.14862562716007233,0.38129791617393494,,,,,
realmlp,all,100,0.34422993922934814,0.455582857131958,0.6540966629981995,0.14446240663528442,0.45265573263168335,0.376447419033331,0.21478319956975825,0.38381528854370117,0.0,
realmlp,kpx_group_1,100,0.36606382885399985,0.47087353467941284,0.6488129496574402,0.12862218916416168,0.42624810338020325,,,,,
realmlp,kpx_group_2,100,0.3223960478516186,0.4402921795845032,0.6593803763389587,0.16030259430408478,0.47906336188316345,,,,,
realmlp,kpx_group_3,100,0.49351542837479534,0.4925653040409088,0.6211258172988892,0.15168076753616333,0.3939323425292969,,,,,
realmlp,all,101,0.3457479577730684,0.4529440402984619,0.653679370880127,0.14475850760936737,0.4521172046661377,0.3779929915771765,0.2149669002084171,0.38513246178627014,0.0,
realmlp,kpx_group_1,101,0.36887940632946353,0.4675970673561096,0.6493443250656128,0.1296694576740265,0.4283580183982849,,,,,
realmlp,kpx_group_2,101,0.32261650571051764,0.4382910132408142,0.6580143570899963,0.15984757244586945,0.4758763015270233,,,,,
realmlp,kpx_group_3,101,0.49459206356721763,0.5058498382568359,0.6165497303009033,0.1456429660320282,0.3787424564361572,,,,,
realmlp,all,102,0.34598147649975386,0.45210427045822144,0.6543809175491333,0.14526918530464172,0.45403093099594116,0.37824344196740317,0.21507976094589515,0.38828790187835693,0.0,
realmlp,kpx_group_1,102,0.3685685580267626,0.4660574495792389,0.6497220993041992,0.12954594194889069,0.4289901554584503,,,,,
realmlp,kpx_group_2,102,0.32339439847890067,0.4381510615348816,0.6590396761894226,0.16099244356155396,0.47907179594039917,,,,,
realmlp,kpx_group_3,102,0.4928074969964869,0.5144283175468445,0.6085783839225769,0.14962822198867798,0.3667849898338318,,,,,
realmlp,all,103,0.34663183899486766,0.4481598734855652,0.6575562357902527,0.14557033777236938,0.46068277955055237,0.37887703232905445,0.21496794044094927,0.39157435297966003,0.0,
realmlp,kpx_group_1,103,0.3703291604624075,0.45709601044654846,0.6544507741928101,0.12920215725898743,0.43810364603996277,,,,,
realmlp,kpx_group_2,103,0.32293451577425003,0.4392237663269043,0.6606616973876953,0.16193853318691254,0.48326194286346436,,,,,
realmlp,kpx_group_3,103,0.494742536369492,0.5015859007835388,0.6171585321426392,0.15166053175926208,0.3859776258468628,,,,,
realmlp,all,104,0.34868074339978833,0.446883887052536,0.6580346822738647,0.14341115951538086,0.4594804644584656,0.38106393288163576,0.21588791030294754,0.38875705003738403,0.0,
realmlp,kpx_group_1,104,0.37133900558247285,0.4551047682762146,0.655218780040741,0.12777186930179596,0.4382094442844391,,,,,
realmlp,kpx_group_2,104,0.3260224825319122,0.43866294622421265,0.6608505249023438,0.15905043482780457,0.4807514548301697,,,,,
realmlp,kpx_group_3,104,0.4948960490086499,0.5119632482528687,0.6098873019218445,0.1508653312921524,0.37063995003700256,,,,,
realmlp,all,105,0.34804585313095765,0.45562952756881714,0.6526666879653931,0.14703664183616638,0.4523699879646301,0.3805108719012317,0.21643344882656546,0.3868294358253479,0.0,
realmlp,kpx_group_1,105,0.37122844115776177,0.46827441453933716,0.6490060687065125,0.13129658997058868,0.4293087124824524,,,,,
realmlp,kpx_group_2,105,0.3248632646658841,0.44298452138900757,0.6563273072242737,0.16277670860290527,0.47543132305145264,,,,,
realmlp,kpx_group_3,105,0.49872428967672233,0.526236891746521,0.5998362898826599,0.1471790075302124,0.3468516170978546,,,,,
realmlp,all,106,0.3499523786937489,0.4518592953681946,0.6571254730224609,0.14387086033821106,0.45812177658081055,0.3822518048041007,0.21532947745393305,0.38480067253112793,0.0,
realmlp,kpx_group_1,106,0.3732045428717838,0.46642568707466125,0.6514086723327637,0.12842990458011627,0.4312472343444824,,,,,
realmlp,kpx_group_2,106,0.32670021320090575,0.4372928738594055,0.6628422737121582,0.15931180119514465,0.4849962890148163,,,,,
realmlp,kpx_group_3,106,0.49862709290841045,0.5075769424438477,0.613020122051239,0.15332752466201782,0.37936773896217346,,,,,
realmlp,all,107,0.3468215220114764,0.4554758071899414,0.6531555652618408,0.14417621493339539,0.4504873752593994,0.3791713824166971,0.21566575020551682,0.3866412341594696,0.0,
realmlp,kpx_group_1,107,0.36764926594846387,0.47184044122695923,0.6462395191192627,0.12850162386894226,0.42098063230514526,,,,,
realmlp,kpx_group_2,107,0.32599377851275835,0.43911123275756836,0.6600716710090637,0.1598508208990097,0.47999417781829834,,,,,
realmlp,kpx_group_3,107,0.5022480163504096,0.48772698640823364,0.6280577182769775,0.14820468425750732,0.4043201804161072,,,,,
realmlp,all,108,0.3494400754570961,0.45365357398986816,0.6534057259559631,0.14539679884910583,0.4522082507610321,0.38185909434276466,0.21612678051871412,0.38636839389801025,0.0,
realmlp,kpx_group_1,108,0.3708876629962641,0.4615109860897064,0.6536756753921509,0.12795113027095795,0.4353024661540985,,,,,
realmlp,kpx_group_2,108,0.32799249186235313,0.4457961320877075,0.6531357765197754,0.16284248232841492,0.4691140651702881,,,,,
realmlp,kpx_group_3,108,0.5007666121510899,0.5307492613792419,0.5945729613304138,0.14947114884853363,0.33861711621284485,,,,,
realmlp,all,109,0.34853368471650514,0.45896053314208984,0.6505789756774902,0.14317718148231506,0.44433510303497314,0.38084255334208994,0.21539243376430342,0.39126259088516235,0.0,
realmlp,kpx_group_1,109,0.36962851531365337,0.4793398082256317,0.6412492394447327,0.12802539765834808,0.4105238914489746,,,,,
realmlp,kpx_group_2,109,0.3274388585020514,0.4385811984539032,0.659908652305603,0.15832895040512085,0.4781463146209717,,,,,
realmlp,kpx_group_3,109,0.49461789867457223,0.4896671772003174,0.6246278285980225,0.1505463570356369,0.39980199933052063,,,,,
realmlp,all,110,0.35017090772881226,0.4617002010345459,0.648325502872467,0.14482265710830688,0.44147369265556335,0.38240378130884733,0.21488581356756828,0.39298301935195923,0.0,
realmlp,kpx_group_1,110,0.3717722081962754,0.4798484742641449,0.6419365406036377,0.12915292382240295,0.41302597522735596,,,,,
realmlp,kpx_group_2,110,0.3285696112057742,0.4435519576072693,0.6547145247459412,0.16049239039421082,0.4699214994907379,,,,,
realmlp,kpx_group_3,110,0.503605826812632,0.5170402526855469,0.6047956347465515,0.14587163925170898,0.3554629385471344,,,,,
realmlp,all,111,0.3494701994692578,0.4602615535259247,0.6496748924255371,0.14468678832054138,0.444036602973938,0.3820195570588112,0.21699569703024976,0.3896790146827698,0.0,
realmlp,kpx_group_1,111,0.3695401983226047,0.4793066084384918,0.6414119005203247,0.128940612077713,0.4117644131183624,,,,,
realmlp,kpx_group_2,111,0.3294001993011026,0.4412165582180023,0.6579379439353943,0.16043296456336975,0.47630882263183594,,,,,
realmlp,kpx_group_3,111,0.5034060118829503,0.5322401523590088,0.5939534306526184,0.14780116081237793,0.33570799231529236,,,,,
realmlp,all,112,0.3505258599624914,0.4539909362792969,0.6533185839653015,0.1428571343421936,0.44949430227279663,0.38281437973765764,0.21525679528713226,0.3858163058757782,0.0,
realmlp,kpx_group_1,112,0.37083088913384604,0.4676554203033447,0.6487041711807251,0.12909634411334991,0.4265046715736389,,,,,
realmlp,kpx_group_2,112,0.3302208277232507,0.44032636284828186,0.6579329967498779,0.1566179245710373,0.4724839925765991,,,,,
realmlp,kpx_group_3,112,0.5055750319186378,0.5117478966712952,0.6116476058959961,0.1514091044664383,0.37470436096191406,,,,,
realmlp,all,113,0.35027532498626146,0.4448879361152649,0.6593239307403564,0.14508002996444702,0.4637278914451599,0.3825381328077877,0.21508535764673176,0.3992420434951782,0.0,
realmlp,kpx_group_1,113,0.37222322076559067,0.447365939617157,0.6612673997879028,0.1278039664030075,0.450338751077652,,,,,
realmlp,kpx_group_2,113,0.3283274309600101,0.4424099028110504,0.6573804616928101,0.16235612332820892,0.47711700201034546,,,,,
realmlp,kpx_group_3,113,0.5039835896562127,0.5224996209144592,0.602929949760437,0.1434927135705948,0.34935262799263,,,,,
realmlp,all,114,0.35081218139213677,0.45535677671432495,0.6508388519287109,0.1484166383743286,0.4500943422317505,0.3831092333968948,0.21531369120759122,0.3963758945465088,0.0,
realmlp,kpx_group_1,114,0.3714301472201067,0.4586969316005707,0.6540054082870483,0.12860970199108124,0.4366205930709839,,,,,
realmlp,kpx_group_2,114,0.33019421337281957,0.452016681432724,0.6476722955703735,0.16822358965873718,0.46356818079948425,,,,,
realmlp,kpx_group_3,114,0.5075034586822286,0.5523363351821899,0.5808529257774353,0.14522932469844818,0.30693519115448,,,,,
realmlp,all,115,0.35074469184174256,0.46594804525375366,0.6434192061424255,0.14454641938209534,0.43138474225997925,0.3827770273475086,0.21354888401487293,0.3908184766769409,0.0,
realmlp,kpx_group_1,115,0.37150337152621327,0.4907344877719879,0.6294876337051392,0.12871770560741425,0.387692928314209,,,,,
realmlp,kpx_group_2,115,0.32998601829304414,0.4411616325378418,0.6573507189750671,0.16037516295909882,0.4750766158103943,,,,,
realmlp,kpx_group_3,115,0.5087895279421526,0.5177106857299805,0.6032766103744507,0.1556197702884674,0.3621729910373688,,,,,
realmlp,all,116,0.3490956947207451,0.4559716582298279,0.6518129706382751,0.14364388585090637,0.44726985692977905,0.3811851774944979,0.2139298990368843,0.38340699672698975,0.0,
realmlp,kpx_group_1,116,0.3681965277475469,0.4647524952888489,0.6517253518104553,0.12791705131530762,0.43136775493621826,,,,,
realmlp,kpx_group_2,116,0.32999486257048216,0.4471908211708069,0.6519006490707397,0.15937073528766632,0.463172048330307,,,,,
realmlp,kpx_group_3,116,0.5088575797922471,0.5371485948562622,0.5893877744674683,0.15042029321193695,0.3291957974433899,,,,,
realmlp,all,117,0.3491038557361154,0.4568164348602295,0.6507068872451782,0.1450977474451065,0.44651156663894653,0.3811563187662293,0.21368306590353742,0.39178556203842163,0.0,
realmlp,kpx_group_1,117,0.3693906331763548,0.46251729130744934,0.6519455909729004,0.12818269431591034,0.4320738911628723,,,,,
realmlp,kpx_group_2,117,0.32881707698106766,0.45111557841300964,0.649468183517456,0.16201280057430267,0.46094921231269836,,,,,
realmlp,kpx_group_3,117,0.5069437807097155,0.5495833158493042,0.5820280909538269,0.14795617759227753,0.31201237440109253,,,,,
realmlp,all,118,0.35038865357637405,0.4485575556755066,0.6576822996139526,0.14228537678718567,0.45764994621276855,0.38228806152063255,0.2126626979340525,0.38736581802368164,0.0,
realmlp,kpx_group_1,118,0.3721000762546764,0.455905944108963,0.6564553380012512,0.12674465775489807,0.4396553337574005,,,,,
realmlp,kpx_group_2,118,0.3286772181882578,0.4412091076374054,0.658909261226654,0.15782606601715088,0.4756445586681366,,,,,
realmlp,kpx_group_3,118,0.5099905659170711,0.5117331147193909,0.6067529916763306,0.15731418132781982,0.37082022428512573,,,,,
realmlp,all,119,0.3500032087459284,0.45481136441230774,0.6529421210289001,0.14326165616512299,0.44914597272872925,0.381746818914133,0.21162406486623428,0.39362120628356934,0.0,
realmlp,kpx_group_1,119,0.3681982606649399,0.46852147579193115,0.6477853655815125,0.12864843010902405,0.4242191016674042,,,,,
realmlp,kpx_group_2,119,0.3318081607713419,0.44110116362571716,0.6580989360809326,0.15787488222122192,0.47407281398773193,,,,,
realmlp,kpx_group_3,119,0.5112494484466665,0.5531994104385376,0.5772749185562134,0.15633663535118103,0.3108865022659302,,,,,
realmlp,all,120,0.3446789405801717,0.460855633020401,0.6485027074813843,0.14603039622306824,0.4430357813835144,0.3762070720686632,0.21018750790287466,0.3955327868461609,0.0,
realmlp,kpx_group_1,120,0.3646071706624592,0.4744797945022583,0.6444331407546997,0.13070538640022278,0.41957157850265503,,,,,
realmlp,kpx_group_2,120,0.32475071926327315,0.4472314715385437,0.6525722742080688,0.1613554209470749,0.46650004386901855,,,,,
realmlp,kpx_group_3,120,0.5090062311467003,0.50922691822052,0.6064700484275818,0.1625881940126419,0.3755283057689667,,,,,
realmlp,all,121,0.34707923452643785,0.4654959440231323,0.6447757482528687,0.14794889092445374,0.4375004172325134,0.37872308536487465,0.21095899207627072,0.39811715483665466,0.0,
realmlp,kpx_group_1,121,0.36655108586830254,0.48420754075050354,0.636671781539917,0.13044796884059906,0.40379154682159424,,,,,
realmlp,kpx_group_2,121,0.3276073893203455,0.4467843770980835,0.6528797149658203,0.1654498428106308,0.471209317445755,,,,,
realmlp,kpx_group_3,121,0.5135036417666603,0.5478883385658264,0.5813296437263489,0.15396711230278015,0.3166264295578003,,,,,
realmlp,all,122,0.34559670923387303,0.4696996808052063,0.6428617238998413,0.14629824459552765,0.43202173709869385,0.3769913390278816,0.2092975189580637,0.39908504486083984,0.0,
realmlp,kpx_group_1,122,0.36422746760003705,0.4939435124397278,0.6304136514663696,0.12905065715312958,0.38987791538238525,,,,,
realmlp,kpx_group_2,122,0.32696595875655904,0.4454558491706848,0.6553098559379578,0.16354583203792572,0.47416558861732483,,,,,
realmlp,kpx_group_3,122,0.5092117681222803,0.531802237033844,0.5935652256011963,0.145903542637825,0.333033949136734,,,,,
realmlp,all,123,0.341056904372047,0.45306307077407837,0.6525009274482727,0.14598605036735535,0.45098787546157837,0.3719683333354838,0.20607618417809992,0.406715452671051,0.0,
realmlp,kpx_group_1,123,0.35997485851540284,0.45925870537757874,0.6526551246643066,0.12935400009155273,0.43466418981552124,,,,,
realmlp,kpx_group_2,123,0.3221389440929188,0.4468673765659332,0.6523467302322388,0.16261810064315796,0.4673115015029907,,,,,
realmlp,kpx_group_3,123,0.5139439535491607,0.5621864199638367,0.574927568435669,0.1470557004213333,0.29691076278686523,,,,,
realmlp,all,124,0.3446921351201394,0.46153420209884644,0.6474193930625916,0.14226648211479187,0.437105268239975,0.37572510934927883,0.20688646812649333,0.39891546964645386,0.0,
realmlp,kpx_group_1,124,0.36461060406530604,0.4810987114906311,0.6382449865341187,0.13049578666687012,0.4069857895374298,,,,,
realmlp,kpx_group_2,124,0.32477366836632,0.4419696629047394,0.6565937995910645,0.15403717756271362,0.4672248065471649,,,,,
realmlp,kpx_group_3,124,0.511967032271273,0.5223881602287292,0.603206992149353,0.14585210382938385,0.3522661328315735,,,,,
realmlp,all,125,0.3412749399157131,0.46995341777801514,0.6412656307220459,0.1447635442018509,0.4272947907447815,0.3721148893237114,0.20559967046274857,0.3925234079360962,0.0,
realmlp,kpx_group_1,125,0.36190235176507163,0.4931698441505432,0.6287049055099487,0.12976375222206116,0.38717350363731384,,,,,
realmlp,kpx_group_2,125,0.3206475285046241,0.4467369616031647,0.6538263559341431,0.15976333618164062,0.46741604804992676,,,,,
realmlp,kpx_group_3,125,0.5079500701497582,0.5228864550590515,0.6004088521003723,0.15324759483337402,0.35406529903411865,,,,,
realmlp,all,126,0.3404572132755728,0.45839858055114746,0.6487029790878296,0.14290311932563782,0.44030898809432983,0.3712459000594476,0.2052579068523996,0.4103351831436157,0.0,
realmlp,kpx_group_1,126,0.3611238800427493,0.47973543405532837,0.6376829147338867,0.1279192417860031,0.40328508615493774,,,,,
realmlp,kpx_group_2,126,0.3197905394960852,0.4370616674423218,0.6597229242324829,0.15788699686527252,0.47733286023139954,,,,,
realmlp,kpx_group_3,126,0.5073598000933143,0.5429977178573608,0.5880520343780518,0.14647367596626282,0.32257768511772156,,,,,
realmlp,all,127,0.3383809985483394,0.4707900881767273,0.6419923305511475,0.14509662985801697,0.4290812015533447,0.3687722384929657,0.20260825008153915,0.4066123366355896,0.0,
realmlp,kpx_group_1,127,0.35784344462787404,0.48979175090789795,0.6343529224395752,0.13102108240127563,0.39972689747810364,,,,,
realmlp,kpx_group_2,127,0.31891855641322975,0.45178845524787903,0.6496317386627197,0.1591721624135971,0.45843565464019775,,,,,
realmlp,kpx_group_3,127,0.5006792545318604,0.5199147462844849,0.6038640737533569,0.15014122426509857,0.35786938667297363,,,,,
realmlp,all,128,0.334264416466741,0.46143361926078796,0.6501283645629883,0.14100342988967896,0.4412601888179779,0.3643236817682491,0.20039510420140097,0.3966221213340759,0.0,
realmlp,kpx_group_1,128,0.35330682291704063,0.4845770001411438,0.638160228729248,0.12742269039154053,0.4037432074546814,,,,,
realmlp,kpx_group_2,128,0.31522200300413017,0.43829023838043213,0.6620965003967285,0.15458418428897858,0.478777140378952,,,,,
realmlp,kpx_group_3,128,0.5102880965260899,0.5518394112586975,0.5783835649490356,0.15427497029304504,0.31104201078414917,,,,,
realmlp,all,129,0.3346340125974487,0.45873433351516724,0.6500851511955261,0.14243607223033905,0.4426063299179077,0.3645840650972198,0.19966702272786813,0.4036532938480377,0.0,
realmlp,kpx_group_1,129,0.35517135131008487,0.47415441274642944,0.6433606147766113,0.1278921663761139,0.41461339592933655,,,,,
realmlp,kpx_group_2,129,0.3140966681873097,0.4433141350746155,0.6568096876144409,0.1569799780845642,0.47059932351112366,,,,,
realmlp,kpx_group_3,129,0.49918312447912555,0.5496618151664734,0.5804159641265869,0.14939771592617035,0.31022968888282776,,,,,
realmlp,all,130,0.3295079960542567,0.4596827030181885,0.6481613516807556,0.14606818556785583,0.4423908591270447,0.3591410881456207,0.19755397737026215,0.42813873291015625,0.0,
realmlp,kpx_group_1,130,0.347919036360348,0.4708985984325409,0.6460990905761719,0.13036933541297913,0.42256754636764526,,,,,
realmlp,kpx_group_2,130,0.3110969443531597,0.4484667181968689,0.6502236127853394,0.16176705062389374,0.46221423149108887,,,,,
realmlp,kpx_group_3,130,0.5013141921337914,0.5441218614578247,0.5843799114227295,0.1572701632976532,0.3260299563407898,,,,,
realmlp,all,131,0.3273592446656788,0.4613220691680908,0.6478447914123535,0.14145997166633606,0.4371495544910431,0.3563826570616049,0.19348942422691515,0.40931493043899536,0.0,
realmlp,kpx_group_1,131,0.34612109249129014,0.4759003818035126,0.6404718160629272,0.12792709469795227,0.408870667219162,,,,,
realmlp,kpx_group_2,131,0.3085973968400675,0.4467436969280243,0.6552177667617798,0.15499287843704224,0.4654284715652466,,,,,
realmlp,kpx_group_3,131,0.5041364159654168,0.522781491279602,0.5983830094337463,0.15801399946212769,0.35478001832962036,,,,,
realmlp,all,132,0.32220873762579527,0.46459370851516724,0.6462054252624512,0.14308790862560272,0.43549883365631104,0.3509048718739958,0.1913075712235535,0.40770643949508667,0.0,
realmlp,kpx_group_1,132,0.33817168193704944,0.4831327497959137,0.6374973058700562,0.12959524989128113,0.4045899510383606,,,,,
realmlp,kpx_group_2,132,0.30624579024665494,0.4460546374320984,0.654913604259491,0.15658055245876312,0.46640774607658386,,,,,
realmlp,kpx_group_3,132,0.4979732352144578,0.5342536568641663,0.5918423533439636,0.1553332656621933,0.33901795744895935,,,,,
realmlp,all,133,0.3186948172309819,0.4618144631385803,0.6485576629638672,0.1414686143398285,0.4385839104652405,0.34743404739043293,0.19159486035213752,0.40160155296325684,0.0,
realmlp,kpx_group_1,133,0.33664584948736076,0.47832155227661133,0.6417701244354248,0.1270686239004135,0.4106088876724243,,,,,
realmlp,kpx_group_2,133,0.30074378760421977,0.4453073740005493,0.6553452610969543,0.15586860477924347,0.4665590822696686,,,,,
realmlp,kpx_group_3,133,0.5007632181924933,0.5662240386009216,0.5717708468437195,0.1510966420173645,0.29463836550712585,,,,,
realmlp,all,134,0.31664666095200705,0.47479450702667236,0.6377564072608948,0.14512088894844055,0.4206337630748749,0.34487587388824015,0.188194728730356,0.4229625165462494,0.0,
realmlp,kpx_group_1,134,0.33540622758514743,0.5035973191261292,0.6231216192245483,0.13044528663158417,0.3766885995864868,,,,,
realmlp,kpx_group_2,134,0.29788709651021394,0.4459916651248932,0.6523911952972412,0.15979650616645813,0.46457892656326294,,,,,
realmlp,kpx_group_3,134,0.49026832422789407,0.5380998849868774,0.5917772054672241,0.15251465141773224,0.3360690772533417,,,,,
realmlp,all,135,0.3148668570553555,0.47866350412368774,0.6356696486473083,0.1455555260181427,0.4168948531150818,0.3425471471513019,0.18453528381445827,0.41397061944007874,0.0,
realmlp,kpx_group_1,135,0.3326590977170888,0.5082913637161255,0.6173901557922363,0.13075889647006989,0.3655392527580261,,,,,
realmlp,kpx_group_2,135,0.2970746150788139,0.4490356147289276,0.6539491415023804,0.16035215556621552,0.46825048327445984,,,,,
realmlp,kpx_group_3,135,0.4878694993608138,0.5486787557601929,0.5830806493759155,0.14871267974376678,0.31487396359443665,,,,,
realmlp,all,136,0.31215497500756206,0.47427964210510254,0.6395034193992615,0.14306962490081787,0.4220764636993408,0.33981233090162277,0.1843823529779911,0.41781896352767944,0.0,
realmlp,kpx_group_1,136,0.32930009636808844,0.496642142534256,0.6290388107299805,0.12955205142498016,0.3876297175884247,,,,,
realmlp,kpx_group_2,136,0.2950098554001135,0.4519171118736267,0.6499679684638977,0.15658721327781677,0.45652320981025696,,,,,
realmlp,kpx_group_3,136,0.4857690509627847,0.5380913019180298,0.5881483554840088,0.1540077030658722,0.3303043842315674,,,,,
realmlp,all,137,0.3113450272118344,0.4694133400917053,0.6438431739807129,0.1459352970123291,0.43362173438072205,0.33854447699644985,0.18132969890447223,0.41604018211364746,0.0,
realmlp,kpx_group_1,137,0.32888445389621396,0.4842509627342224,0.6390707492828369,0.12930743396282196,0.4074489176273346,,,,,
realmlp,kpx_group_2,137,0.2938055808053297,0.4545755982398987,0.6486157178878784,0.16256316006183624,0.4597946107387543,,,,,
realmlp,kpx_group_3,137,0.4795151799917221,0.5236656665802002,0.6033534407615662,0.14773660898208618,0.3544434905052185,,,,,
realmlp,all,138,0.30204125449937935,0.4730413556098938,0.6391151547431946,0.14396828413009644,0.4221985340118408,0.32840586935772614,0.1757640661123921,0.43492591381073,0.0,
realmlp,kpx_group_1,138,0.31903734014314766,0.4990958869457245,0.6245410442352295,0.12946708500385284,0.37854912877082825,,,,,
realmlp,kpx_group_2,138,0.2850451706086888,0.44698694348335266,0.6536892652511597,0.15846951305866241,0.4658479690551758,,,,,
realmlp,kpx_group_3,138,0.4757912641062456,0.5547360181808472,0.5748037695884705,0.1510021835565567,0.3006097376346588,,,,,
realmlp,all,139,0.30117224858087654,0.4823929965496063,0.6345683932304382,0.1447703242301941,0.41390711069107056,0.327611749224803,0.17626332469722805,0.42574170231819153,0.0,
realmlp,kpx_group_1,139,0.3183552083723685,0.5129221677780151,0.6188274621963501,0.13105988502502441,0.3687148094177246,,,,,
realmlp,kpx_group_2,139,0.28398928835111503,0.45186376571655273,0.6503093242645264,0.15848076343536377,0.4590994715690613,,,,,
realmlp,kpx_group_3,139,0.47284457613440123,0.5529505014419556,0.5813183784484863,0.15586461126804352,0.31850138306617737,,,,,
realmlp,all,140,0.2949824723250726,0.471807062625885,0.6413314938545227,0.14428409934043884,0.42694711685180664,0.3208165563204709,0.17222722269156399,0.44302552938461304,0.0,
realmlp,kpx_group_1,140,0.3118857916663675,0.48685091733932495,0.6357073783874512,0.12949514389038086,0.4009098708629608,,,,,
realmlp,kpx_group_2,140,0.27807915166896935,0.45676326751708984,0.6469556093215942,0.1590730845928192,0.45298439264297485,,,,,
realmlp,kpx_group_3,140,0.4716673747581594,0.559065580368042,0.5761656761169434,0.1504596471786499,0.3027909994125366,,,,,
realmlp,all,141,0.29167137119699926,0.46619153022766113,0.6454777717590332,0.14348739385604858,0.434442937374115,0.317187843077323,0.17010980954065041,0.43359795212745667,0.0,
realmlp,kpx_group_1,141,0.30813079897095175,0.4870547950267792,0.6345493793487549,0.12916162610054016,0.3982603847980499,,,,,
realmlp,kpx_group_2,141,0.27521194758660655,0.44532832503318787,0.6564062237739563,0.1578131467103958,0.47062554955482483,,,,,
realmlp,kpx_group_3,141,0.4644664376974106,0.5218230485916138,0.6024476289749146,0.1521349847316742,0.3570302426815033,,,,,
realmlp,all,142,0.2852877619511941,0.4744962453842163,0.6377468109130859,0.14529192447662354,0.4207855761051178,0.31038935657809763,0.16734394431114197,0.43836745619773865,0.0,
realmlp,kpx_group_1,142,0.3005537960459204,0.49616217613220215,0.6300769448280334,0.12987405061721802,0.3900279700756073,,,,,
realmlp,kpx_group_2,142,0.2700217318008928,0.4528302550315857,0.645416796207428,0.16070976853370667,0.45154330134391785,,,,,
realmlp,kpx_group_3,142,0.46135425392319174,0.5076901912689209,0.6095470190048218,0.15641433000564575,0.3755083680152893,,,,,
realmlp,all,143,0.2790809641866123,0.4632769823074341,0.6463347673416138,0.14139419794082642,0.43406373262405396,0.3038254060289439,0.1649629088009105,0.44159573316574097,0.0,
realmlp,kpx_group_1,143,0.2934645458179362,0.48144617676734924,0.6383569240570068,0.12725496292114258,0.4039687514305115,,,,,
realmlp,kpx_group_2,143,0.26469737992567177,0.44510769844055176,0.6543126106262207,0.15553341805934906,0.46415868401527405,,,,,
realmlp,kpx_group_3,143,0.45206547659986157,0.5216732025146484,0.6011962294578552,0.146192729473114,0.34858521819114685,,,,,
realmlp,all,144,0.275088324704591,0.47444745898246765,0.6398333311080933,0.14285221695899963,0.42251890897750854,0.29930460014764,0.16144183212343385,0.4499695599079132,0.0,
realmlp,kpx_group_1,144,0.2906855550758979,0.4948703944683075,0.6299536228179932,0.12892434000968933,0.38883161544799805,,,,,
realmlp,kpx_group_2,144,0.25949109827770905,0.4540244936943054,0.6497130393981934,0.15678007900714874,0.45620617270469666,,,,,
realmlp,kpx_group_3,144,0.44751250743865967,0.5284460186958313,0.5990351438522339,0.14973770081996918,0.34780803322792053,,,,,
realmlp,all,145,0.2698079124093056,0.4775143563747406,0.6361521482467651,0.14510034024715424,0.41740453243255615,0.293450567213928,0.15761767064823823,0.44270092248916626,0.0,
realmlp,kpx_group_1,145,0.28424319493419986,0.49775266647338867,0.6266599893569946,0.12911847233772278,0.38243839144706726,,,,,
realmlp,kpx_group_2,145,0.25537263382883635,0.45727604627609253,0.6456442475318909,0.1610822230577469,0.45237070322036743,,,,,
realmlp,kpx_group_3,145,0.4426923718522577,0.5303530097007751,0.5962784290313721,0.14845460653305054,0.3410114347934723,,,,,
realmlp,all,146,0.26445836530012246,0.48390963673591614,0.6308602094650269,0.14600564539432526,0.40772613883018494,0.28774188678054247,0.15522348201450178,0.46692371368408203,0.0,
realmlp,kpx_group_1,146,0.2796504865674412,0.5171085596084595,0.6105979681015015,0.13088783621788025,0.3520837426185608,,,,,
realmlp,kpx_group_2,146,0.2492662451284773,0.450710654258728,0.6511225700378418,0.16112340986728668,0.46336859464645386,,,,,
realmlp,kpx_group_3,146,0.44011207187876983,0.5438683032989502,0.5881360769271851,0.14771685004234314,0.32398897409439087,,,,,
realmlp,all,147,0.25749162650283647,0.47495558857917786,0.6375571489334106,0.14323055744171143,0.4183449149131775,0.28028377057874904,0.1519476291449631,0.4601965546607971,0.0,
realmlp,kpx_group_1,147,0.2707374310668777,0.49341100454330444,0.6267396211624146,0.1287689208984375,0.382248193025589,,,,,
realmlp,kpx_group_2,147,0.2442458153647535,0.4565001130104065,0.6483747363090515,0.15769219398498535,0.454441636800766,,,,,
realmlp,kpx_group_3,147,0.4317110741839689,0.5274021625518799,0.5976741313934326,0.14834603667259216,0.343694269657135,,,,,
realmlp,all,148,0.25142714907141295,0.480148047208786,0.6344835162162781,0.1446095108985901,0.41357657313346863,0.2736581800615086,0.14820684908944018,0.458539754152298,0.0,
realmlp,kpx_group_1,148,0.2663838186246507,0.5058851838111877,0.6198848485946655,0.12943494319915771,0.36920469999313354,,,,,
realmlp,kpx_group_2,148,0.23647047995644457,0.4544108510017395,0.6490821838378906,0.15978409349918365,0.4579484164714813,,,,,
realmlp,kpx_group_3,148,0.430125446880565,0.5525216460227966,0.5816212892532349,0.1482754796743393,0.31151801347732544,,,,,
realmlp,all,149,0.24472332000732422,0.47386831045150757,0.6386381983757019,0.14226892590522766,0.41954538226127625,0.2662832896937342,0.14373310480047674,0.4883798360824585,0.0,
realmlp,kpx_group_1,149,0.2595852429375929,0.49830785393714905,0.623319685459137,0.12970806658267975,0.3763473927974701,,,,,
realmlp,kpx_group_2,149,0.2298614043085014,0.4494287073612213,0.6539567708969116,0.15482980012893677,0.4627433121204376,,,,,
realmlp,kpx_group_3,149,0.4221625591025633,0.5269437432289124,0.6004295349121094,0.15157286822795868,0.35243192315101624,,,,,
realmlp,all,150,0.2394942016724278,0.4828053116798401,0.6327697038650513,0.14353694021701813,0.40907639265060425,0.26058537359623346,0.14060782805523453,0.4649249315261841,0.0,
realmlp,kpx_group_1,150,0.2531761559931671,0.5146951079368591,0.6129412055015564,0.1291511356830597,0.3550335466861725,,,,,
realmlp,kpx_group_2,150,0.22581224428380237,0.4509154260158539,0.6525982618331909,0.15792274475097656,0.463119238615036,,,,,
realmlp,kpx_group_3,150,0.41864427135271187,0.569556713104248,0.570579469203949,0.15183678269386292,0.2929956614971161,,,,,
realmlp,all,151,0.2337725335622535,0.4774918556213379,0.6363078355789185,0.14382091164588928,0.4164366126060486,0.2544505092151025,0.13785317222423413,0.47316086292266846,0.0,
realmlp,kpx_group_1,151,0.24608587868073406,0.50225430727005,0.6211836934089661,0.12916891276836395,0.37153634428977966,,,,,
realmlp,kpx_group_2,151,0.22145919216906323,0.4527294337749481,0.6514320373535156,0.1584729105234146,0.46133697032928467,,,,,
realmlp,kpx_group_3,151,0.4062783858355354,0.5301083326339722,0.5980215072631836,0.1451311707496643,0.3411741554737091,,,,,
realmlp,all,152,0.2299839383100762,0.47210991382598877,0.6395037770271301,0.14262883365154266,0.42163634300231934,0.25015611837015433,0.13448119163513184,0.4893677830696106,0.0,
realmlp,kpx_group_1,152,0.242458771695109,0.49252942204475403,0.6290127038955688,0.1285438984632492,0.3865692913532257,,,,,
realmlp,kpx_group_2,152,0.21750911084168098,0.45169034600257874,0.6499948501586914,0.15671373903751373,0.45670339465141296,,,,,
realmlp,kpx_group_3,152,0.4112589525825837,0.5335004329681396,0.590688943862915,0.1554487645626068,0.3368266224861145,,,,,
realmlp,all,153,0.22055967020637848,0.4775657057762146,0.6369143128395081,0.1429860144853592,0.4168146848678589,0.24006431089604602,0.13003094351905234,0.4854586124420166,0.0,
realmlp,kpx_group_1,153,0.23267055149464047,0.5009152293205261,0.6242191791534424,0.1291927546262741,0.37763115763664246,,,,,
realmlp,kpx_group_2,153,0.2084487812484012,0.45421621203422546,0.6496094465255737,0.15677925944328308,0.4559982120990753,,,,,
realmlp,kpx_group_3,153,0.397980718051686,0.5386941432952881,0.590671718120575,0.14840951561927795,0.3297528922557831,,,,,
realmlp,all,154,0.2128265747690902,0.48551011085510254,0.6301752328872681,0.14471644163131714,0.40506690740585327,0.2318230367758695,0.126643065144034,0.4925265908241272,0.0,
realmlp,kpx_group_1,154,0.22398868926307736,0.5167990922927856,0.6095905900001526,0.13052043318748474,0.3497016429901123,,,,,
realmlp,kpx_group_2,154,0.20166446356212392,0.45422109961509705,0.6507598757743835,0.15891245007514954,0.46043217182159424,,,,,
realmlp,kpx_group_3,154,0.38409820637282205,0.5333973169326782,0.5964854955673218,0.14868105947971344,0.341651976108551,,,,,
realmlp,all,155,0.2089405421386747,0.4899280071258545,0.6285666227340698,0.14363157749176025,0.4007648825645447,0.2273462842054227,0.12270494068370146,0.504468560218811,0.0,
realmlp,kpx_group_1,155,0.22081970883642926,0.5241820216178894,0.6078938841819763,0.13079886138439178,0.346586674451828,,,,,
realmlp,kpx_group_2,155,0.19706137324957287,0.4556739926338196,0.6492394208908081,0.15646424889564514,0.45494309067726135,,,,,
realmlp,kpx_group_3,155,0.3804541948963614,0.5304086208343506,0.5971001386642456,0.14725638926029205,0.34145671129226685,,,,,
realmlp,all,156,0.20084868502967498,0.47352510690689087,0.6412116289138794,0.14135462045669556,0.42377790808677673,0.21887334348524318,0.12016436873989947,0.5052727460861206,0.0,
realmlp,kpx_group_1,156,0.2114633275743793,0.4998910427093506,0.6246862411499023,0.12828433513641357,0.3776567578315735,,,,,
realmlp,kpx_group_2,156,0.19023404555285678,0.44715920090675354,0.6577370762825012,0.15442489087581635,0.46989908814430237,,,,,
realmlp,kpx_group_3,156,0.37483813657480125,0.5467286705970764,0.5857917666435242,0.150214284658432,0.3217978775501251,,,,,
realmlp,all,157,0.1968546051751165,0.484596312046051,0.6311124563217163,0.14206433296203613,0.404289186000824,0.21427316722624443,0.11612373086459496,0.5186353325843811,0.0,
realmlp,kpx_group_1,157,0.2076807409963187,0.5076569318771362,0.617133617401123,0.12964510917663574,0.36391231417655945,,,,,
realmlp,kpx_group_2,157,0.18602846760083647,0.46153566241264343,0.6450912952423096,0.15448357164859772,0.4446660876274109,,,,,
realmlp,kpx_group_3,157,0.3672940590802361,0.5390204191207886,0.59144127368927,0.1517278105020523,0.3346102833747864,,,,,
realmlp,all,158,0.1904784949386821,0.4787478446960449,0.6362866163253784,0.1417885720729828,0.414361834526062,0.2073315855334787,0.11235393890563179,0.5156009197235107,0.0,
realmlp,kpx_group_1,158,0.20143259294769345,0.5029184222221375,0.6234893202781677,0.128291055560112,0.37526968121528625,,,,,
realmlp,kpx_group_2,158,0.17952439473832354,0.4545772671699524,0.6490839719772339,0.15528604388237,0.45345398783683777,,,,,
realmlp,kpx_group_3,158,0.3552127366556841,0.5419690608978271,0.5908688902854919,0.14947524666786194,0.33121299743652344,,,,,
realmlp,all,159,0.18421517181045868,0.4811817705631256,0.6355034112930298,0.14335766434669495,0.4143645763397217,0.2006418376284487,0.10951110391932375,0.5236887335777283,0.0,
realmlp,kpx_group_1,159,0.19550440416616552,0.5007990598678589,0.6251546144485474,0.12917639315128326,0.379485547542572,,,,,
realmlp,kpx_group_2,159,0.17292594427571578,0.46156439185142517,0.6458523273468018,0.15753893554210663,0.4492436647415161,,,,,
realmlp,kpx_group_3,159,0.34757358887616324,0.530878484249115,0.5968496799468994,0.15101253986358643,0.34471192955970764,,,,,
realmlp,all,160,0.17657386423910365,0.48181483149528503,0.6352201104164124,0.14206773042678833,0.4125079810619354,0.19248469305389068,0.10607217778177823,0.5382622480392456,0.0,
realmlp,kpx_group_1,160,0.18632558996186538,0.5101761817932129,0.6165778636932373,0.1291400045156479,0.3622957468032837,,,,,
realmlp,kpx_group_2,160,0.1668221354484558,0.45345354080200195,0.6538623571395874,0.15499548614025116,0.46272024512290955,,,,,
realmlp,kpx_group_3,160,0.3440793884151122,0.54120934009552,0.5903510451316833,0.1472565084695816,0.3279586136341095,,,,,
realmlp,all,161,0.16977316930013545,0.48507067561149597,0.631144642829895,0.1421022117137909,0.4043915271759033,0.18508941461058223,0.10210829830783255,0.5412811636924744,0.0,
realmlp,kpx_group_1,161,0.17855827926712878,0.512957751750946,0.6145604252815247,0.12947049736976624,0.35859131813049316,,,,,
realmlp,kpx_group_2,161,0.16098805845660322,0.4571835994720459,0.6477289199829102,0.15473392605781555,0.45019176602363586,,,,,
realmlp,kpx_group_3,161,0.33401721014696006,0.5467362999916077,0.5853198766708374,0.14958149194717407,0.32022130489349365,,,,,
realmlp,all,162,0.16333875761312597,0.48623088002204895,0.629814088344574,0.14267925918102264,0.4023074507713318,0.178113784202758,0.09850018668700666,0.5554530024528503,0.0,
realmlp,kpx_group_1,162,0.17237093496848555,0.5195130109786987,0.6096878051757812,0.12987376749515533,0.3492494225502014,,,,,
realmlp,kpx_group_2,162,0.15430657631334135,0.4529486298561096,0.6499403715133667,0.15548473596572876,0.45536544919013977,,,,,
realmlp,kpx_group_3,162,0.32764065791578856,0.5500780940055847,0.5840646624565125,0.15183062851428986,0.3199599087238312,,,,,
realmlp,all,163,0.15865503383033416,0.47873401641845703,0.6354330778121948,0.14213287830352783,0.41299909353256226,0.17296042490531416,0.09536926941398312,0.5593416690826416,0.0,
realmlp,kpx_group_1,163,0.16589421866571202,0.5004845857620239,0.6223400831222534,0.12872783839702606,0.3734079897403717,,,,,
realmlp,kpx_group_2,163,0.1514158507480341,0.45698344707489014,0.648526132106781,0.1555379033088684,0.4525901973247528,,,,,
realmlp,kpx_group_3,163,0.32208720024894266,0.5553454160690308,0.5794438123703003,0.1491168886423111,0.3080045282840729,,,,,
realmlp,all,164,0.15289676978307612,0.4820840358734131,0.6329091191291809,0.142482191324234,0.4083004295825958,0.16672632470726967,0.09219702289384954,0.5649604797363281,0.0,
realmlp,kpx_group_1,164,0.16202960733105154,0.5087580680847168,0.6164525747299194,0.12937361001968384,0.3622787594795227,,,,,
realmlp,kpx_group_2,164,0.14376393376904376,0.4554099440574646,0.6493656635284424,0.15559077262878418,0.4543221592903137,,,,,
realmlp,kpx_group_3,164,0.31292037841151743,0.5366754531860352,0.5929460525512695,0.14909756183624268,0.3349897265434265,,,,,
realmlp,all,165,0.14790540977435954,0.4819933772087097,0.6339913606643677,0.14156892895698547,0.40955162048339844,0.1613013593151289,0.08930633217096329,0.5886266231536865,0.0,
realmlp,kpx_group_1,165,0.1561313096214743,0.5073009133338928,0.619158148765564,0.12880784273147583,0.367124080657959,,,,,
realmlp,kpx_group_2,165,0.13967950784546487,0.4566858410835266,0.6488245725631714,0.1543300300836563,0.4519791901111603,,,,,
realmlp,kpx_group_3,165,0.30373873605447654,0.5477350950241089,0.585529088973999,0.14928269386291504,0.3203409016132355,,,,,
realmlp,all,166,0.14139722057563417,0.4837273359298706,0.632670521736145,0.14173918962478638,0.4070802927017212,0.1542492960305775,0.08568049244144384,0.572421133518219,0.0,
realmlp,kpx_group_1,166,0.14882899514015982,0.5089080929756165,0.6168429851531982,0.1293955147266388,0.3630814552307129,,,,,
realmlp,kpx_group_2,166,0.13396544206668348,0.45854660868644714,0.6484981775283813,0.15408287942409515,0.45107921957969666,,,,,
realmlp,kpx_group_3,166,0.2944670556222691,0.5471623539924622,0.5846132040023804,0.14967460930347443,0.3189009428024292,,,,,
realmlp,all,167,0.13589701450922909,0.48686373233795166,0.6312359571456909,0.14214888215065002,0.40462082624435425,0.14825839636956945,0.0824092072160805,0.6122500896453857,0.0,
realmlp,kpx_group_1,167,0.14278962879496462,0.5161609649658203,0.6138322353363037,0.12988987565040588,0.35755428671836853,,,,,
realmlp,kpx_group_2,167,0.12900440153830192,0.4575665295124054,0.6486397385597229,0.15440788865089417,0.4516873359680176,,,,,
realmlp,kpx_group_3,167,0.291936795501148,0.5403165221214294,0.591304361820221,0.14995847642421722,0.3325672447681427,,,,,
realmlp,all,168,0.1313430658158134,0.47803327441215515,0.6374749541282654,0.14117535948753357,0.4161252975463867,0.1431793947430218,0.07890885432853419,0.6109830141067505,0.0,
realmlp,kpx_group_1,168,0.13814235117067308,0.5034707188606262,0.6220079660415649,0.12834510207176208,0.37236106395721436,,,,,
realmlp,kpx_group_2,168,0.12454378298100303,0.4525957703590393,0.6529420018196106,0.15400560200214386,0.45988959074020386,,,,,
realmlp,kpx_group_3,168,0.28391073994776783,0.539185643196106,0.5945644378662109,0.15062904357910156,0.3397579491138458,,,,,
realmlp,all,169,0.1262086090796134,0.4930106997489929,0.6259734630584717,0.14277026057243347,0.39471712708473206,0.13754733093082905,0.07559146699221696,0.6222217082977295,0.0,
realmlp,kpx_group_1,169,0.13217051327228546,0.5269795060157776,0.6045609712600708,0.13085466623306274,0.3399766683578491,,,,,
realmlp,kpx_group_2,169,0.12024670861223165,0.4590418040752411,0.6473858952522278,0.154685840010643,0.4494576156139374,,,,,
realmlp,kpx_group_3,169,0.2769758999347687,0.5462519526481628,0.5864276885986328,0.14794108271598816,0.32079651951789856,,,,,
realmlp,all,170,0.12195013814112719,0.4849940836429596,0.631600022315979,0.14153426885604858,0.4047343134880066,0.13300881907343864,0.07372453715652227,0.6318819522857666,0.0,
realmlp,kpx_group_1,170,0.1275544144651469,0.5130777359008789,0.6139888167381287,0.12887144088745117,0.3568490743637085,,,,,
realmlp,kpx_group_2,170,0.11634585655787412,0.4569104313850403,0.6492112874984741,0.1541971117258072,0.45261964201927185,,,,,
realmlp,kpx_group_3,170,0.26897260897299824,0.545432984828949,0.5870093703269958,0.14837290346622467,0.32239165902137756,,,,,
realmlp,all,171,0.1171482709400794,0.4912157654762268,0.6282333135604858,0.14241835474967957,0.39888492226600647,0.12774073694120436,0.07061644112143446,0.6436941623687744,0.0,
realmlp,kpx_group_1,171,0.12248440919553533,0.5239338874816895,0.6070896983146667,0.13114140927791595,0.34532085061073303,,,,,
realmlp,kpx_group_2,171,0.11181212950717001,0.45849764347076416,0.6493768692016602,0.15369533002376556,0.4524490237236023,,,,,
realmlp,kpx_group_3,171,0.26474420594818454,0.5418223142623901,0.5896646976470947,0.1498614400625229,0.3291908800601959,,,,,
realmlp,all,172,0.11250603352399434,0.4871019124984741,0.6298792362213135,0.1420898139476776,0.4018482565879822,0.1225989822517423,0.06728631564799477,0.654267430305481,0.0,
realmlp,kpx_group_1,172,0.11771972422652385,0.5175860524177551,0.6098785996437073,0.1300138533115387,0.34977102279663086,,,,,
realmlp,kpx_group_2,172,0.10729234073968495,0.45661768317222595,0.6498798727989197,0.15416574478149414,0.4539255201816559,,,,,
realmlp,kpx_group_3,172,0.2575940362670842,0.5456376671791077,0.5872681736946106,0.1496196836233139,0.3241560459136963,,,,,
realmlp,all,173,0.10850945925887893,0.48896557092666626,0.6277384757995605,0.14270885288715363,0.3981858491897583,0.11812109127640724,0.06407754594350562,0.6665567755699158,0.0,
realmlp,kpx_group_1,173,0.11336918865494869,0.5176130533218384,0.608948826789856,0.12989825010299683,0.34779593348503113,,,,,
realmlp,kpx_group_2,173,0.10364972898627028,0.46031805872917175,0.6465281248092651,0.15551945567131042,0.4485757648944855,,,,,
realmlp,kpx_group_3,173,0.25070640181793885,0.545189619064331,0.5884286165237427,0.15011928975582123,0.32697656750679016,,,,,
realmlp,all,174,0.10521573200821877,0.48644208908081055,0.6292324066162109,0.1417054831981659,0.40017032623291016,0.11446534108151407,0.06166406698963221,0.6844121217727661,0.0,
realmlp,kpx_group_1,174,0.10944743629764109,0.5143956542015076,0.614017128944397,0.1292433738708496,0.35727766156196594,,,,,
realmlp,kpx_group_2,174,0.10098402563701658,0.4584885239601135,0.6444477438926697,0.15416759252548218,0.44306305050849915,,,,,
realmlp,kpx_group_3,174,0.24466190092703877,0.550550639629364,0.5844464302062988,0.14840000867843628,0.31729283928871155,,,,,
realmlp,all,175,0.1015103703693432,0.49138563871383667,0.6267907023429871,0.14191976189613342,0.39550116658210754,0.11040300010320019,0.059284185990691185,0.6835019588470459,0.0,
realmlp,kpx_group_1,175,0.1055065333185827,0.5255264043807983,0.6051232218742371,0.13089758157730103,0.34114402532577515,,,,,
realmlp,kpx_group_2,175,0.09751420610529535,0.4572448432445526,0.6484581828117371,0.15294192731380463,0.44985833764076233,,,,,
realmlp,kpx_group_3,175,0.23890152222969951,0.5446794033050537,0.5873473882675171,0.1491071879863739,0.3238019645214081,,,,,
realmlp,all,176,0.09808024829801391,0.4940681457519531,0.6234337091445923,0.14216259121894836,0.3890300393104553,0.10656201050562017,0.056545072399518066,0.7148900032043457,0.0,
realmlp,kpx_group_1,176,0.1018842145362321,0.5265167355537415,0.6023884415626526,0.13100500404834747,0.33578184247016907,,,,,
realmlp,kpx_group_2,176,0.09427628326503669,0.4616195261478424,0.6444790363311768,0.15332017838954926,0.44227826595306396,,,,,
realmlp,kpx_group_3,176,0.2340612893595415,0.5477828979492188,0.5891449451446533,0.1481563299894333,0.3264462947845459,,,,,
realmlp,all,177,0.09492701401605326,0.49433910846710205,0.6240127086639404,0.1421276032924652,0.39015311002731323,0.10303547255256597,0.05405639101038961,0.7119801640510559,0.0,
realmlp,kpx_group_1,177,0.0986540519139346,0.5274955034255981,0.6032806038856506,0.13097231090068817,0.33753350377082825,,,,,
realmlp,kpx_group_2,177,0.09119998006259694,0.4611826539039612,0.6447449326515198,0.15328289568424225,0.4427727162837982,,,,,
realmlp,kpx_group_3,177,0.22860345244407654,0.5444567203521729,0.5906459093093872,0.1483309119939804,0.329622745513916,,,,,
realmlp,all,178,0.09134890719809953,0.48813745379447937,0.6288306713104248,0.14140585064888,0.3990671634674072,0.09906895502525218,0.05146698308560778,0.7346819043159485,0.0,
realmlp,kpx_group_1,178,0.09455826462191694,0.5169731378555298,0.6111294627189636,0.13002100586891174,0.352279931306839,,,,,
realmlp,kpx_group_2,178,0.08813955174649463,0.4593017101287842,0.646531879901886,0.15279068052768707,0.44585442543029785,,,,,
realmlp,kpx_group_3,178,0.2233656298588304,0.5480407476425171,0.5864030122756958,0.1486637443304062,0.32146984338760376,,,,,
realmlp,all,179,0.08888543002745684,0.4924536943435669,0.6249107122421265,0.14199769496917725,0.39181917905807495,0.09628799009849043,0.049350400838781804,0.7433234453201294,0.0,
realmlp,kpx_group_1,179,0.09173284405294586,0.5229994058609009,0.6057940721511841,0.13081657886505127,0.34240466356277466,,,,,
realmlp,kpx_group_2,179,0.08603801786461297,0.46190792322158813,0.6440274715423584,0.15317881107330322,0.44123372435569763,,,,,
realmlp,kpx_group_3,179,0.2186238993616665,0.5490334033966064,0.5876543521881104,0.14884471893310547,0.32415348291397095,,,,,
realmlp,all,180,0.08646146361442174,0.4939257800579071,0.6236920356750488,0.1419355571269989,0.3893195390701294,0.09348200612208422,0.046803617247325534,0.7637783288955688,0.0,
realmlp,kpx_group_1,180,0.08926333026850924,0.5276626348495483,0.6023821234703064,0.1311229020357132,0.3358871638774872,,,,,
realmlp,kpx_group_2,180,0.08365960046648979,0.4601888060569763,0.6450018882751465,0.1527481973171234,0.4427519738674164,,,,,
realmlp,kpx_group_3,180,0.21457457016496098,0.5468260049819946,0.588681697845459,0.14770202338695526,0.3250654935836792,,,,,
realmlp,all,181,0.08412377010373508,0.49284619092941284,0.6250913143157959,0.14182542264461517,0.39200812578201294,0.09087034457308404,0.0449771565001677,0.7820613980293274,0.0,
realmlp,kpx_group_1,181,0.08664510738761987,0.5247282385826111,0.6051952242851257,0.13075032830238342,0.3411407470703125,,,,,
realmlp,kpx_group_2,181,0.08160243994172882,0.4609641134738922,0.6449875235557556,0.15290050208568573,0.44287559390068054,,,,,
realmlp,kpx_group_3,181,0.21028141239110162,0.5495090484619141,0.5861403942108154,0.1473214328289032,0.31960219144821167,,,,,
realmlp,all,182,0.0819978369947742,0.4932321310043335,0.6242929100990295,0.1420559585094452,0.39064180850982666,0.08839821552529055,0.042669189217336034,0.7917457222938538,0.0,
realmlp,kpx_group_1,182,0.08442277154501747,0.5233914852142334,0.6059350967407227,0.13071277737617493,0.3425828814506531,,,,,
realmlp,kpx_group_2,182,0.07957290841595215,0.463072806596756,0.6426509022712708,0.15339910984039307,0.4387008845806122,,,,,
realmlp,kpx_group_3,182,0.2054070102817872,0.5446755886077881,0.5902969837188721,0.14759808778762817,0.3281920850276947,,,,,
realmlp,all,183,0.07990270097027807,0.49458903074264526,0.6250633001327515,0.14215680956840515,0.39228346943855286,0.0860098383444197,0.04071424361866187,0.8075245022773743,0.0,
realmlp,kpx_group_1,183,0.08229652693604722,0.5264074206352234,0.6052167415618896,0.1312723159790039,0.341705858707428,,,,,
realmlp,kpx_group_2,183,0.07750887034789604,0.4627705514431,0.6449099183082581,0.1530413031578064,0.4428611695766449,,,,,
realmlp,kpx_group_3,183,0.20171595277155147,0.5546302199363708,0.5842236876487732,0.14751581847667694,0.31596317887306213,,,,,
realmlp,all,184,0.07805371919975561,0.4986249506473541,0.6215773820877075,0.14278544485569,0.3859402537345886,0.0839296725085553,0.03917302958229009,0.8118098974227905,0.0,
realmlp,kpx_group_1,184,0.08021552214289412,0.5327120423316956,0.6004434823989868,0.1324770301580429,0.3333640396595001,,,,,
realmlp,kpx_group_2,184,0.07589190935387331,0.46453776955604553,0.642711341381073,0.1530938595533371,0.4385165572166443,,,,,
realmlp,kpx_group_3,184,0.1986478847615859,0.548912525177002,0.5879649519920349,0.1474815160036087,0.3234114348888397,,,,,
realmlp,all,185,0.0764372747610597,0.49737095832824707,0.6226190328598022,0.1424425095319748,0.3876805901527405,0.08201962304027642,0.03721565881963162,0.8253529071807861,0.0,
realmlp,kpx_group_1,185,0.07842554053401246,0.5308711528778076,0.60100919008255,0.13207103312015533,0.33408936858177185,,,,,
realmlp,kpx_group_2,185,0.07444901797263061,0.4638707637786865,0.6442288756370544,0.15281400084495544,0.4412718117237091,,,,,
realmlp,kpx_group_3,185,0.1958106063744601,0.5528485178947449,0.5842986702919006,0.14736756682395935,0.3159649670124054,,,,,
realmlp,all,186,0.0748463979757884,0.49764275550842285,0.622053861618042,0.14231112599372864,0.386418879032135,0.0801701703492333,0.035491810399381554,0.8403314352035522,0.0,
realmlp,kpx_group_1,186,0.07679596499485128,0.5300483107566833,0.6012393832206726,0.13188621401786804,0.33436504006385803,,,,,
realmlp,kpx_group_2,186,0.07289683692814673,0.4652370810508728,0.6428683400154114,0.15273600816726685,0.4384726881980896,,,,,
realmlp,kpx_group_3,186,0.1931315607884351,0.5517744421958923,0.5847886800765991,0.147419273853302,0.31699657440185547,,,,,
realmlp,all,187,0.07351370451643187,0.4959731101989746,0.6241086721420288,0.14237990975379944,0.3905971944332123,0.07862076974090408,0.03404710458262878,0.8522512912750244,0.0,
realmlp,kpx_group_1,187,0.075254237607998,0.52791428565979,0.6040191650390625,0.1319679468870163,0.3400062620639801,,,,,
realmlp,kpx_group_2,187,0.07177317509537234,0.4640319049358368,0.6441981792449951,0.15279187262058258,0.4411882162094116,,,,,
realmlp,kpx_group_3,187,0.1903037446386674,0.5547641515731812,0.5821520090103149,0.1471242606639862,0.31142836809158325,,,,,
realmlp,all,188,0.07232971598996836,0.4991292655467987,0.6190161108970642,0.14274071156978607,0.3807728886604309,0.07722441008424058,0.03263129000825917,0.8680696487426758,0.0,
realmlp,kpx_group_1,188,0.07391706514446174,0.5326295495033264,0.5987982749938965,0.13241088390350342,0.3300074338912964,,,,,
realmlp,kpx_group_2,188,0.07074236568501767,0.4656289219856262,0.6392339468002319,0.15307053923606873,0.4315384328365326,,,,,
realmlp,kpx_group_3,188,0.18818534428582473,0.5553311109542847,0.5816400051116943,0.14733505249023438,0.31061506271362305,,,,,
realmlp,all,189,0.0711602765299818,0.4975842833518982,0.6213815212249756,0.14244231581687927,0.3852054178714752,0.07584672508870854,0.03124298489488223,0.8780578374862671,0.0,
realmlp,kpx_group_1,189,0.07271253881866441,0.529262900352478,0.6019550561904907,0.1322203427553177,0.33613041043281555,,,,,
realmlp,kpx_group_2,189,0.06960801210473566,0.4659055769443512,0.64080810546875,0.15266428887844086,0.4342804551124573,,,,,
realmlp,kpx_group_3,189,0.1855647011714823,0.5534535050392151,0.5833771824836731,0.14735795557498932,0.31411227583885193,,,,,
realmlp,all,190,0.07028829257058747,0.4981505274772644,0.6210697889328003,0.14295493066310883,0.3850945234298706,0.07481078551534344,0.030149947687545243,0.8888034820556641,0.0,
realmlp,kpx_group_1,190,0.07173622498179183,0.5313588380813599,0.6002629995346069,0.13265280425548553,0.3331787586212158,,,,,
realmlp,kpx_group_2,190,0.06884035303750459,0.46494224667549133,0.6418766975402832,0.15325704216957092,0.43701037764549255,,,,,
realmlp,kpx_group_3,190,0.1834020702277913,0.5566675066947937,0.5817661881446838,0.14737842977046967,0.31091079115867615,,,,,
realmlp,all,191,0.0693509464206941,0.49986153841018677,0.619292676448822,0.1429615616798401,0.38154691457748413,0.07368798351244014,0.028913579114219722,0.8973397612571716,0.0,
realmlp,kpx_group_1,191,0.07075998608899467,0.5323635339736938,0.5988527536392212,0.13289985060691833,0.3306054472923279,,,,,
realmlp,kpx_group_2,191,0.06794190620455672,0.46735963225364685,0.6397325992584229,0.15302330255508423,0.43248847126960754,,,,,
realmlp,kpx_group_3,191,0.18210415980395148,0.5572425723075867,0.5795405507087708,0.14711619913578033,0.30619728565216064,,,,,
realmlp,all,192,0.0686695834293085,0.5002460479736328,0.6197926998138428,0.1429063081741333,0.38249173760414124,0.07284915863591082,0.027863828191424116,0.9087954163551331,0.0,
realmlp,kpx_group_1,192,0.07007152861093774,0.5324586033821106,0.5995720624923706,0.13289014995098114,0.3320343494415283,,,,,
realmlp,kpx_group_2,192,0.06726764021989177,0.46803346276283264,0.6400133371353149,0.15292246639728546,0.4329491853713989,,,,,
realmlp,kpx_group_3,192,0.180567547240678,0.5553456544876099,0.582838237285614,0.14722983539104462,0.3129063546657562,,,,,
realmlp,all,193,0.06818521050188471,0.49990659952163696,0.6200838088989258,0.1429516077041626,0.38311925530433655,0.0722694022800116,0.027227935079923448,0.912438154220581,0.0,
realmlp,kpx_group_1,193,0.06941581632503692,0.5321210026741028,0.5996994972229004,0.13291767239570618,0.33231663703918457,,,,,
realmlp,kpx_group_2,193,0.06695460971883115,0.46769216656684875,0.640468180179596,0.15298552811145782,0.4339219033718109,,,,,
realmlp,kpx_group_3,193,0.17946170927847133,0.5575015544891357,0.579921305179596,0.14694853127002716,0.3067910969257355,,,,,
realmlp,all,194,0.06753967028549489,0.5002682209014893,0.6195310950279236,0.14302054047584534,0.3820827603340149,0.0715173495495144,0.026517867768073782,0.9205701351165771,0.0,
realmlp,kpx_group_1,194,0.06880487824844964,0.5326771140098572,0.5989002585411072,0.1330115795135498,0.3308120667934418,,,,,
realmlp,kpx_group_2,194,0.06627445870681721,0.4678593873977661,0.6401619911193848,0.15302948653697968,0.433353453874588,,,,,
realmlp,kpx_group_3,194,0.17865586280822754,0.5566771626472473,0.5804778337478638,0.14713436365127563,0.3080900013446808,,,,,
realmlp,all,195,0.06709887635181933,0.5003545880317688,0.6195502281188965,0.14303651452064514,0.3821370601654053,0.07101749612347168,0.026124133153215927,0.9232933521270752,0.0,
realmlp,kpx_group_1,195,0.0682914424687624,0.5328601598739624,0.5996101498603821,0.1330535113811493,0.33227381110191345,,,,,
realmlp,kpx_group_2,195,0.06590631280970924,0.4678489863872528,0.6394903659820557,0.15301954746246338,0.4320002794265747,,,,,
realmlp,kpx_group_3,195,0.17773041348246968,0.557220995426178,0.5796966552734375,0.1470475047826767,0.3064408600330353,,,,,
realmlp,all,196,0.06678389845525518,0.5007896423339844,0.6193671822547913,0.1430656909942627,0.3818000257015228,0.07062875095973997,0.025632348295082066,0.9268104434013367,0.0,
realmlp,kpx_group_1,196,0.06803831584094201,0.5333197712898254,0.5995113849639893,0.13312558829784393,0.33214840292930603,,,,,
realmlp,kpx_group_2,196,0.06552948419223814,0.4682595431804657,0.6392229199409485,0.15300577878952026,0.4314516484737396,,,,,
realmlp,kpx_group_3,196,0.17658238595022874,0.5573346018791199,0.579038143157959,0.14704076945781708,0.305117130279541,,,,,
realmlp,all,197,0.06652376444681603,0.5007765293121338,0.6191354393959045,0.14311671257019043,0.3813875913619995,0.07031568287707426,0.025279454530819374,0.9293450117111206,0.0,
realmlp,kpx_group_1,197,0.0677195774829563,0.5332337617874146,0.5989698171615601,0.13318081200122833,0.33112040162086487,,,,,
realmlp,kpx_group_2,197,0.06532795886125635,0.4683191776275635,0.639301061630249,0.15305259823799133,0.43165475130081177,,,,,
realmlp,kpx_group_3,197,0.17685136856401668,0.5577372312545776,0.5788536071777344,0.14703881740570068,0.30474597215652466,,,,,
realmlp,all,198,0.06641285756931585,0.501194417476654,0.6193773746490479,0.1431649625301361,0.3819196820259094,0.07017389471259187,0.025073579375577325,0.9304606914520264,0.0,
realmlp,kpx_group_1,198,0.06764008302022428,0.5340096354484558,0.5988603234291077,0.13328641653060913,0.3310070335865021,,,,,
realmlp,kpx_group_2,198,0.06518562790006399,0.4683791697025299,0.6398943662643433,0.15304353833198547,0.4328323006629944,,,,,
realmlp,kpx_group_3,198,0.17620934896609364,0.5576506853103638,0.5790356397628784,0.14704583585262299,0.305117130279541,,,,,
realmlp,all,199,0.06624996673096628,0.5011252164840698,0.6192994117736816,0.14315712451934814,0.3817560076713562,0.06998856814906877,0.024924014777164247,0.9308730959892273,0.0,
realmlp,kpx_group_1,199,0.0674299704568351,0.5338631868362427,0.5989555716514587,0.13327382504940033,0.3311850130558014,,,,,
realmlp,kpx_group_2,199,0.06506996284074643,0.468387246131897,0.6396432518959045,0.15304045379161835,0.432327002286911,,,,,
realmlp,kpx_group_3,199,0.1758086208034964,0.5579349994659424,0.5791293382644653,0.14703591167926788,0.30529457330703735,,,,,
realmlp,all,200,0.06623975653201342,0.5011969804763794,0.6193304657936096,0.14315712451934814,0.38181811571121216,0.06997078251751031,0.024873507400865063,0.9309370517730713,0.0,
realmlp,kpx_group_1,200,0.06738986047532629,0.5339693427085876,0.598859965801239,0.13328711688518524,0.3310070335865021,,,,,
realmlp,kpx_group_2,200,0.06508965286261895,0.4684246778488159,0.639801025390625,0.15302713215351105,0.43262916803359985,,,,,
realmlp,kpx_group_3,200,0.176154523211367,0.5579385757446289,0.5791296362876892,0.14703528583049774,0.30529457330703735,,,,,
