model,target,step,train_loss,validation_loss,validation_score,validation_nmae,validation_ficr,training_objective_loss,activity_train_loss,activity_validation_loss,boundary_consistency_train_loss,boundary_consistency_validation_loss
realmlp,all,1,1.010929219862994,0.716865062713623,0.4335196316242218,0.28173479437828064,0.14877404272556305,1.1359244707752676,0.8333016239544925,0.5660881400108337,0.0,
realmlp,kpx_group_1,1,1.0212512323085,0.6876161694526672,0.46399790048599243,0.24754615128040314,0.1755419373512268,,,,,
realmlp,kpx_group_2,1,1.0046796789940666,0.7083500027656555,0.43543314933776855,0.2797549068927765,0.15062116086483002,,,,,
realmlp,kpx_group_3,1,1.0068567666937323,0.7546290159225464,0.4011278450489044,0.3179033398628235,0.12015902996063232,,,,,
realmlp,all,2,0.9509792319115471,0.741019070148468,0.44430699944496155,0.3190651535987854,0.20767919719219208,1.0330590404131834,0.5471987229059724,0.4989050328731537,0.0,
realmlp,kpx_group_1,2,0.9420538036262288,0.7210447788238525,0.41954267024993896,0.34108826518058777,0.1801736056804657,,,,,
realmlp,kpx_group_2,2,0.9538271199254429,0.699985146522522,0.4372544288635254,0.2908312678337097,0.1653400957584381,,,,,
realmlp,kpx_group_3,2,0.9570567949729807,0.8020274043083191,0.47612395882606506,0.3252759873867035,0.277523934841156,,,,,
realmlp,all,3,0.9360132164814893,0.6959250569343567,0.4509180784225464,0.25736546516418457,0.15920154750347137,1.0038798845866148,0.45244451875195785,0.4685409367084503,0.0,
realmlp,kpx_group_1,3,0.9341096588793922,0.6859143376350403,0.4617583751678467,0.2421714812517166,0.16568823158740997,,,,,
realmlp,kpx_group_2,3,0.9151644733022241,0.6357402205467224,0.5138839483261108,0.18805170059204102,0.21581953763961792,,,,,
realmlp,kpx_group_3,3,0.9587654988555347,0.7661207318305969,0.3771118223667145,0.3418732285499573,0.09609688818454742,,,,,
realmlp,all,4,0.9040908410268671,0.7096220850944519,0.4464503228664398,0.24265198409557343,0.1355525404214859,0.9696478344061795,0.4370465822079602,0.43335044384002686,0.0,
realmlp,kpx_group_1,4,0.8846041183261311,0.6346503496170044,0.5215966105461121,0.16981914639472961,0.21301233768463135,,,,,
realmlp,kpx_group_2,4,0.8901858592734617,0.7765895128250122,0.3800746500492096,0.30692753195762634,0.06707683950662613,,,,,
realmlp,kpx_group_3,4,0.937482541974853,0.7176263332366943,0.43767958879470825,0.2512092888355255,0.12656845152378082,,,,,
realmlp,all,5,0.8652268762097639,0.6624849438667297,0.5128263235092163,0.21775253117084503,0.24340522289276123,0.926424742621534,0.40798569908913446,0.45684072375297546,0.0,
realmlp,kpx_group_1,5,0.8540226457750096,0.6051802039146423,0.5405590534210205,0.1693350076675415,0.2504531741142273,,,,,
realmlp,kpx_group_2,5,0.8543627007919199,0.6773033142089844,0.47368475794792175,0.22430317103862762,0.17167271673679352,,,,,
realmlp,kpx_group_3,5,0.8872953074819901,0.7049713730812073,0.5242351293563843,0.25961944460868835,0.3080897629261017,,,,,
realmlp,all,6,0.8137138161589118,0.6754648089408875,0.4809010326862335,0.20918934047222137,0.1709914207458496,0.8734151834950727,0.3980091236093465,0.4331222474575043,0.0,
realmlp,kpx_group_1,6,0.8030138243647182,0.7275183200836182,0.4310856759548187,0.25011375546455383,0.1122850850224495,,,,,
realmlp,kpx_group_2,6,0.7885629797683043,0.6554174423217773,0.5023100972175598,0.18878571689128876,0.19340592622756958,,,,,
realmlp,kpx_group_3,6,0.8495646162944681,0.6434584856033325,0.509307324886322,0.18866854906082153,0.20728324353694916,,,,,
realmlp,all,7,0.759141157655155,0.5878204703330994,0.5564789175987244,0.1847659796476364,0.29772382974624634,0.8164143220466726,0.38182104072150064,0.5132948756217957,0.0,
realmlp,kpx_group_1,7,0.749694849638378,0.6207902431488037,0.5302410125732422,0.1654869019985199,0.22596898674964905,,,,,
realmlp,kpx_group_2,7,0.7475101544576532,0.5697702765464783,0.5562241673469543,0.19387808442115784,0.30632638931274414,,,,,
realmlp,kpx_group_3,7,0.7802184881532893,0.5729007720947266,0.5829715728759766,0.19493290781974792,0.3608761131763458,,,,,
realmlp,all,8,0.7146447414861006,0.6486197113990784,0.5075435638427734,0.18015222251415253,0.19523942470550537,0.7693163384409512,0.3644772671601352,0.47593244910240173,0.0,
realmlp,kpx_group_1,8,0.7003872850361992,0.6536985635757446,0.5060628056526184,0.1735551804304123,0.1856808364391327,,,,,
realmlp,kpx_group_2,8,0.7026178196949118,0.6689077615737915,0.4954099655151367,0.17590005695819855,0.16672000288963318,,,,,
realmlp,kpx_group_3,8,0.7409291284925797,0.623252809047699,0.5211580395698547,0.19100137054920197,0.23331740498542786,,,,,
realmlp,all,9,0.6721190442057217,0.5662281513214111,0.5666448473930359,0.1738077849149704,0.3070974051952362,0.7249477304079953,0.3521912422250299,0.5055920481681824,0.0,
realmlp,kpx_group_1,9,0.6635238326647702,0.586100161075592,0.5591012835502625,0.14948464930057526,0.26768723130226135,,,,,
realmlp,kpx_group_2,9,0.6582992339835447,0.47565311193466187,0.6231152415275574,0.19686247408390045,0.443092942237854,,,,,
realmlp,kpx_group_3,9,0.694534082623089,0.6369312405586243,0.5177179574966431,0.1750762015581131,0.21051211655139923,,,,,
realmlp,all,10,0.6190622536575093,0.5606985092163086,0.5732355713844299,0.15521597862243652,0.3016871213912964,0.6705691306030049,0.3433791749617633,0.5050572156906128,0.0,
realmlp,kpx_group_1,10,0.6184511491480995,0.5647502541542053,0.5752933025360107,0.13739590346813202,0.2879825234413147,,,,,
realmlp,kpx_group_2,10,0.6058937977342045,0.5128173828125,0.6056433916091919,0.15609315037727356,0.36737996339797974,,,,,
realmlp,kpx_group_3,10,0.6328418070779127,0.60452800989151,0.5387699604034424,0.1721588373184204,0.24969881772994995,,,,,
realmlp,all,11,0.5919164612012751,0.5389705896377563,0.59256511926651,0.15034572780132294,0.33547601103782654,0.6423384170321857,0.33614638929857926,0.49623140692710876,0.0,
realmlp,kpx_group_1,11,0.5906713517273173,0.5419390201568604,0.5956465005874634,0.133107528090477,0.32440057396888733,,,,,
realmlp,kpx_group_2,11,0.5827824517207987,0.460771381855011,0.642027735710144,0.1631210297346115,0.4471765160560608,,,,,
realmlp,kpx_group_3,11,0.6022955521064646,0.6142014265060425,0.5400211811065674,0.15480859577655792,0.23485088348388672,,,,,
realmlp,all,12,0.5724449420676512,0.5310318470001221,0.5974110960960388,0.14818638563156128,0.34300851821899414,0.6219634939642513,0.33012371773228927,0.5095489621162415,0.0,
realmlp,kpx_group_1,12,0.57445749465157,0.5175479054450989,0.6101379990577698,0.13076253235340118,0.35103848576545715,,,,,
realmlp,kpx_group_2,12,0.5629610103719375,0.4706273078918457,0.6365529894828796,0.1589752584695816,0.4320812523365021,,,,,
realmlp,kpx_group_3,12,0.5799162905005848,0.6049202680587769,0.5455422401428223,0.15482133626937866,0.24590584635734558,,,,,
realmlp,all,13,0.5621266435174381,0.5299058556556702,0.5987979173660278,0.14751721918582916,0.34511300921440125,0.6114644399460625,0.3289186516228844,0.5084260106086731,0.0,
realmlp,kpx_group_1,13,0.567079162772964,0.5332209467887878,0.6012201309204102,0.1304471492767334,0.3328874111175537,,,,,
realmlp,kpx_group_2,13,0.5528919582857805,0.4615941345691681,0.6407832503318787,0.15965378284454346,0.4412202537059784,,,,,
realmlp,kpx_group_3,13,0.5664088173824198,0.5949023365974426,0.5543903112411499,0.15245075523853302,0.261231392621994,,,,,
realmlp,all,14,0.5602365679600659,0.5258147716522217,0.6027869582176208,0.14747965335845947,0.35305356979370117,0.6094681541709339,0.32821053047390547,0.5101619362831116,0.0,
realmlp,kpx_group_1,14,0.5648657337707632,0.5224481821060181,0.6113474369049072,0.1302536278963089,0.35294845700263977,,,,,
realmlp,kpx_group_2,14,0.5525314150487676,0.45935487747192383,0.6439677476882935,0.16004088521003723,0.447976291179657,,,,,
realmlp,kpx_group_3,14,0.5633125620729783,0.5956413745880127,0.5530457496643066,0.1521444469690323,0.25823599100112915,,,,,
realmlp,all,15,0.5613878255381304,0.528237521648407,0.599482536315918,0.14915314316749573,0.34811821579933167,0.6107287740006166,0.3289396946921068,0.5179346203804016,0.0,
realmlp,kpx_group_1,15,0.5653792330447365,0.5345464944839478,0.5993659496307373,0.13140985369682312,0.3301418423652649,,,,,
realmlp,kpx_group_2,15,0.5518740888904122,0.4590112268924713,0.6433823108673096,0.16188514232635498,0.44864973425865173,,,,,
realmlp,kpx_group_3,15,0.5669101459138534,0.5911547541618347,0.555699348449707,0.1541643887758255,0.26556313037872314,,,,,
realmlp,all,16,0.5620134183589149,0.5312614440917969,0.5963971018791199,0.14974378049373627,0.3425379693508148,0.6113515654030968,0.32892098935211406,0.5240566730499268,0.0,
realmlp,kpx_group_1,16,0.5676551058011896,0.5290216207504272,0.6040350198745728,0.13116569817066193,0.33923569321632385,,,,,
realmlp,kpx_group_2,16,0.5511503850712496,0.46104034781455994,0.6388078927993774,0.1663188338279724,0.4439345598220825,,,,,
realmlp,kpx_group_3,16,0.5672347668339225,0.603722333908081,0.5463484525680542,0.15174679458141327,0.24444366991519928,,,,,
realmlp,all,17,0.5638125459937489,0.5390385389328003,0.5916669368743896,0.14766176044940948,0.3309955894947052,0.6130219154498157,0.3280625334557365,0.5050137639045715,0.0,
realmlp,kpx_group_1,17,0.5667265285463894,0.5257728695869446,0.6015714406967163,0.13223527371883392,0.33537814021110535,,,,,
realmlp,kpx_group_2,17,0.5530169316950966,0.4802110195159912,0.6311767101287842,0.1588164120912552,0.42116987705230713,,,,,
realmlp,kpx_group_3,17,0.5716941496905159,0.6111316084861755,0.5422526001930237,0.15193359553813934,0.2364388108253479,,,,,
realmlp,all,18,0.5721903986790601,0.5411666035652161,0.5896921157836914,0.15098696947097778,0.33037129044532776,0.6218398406225092,0.3309962447075283,0.5121163725852966,0.0,
realmlp,kpx_group_1,18,0.5707519755643957,0.5732427835464478,0.5702821612358093,0.1373046338558197,0.27786898612976074,,,,,
realmlp,kpx_group_2,18,0.559342482510735,0.4538816213607788,0.6499133110046387,0.1605192869901657,0.46034589409828186,,,,,
realmlp,kpx_group_3,18,0.5864767370855107,0.5963754057884216,0.5488809943199158,0.15513700246810913,0.25289902091026306,,,,,
realmlp,all,19,0.5711516492507037,0.5753318071365356,0.5647161602973938,0.1533602774143219,0.2827926576137543,0.621235686189988,0.3338935896754265,0.5464199185371399,0.0,
realmlp,kpx_group_1,19,0.5674407000050825,0.5834507942199707,0.5638668537139893,0.1348445862531662,0.2625782787799835,,,,,
realmlp,kpx_group_2,19,0.5586736254832324,0.5283830761909485,0.5916014909744263,0.16500353813171387,0.3482065796852112,,,,,
realmlp,kpx_group_3,19,0.5873406222637962,0.6141615509986877,0.5386801958084106,0.16023267805576324,0.23759309947490692,,,,,
realmlp,all,20,0.5709009231889949,0.5553855895996094,0.5778613686561584,0.15575268864631653,0.3114754855632782,0.6210056166438496,0.33403133644777183,0.5335497260093689,0.0,
realmlp,kpx_group_1,20,0.5738037465249791,0.5851038098335266,0.5633828639984131,0.13854484260082245,0.2653105556964874,,,,,
realmlp,kpx_group_2,20,0.5522988508729374,0.4873962104320526,0.623035192489624,0.1624724417924881,0.4085428714752197,,,,,
realmlp,kpx_group_3,20,0.5866001634036794,0.5936568379402161,0.547166109085083,0.16624076664447784,0.26057299971580505,,,,,
realmlp,all,21,0.5606073596898247,0.5622868537902832,0.5744268298149109,0.15186768770217896,0.3007214069366455,0.6104929824085796,0.33257083244183483,0.5359258651733398,0.0,
realmlp,kpx_group_1,21,0.5632122492088991,0.5892148613929749,0.5596263408660889,0.13825282454490662,0.25750550627708435,,,,,
realmlp,kpx_group_2,21,0.5437604784965515,0.4912969172000885,0.619157612323761,0.1637326031923294,0.4020477831363678,,,,,
realmlp,kpx_group_3,21,0.5748493408455568,0.6063487529754639,0.5444966554641724,0.15361760556697845,0.2426108717918396,,,,,
realmlp,all,22,0.5565010125146193,0.5374515652656555,0.592795193195343,0.1542491465806961,0.33983948826789856,0.6061588674783707,0.3310523510855787,0.5459839701652527,0.0,
realmlp,kpx_group_1,22,0.5627627521753311,0.5217845439910889,0.6066467761993408,0.13664783537387848,0.3499414026737213,,,,,
realmlp,kpx_group_2,22,0.5354511264492484,0.47960135340690613,0.6312768459320068,0.1645936369895935,0.42714735865592957,,,,,
realmlp,kpx_group_3,22,0.5712891659315895,0.6109687685966492,0.5404619574546814,0.16150596737861633,0.24242980778217316,,,,,
realmlp,all,23,0.5437804986448849,0.5462509989738464,0.5871008038520813,0.15038815140724182,0.3245897591114044,0.5929894683992162,0.328059856505955,0.4901714026927948,0.0,
realmlp,kpx_group_1,23,0.5495001182836645,0.5674194097518921,0.5781030058860779,0.1345575749874115,0.29076358675956726,,,,,
realmlp,kpx_group_2,23,0.5238330706077463,0.47391968965530396,0.632161557674408,0.1621822714805603,0.4265054166316986,,,,,
realmlp,kpx_group_3,23,0.5580082719816881,0.5974138975143433,0.5510378479957581,0.15442463755607605,0.25650033354759216,,,,,
realmlp,all,24,0.538030809339355,0.5307979583740234,0.5972384810447693,0.15168176591396332,0.34615883231163025,0.5871289293555653,0.32732079923152924,0.6020682454109192,0.0,
realmlp,kpx_group_1,24,0.543575652381953,0.5217546224594116,0.6076716184616089,0.13224753737449646,0.34759077429771423,,,,,
realmlp,kpx_group_2,24,0.5192144876893829,0.4790414273738861,0.629102885723114,0.16968773305416107,0.4278935492038727,,,,,
realmlp,kpx_group_3,24,0.5513022708542207,0.5915977954864502,0.5549410581588745,0.15310999751091003,0.26299214363098145,,,,,
realmlp,all,25,0.5277412283946487,0.5253848433494568,0.6006642580032349,0.1516246646642685,0.3529531955718994,0.5765399792615105,0.32532500913914514,0.5403940081596375,0.0,
realmlp,kpx_group_1,25,0.5370968895799973,0.5261039137840271,0.6055803894996643,0.13168001174926758,0.3428407609462738,,,,,
realmlp,kpx_group_2,25,0.5058832847896744,0.458612322807312,0.6414834260940552,0.1668567955493927,0.44982361793518066,,,,,
realmlp,kpx_group_3,25,0.5402435073081184,0.5914382338523865,0.5549290180206299,0.15633715689182281,0.2661951780319214,,,,,
realmlp,all,26,0.5146999293390442,0.5356863141059875,0.5934949517250061,0.15214963257312775,0.33913958072662354,0.5629929023630479,0.3219531708780457,0.5227137207984924,0.0,
realmlp,kpx_group_1,26,0.5277692465221181,0.5535856485366821,0.5849692821502686,0.13850156962871552,0.3084401786327362,,,,,
realmlp,kpx_group_2,26,0.498719924074762,0.44888436794281006,0.6488909721374512,0.16738241910934448,0.4651644229888916,,,,,
realmlp,kpx_group_3,26,0.5176105990129358,0.6045891046524048,0.5466246604919434,0.15056487917900085,0.24381422996520996,,,,,
realmlp,all,27,0.5033086875782293,0.5233635902404785,0.6030409336090088,0.14851896464824677,0.3546008765697479,0.5507976228699965,0.31659288792049184,0.5295996069908142,0.0,
realmlp,kpx_group_1,27,0.5176222933565869,0.5156351327896118,0.6129090189933777,0.13079699873924255,0.3566150367259979,,,,,
realmlp,kpx_group_2,27,0.48584157096989017,0.46263566613197327,0.6395959258079529,0.16574762761592865,0.444939523935318,,,,,
realmlp,kpx_group_3,27,0.5064622041057137,0.5918199419975281,0.5566178560256958,0.14901229739189148,0.2622480094432831,,,,,
realmlp,all,28,0.49566030940588784,0.5302965641021729,0.599051296710968,0.14668868482112885,0.3447912633419037,0.5427174761014826,0.3137144363101791,0.5472679138183594,0.0,
realmlp,kpx_group_1,28,0.5114111641750616,0.5231583118438721,0.6091232895851135,0.13071486353874207,0.3489614427089691,,,,,
realmlp,kpx_group_2,28,0.4775554884005995,0.46759137511253357,0.638347864151001,0.1600561887025833,0.4367518723011017,,,,,
realmlp,kpx_group_3,28,0.49801426468526616,0.6001400351524353,0.5496827363967896,0.14929501712322235,0.24866048991680145,,,,,
realmlp,all,29,0.48997782565215053,0.4994176924228668,0.619083821773529,0.15057653188705444,0.38874420523643494,0.5365835927865085,0.31070506090627,0.5425834655761719,0.0,
realmlp,kpx_group_1,29,0.5020345572163077,0.45796269178390503,0.6525619626045227,0.13254481554031372,0.43766874074935913,,,,,
realmlp,kpx_group_2,29,0.46944881581208286,0.4476601183414459,0.6477904319763184,0.16971953213214874,0.4653003215789795,,,,,
realmlp,kpx_group_3,29,0.49845010918729443,0.5926303267478943,0.5568991303443909,0.14946529269218445,0.2632635831832886,,,,,
realmlp,all,30,0.4773559771916446,0.4969264566898346,0.621415913105011,0.14918287098407745,0.39201465249061584,0.5232550326515647,0.3059937423642944,0.5675404071807861,0.0,
realmlp,kpx_group_1,30,0.49375708138241486,0.4673343896865845,0.6457326412200928,0.1332336962223053,0.42469900846481323,,,,,
realmlp,kpx_group_2,30,0.4624517871176495,0.4446914792060852,0.6519109606742859,0.16853052377700806,0.47235244512557983,,,,,
realmlp,kpx_group_3,30,0.4758590578156359,0.5787535905838013,0.5666040778160095,0.14578445255756378,0.27899256348609924,,,,,
realmlp,all,31,0.4695710162906086,0.5237545371055603,0.6046786308288574,0.14318746328353882,0.3525446653366089,0.514808677136898,0.3015844103168039,0.5460180640220642,0.0,
realmlp,kpx_group_1,31,0.4858187875326942,0.5292001962661743,0.6027040481567383,0.12865005433559418,0.33405810594558716,,,,,
realmlp,kpx_group_2,31,0.45511727692449794,0.44485610723495483,0.6583532691001892,0.15366651117801666,0.4703730046749115,,,,,
realmlp,kpx_group_3,31,0.46777698616771135,0.5972070693969727,0.5529784560203552,0.1472458392381668,0.25320276618003845,,,,,
realmlp,all,32,0.46112406779738035,0.5225183367729187,0.6056060791015625,0.14284104108810425,0.35405316948890686,0.5056785984950907,0.2970301486990031,0.5427191853523254,0.0,
realmlp,kpx_group_1,32,0.4776091943768894,0.5292300581932068,0.6009546518325806,0.12822003662586212,0.3301292955875397,,,,,
realmlp,kpx_group_2,32,0.4480804253150435,0.44462519884109497,0.6586776375770569,0.15434056520462036,0.4716958701610565,,,,,
realmlp,kpx_group_3,32,0.4576825880829026,0.5936996936798096,0.5571858882904053,0.14596253633499146,0.2603343427181244,,,,,
realmlp,all,33,0.45446357919889335,0.527329683303833,0.5992304682731628,0.14909809827804565,0.34755900502204895,0.4987638009821667,0.2953348168555428,0.5305731892585754,0.0,
realmlp,kpx_group_1,33,0.47405511359958086,0.5255059003829956,0.6049312949180603,0.13116975128650665,0.34103235602378845,,,,,
realmlp,kpx_group_2,33,0.44075990249128905,0.4514774978160858,0.6479518413543701,0.1654142439365387,0.46131789684295654,,,,,
realmlp,kpx_group_3,33,0.4485757144934991,0.6050055027008057,0.5448083281517029,0.15071025490760803,0.24032683670520782,,,,,
realmlp,all,34,0.4456389068680651,0.5174937844276428,0.6061499714851379,0.1495581865310669,0.3618580996990204,0.4895322651547544,0.2926223576068878,0.5461546778678894,0.0,
realmlp,kpx_group_1,34,0.46721618491060596,0.5162988901138306,0.6132735013961792,0.12964318692684174,0.3561902642250061,,,,,
realmlp,kpx_group_2,34,0.4313821757540983,0.44893670082092285,0.6461853981018066,0.16996392607688904,0.4623347222805023,,,,,
realmlp,kpx_group_3,34,0.43831836651353273,0.5872457027435303,0.5589909553527832,0.1490674614906311,0.2670493423938751,,,,,
realmlp,all,35,0.43827459917348977,0.5079575181007385,0.6140196323394775,0.14604972302913666,0.37408897280693054,0.48164506738676743,0.2891364312347244,0.5193379521369934,0.0,
realmlp,kpx_group_1,35,0.46046161914573,0.48660120368003845,0.6326769590377808,0.12748607993125916,0.3928399980068207,,,,,
realmlp,kpx_group_2,35,0.4262698446126545,0.44439995288848877,0.6521046757698059,0.16365541517734528,0.4678647220134735,,,,,
realmlp,kpx_group_3,35,0.428092339897857,0.5928713083267212,0.557277262210846,0.14700767397880554,0.2615622580051422,,,,,
realmlp,all,36,0.43239004866165276,0.5053119659423828,0.6182325482368469,0.144412100315094,0.380877286195755,0.47539014018633785,0.28666726149180355,0.5145928859710693,0.0,
realmlp,kpx_group_1,36,0.45291650821180907,0.48087748885154724,0.6406499743461609,0.12595535814762115,0.4072553217411041,,,,,
realmlp,kpx_group_2,36,0.42177243355442495,0.4421497881412506,0.6571096181869507,0.16048571467399597,0.4747050404548645,,,,,
realmlp,kpx_group_3,36,0.4224812011508381,0.5929086804389954,0.556938111782074,0.14679519832134247,0.2606714069843292,,,,,
realmlp,all,37,0.4263155420913416,0.511483371257782,0.6127445101737976,0.14590127766132355,0.3713902235031128,0.46920688625644236,0.28594230115413666,0.5264400839805603,0.0,
realmlp,kpx_group_1,37,0.44937991789158654,0.4892108738422394,0.6321529150009155,0.1276455968618393,0.39195141196250916,,,,,
realmlp,kpx_group_2,37,0.4171954345177202,0.44765785336494446,0.6526327729225159,0.16228337585926056,0.4675488770008087,,,,,
realmlp,kpx_group_3,37,0.4123712611549041,0.5975813865661621,0.5534477233886719,0.1477748602628708,0.25467032194137573,,,,,
realmlp,all,38,0.42448384007986856,0.5078263878822327,0.6151353716850281,0.14599239826202393,0.37626317143440247,0.4671284573919633,0.2842974461176816,0.5319177508354187,0.0,
realmlp,kpx_group_1,38,0.4484219787751927,0.484508216381073,0.6369386315345764,0.12746331095695496,0.4013405740261078,,,,,
realmlp,kpx_group_2,38,0.4139181213343845,0.4457048773765564,0.6527467370033264,0.16347382962703705,0.4689673185348511,,,,,
realmlp,kpx_group_3,38,0.41111141530906453,0.5932661294937134,0.5557207465171814,0.14704009890556335,0.2584816515445709,,,,,
realmlp,all,39,0.4210787923897014,0.5066896080970764,0.6151630282402039,0.1460234671831131,0.37634944915771484,0.463653044665561,0.28382834047079086,0.5300857424736023,0.0,
realmlp,kpx_group_1,39,0.4459575248115203,0.4833022952079773,0.638184666633606,0.1277458667755127,0.4041152596473694,,,,,
realmlp,kpx_group_2,39,0.4108930791125578,0.4456337094306946,0.6518736481666565,0.16308610141277313,0.4668334424495697,,,,,
realmlp,kpx_group_3,39,0.40638577587464275,0.5911328196525574,0.5554305911064148,0.14723843336105347,0.25809964537620544,,,,,
realmlp,all,40,0.4205470339340322,0.507317304611206,0.615403413772583,0.1459265798330307,0.37673333287239075,0.46313633287654205,0.28392865903237285,0.5295619368553162,0.0,
realmlp,kpx_group_1,40,0.4444243561695604,0.4839831590652466,0.6381077766418457,0.12752440571784973,0.40373992919921875,,,,,
realmlp,kpx_group_2,40,0.41148168111548705,0.44580698013305664,0.6524702906608582,0.1631072610616684,0.4680478572845459,,,,,
realmlp,kpx_group_3,40,0.405735058381277,0.5921617746353149,0.5556320548057556,0.1471480429172516,0.2584121525287628,,,,,
realmlp,all,41,0.41984646504416184,0.507383406162262,0.6150650382041931,0.14607107639312744,0.37620124220848083,0.4623627986978082,0.28344221194000807,0.5298632979393005,0.0,
realmlp,kpx_group_1,41,0.444807520684074,0.48376208543777466,0.6373229026794434,0.12760642170906067,0.4022521376609802,,,,,
realmlp,kpx_group_2,41,0.41011997487615137,0.4460662305355072,0.6521554589271545,0.16340294480323792,0.467713862657547,,,,,
realmlp,kpx_group_3,41,0.40461189694264355,0.5923218727111816,0.555716872215271,0.14720386266708374,0.2586376368999481,,,,,
realmlp,all,42,0.42038579854895086,0.5096843838691711,0.6132791638374329,0.14582325518131256,0.37238168716430664,0.4629222899675369,0.2835766033214681,0.5294923782348633,0.0,
realmlp,kpx_group_1,42,0.4460500439300257,0.49028515815734863,0.6306252479553223,0.1279105544090271,0.3891611099243164,,,,,
realmlp,kpx_group_2,42,0.4109470243839657,0.4471456706523895,0.653201699256897,0.16249258816242218,0.4688960313796997,,,,,
realmlp,kpx_group_3,42,0.404160333906903,0.5916222333908081,0.5560106039047241,0.1470666229724884,0.25908783078193665,,,,,
realmlp,all,43,0.42123586377676797,0.5071772336959839,0.6143378615379333,0.14637769758701324,0.37505340576171875,0.4637911880717558,0.28370214253664017,0.5327744483947754,0.0,
realmlp,kpx_group_1,43,0.4456210929681273,0.48274752497673035,0.635470986366272,0.1281033456325531,0.39904534816741943,,,,,
realmlp,kpx_group_2,43,0.41152870216790366,0.4474329650402069,0.650479793548584,0.16384445130825043,0.4648039937019348,,,,,
realmlp,kpx_group_3,43,0.40655778085484223,0.5913512110710144,0.5570628046989441,0.14718535542488098,0.2613109052181244,,,,,
realmlp,all,44,0.42147217734771614,0.5102213025093079,0.6117463111877441,0.14690262079238892,0.3703952729701996,0.4640723545761669,0.2840011715888977,0.5238482356071472,0.0,
realmlp,kpx_group_1,44,0.44612763909732595,0.4832115173339844,0.633573055267334,0.12970007956027985,0.3968461751937866,,,,,
realmlp,kpx_group_2,44,0.4113774343448527,0.4490829408168793,0.6517616510391235,0.1629299372434616,0.4664532542228699,,,,,
realmlp,kpx_group_3,44,0.4069114691194366,0.5983694195747375,0.5499042868614197,0.1480778455734253,0.24788640439510345,,,,,
realmlp,all,45,0.4239392429590225,0.5059854388237,0.6159071326255798,0.14724312722682953,0.3790573179721832,0.4664983876487788,0.28372762921978445,0.5185586810112,0.0,
realmlp,kpx_group_1,45,0.4478776687208344,0.4771139919757843,0.6402571201324463,0.12704989314079285,0.4075641334056854,,,,,
realmlp,kpx_group_2,45,0.41343026608228683,0.4480702579021454,0.6506454348564148,0.16608113050460815,0.46737200021743774,,,,,
realmlp,kpx_group_3,45,0.4105097870616352,0.5927719473838806,0.5568187832832336,0.1485983282327652,0.2622358798980713,,,,,
realmlp,all,46,0.42508161155616536,0.5089147686958313,0.612358570098877,0.14824365079402924,0.3729608952999115,0.4678493295522297,0.28511809338541594,0.5289211273193359,0.0,
realmlp,kpx_group_1,46,0.44991060959942203,0.4792276620864868,0.639028012752533,0.12836678326129913,0.40642282366752625,,,,,
realmlp,kpx_group_2,46,0.4144100608194576,0.45202773809432983,0.6449202299118042,0.16784308850765228,0.45768362283706665,,,,,
realmlp,kpx_group_3,46,0.41092416118173036,0.5954887866973877,0.5531275868415833,0.14852109551429749,0.254776269197464,,,,,
realmlp,all,47,0.42694564470473456,0.5168581604957581,0.6070714592933655,0.14573170244693756,0.3598746359348297,0.4696173816919327,0.28447827433838563,0.5303893089294434,0.0,
realmlp,kpx_group_1,47,0.45347100890734615,0.5042464137077332,0.6197131276130676,0.12741102278232574,0.3668372631072998,,,,,
realmlp,kpx_group_2,47,0.4141422234037343,0.4474468529224396,0.6507546305656433,0.1614602953195572,0.462969571352005,,,,,
realmlp,kpx_group_3,47,0.41322370180312323,0.5988811254501343,0.5507466793060303,0.14832380414009094,0.2498171180486679,,,,,
realmlp,all,48,0.42833444300819845,0.5165485143661499,0.6082165837287903,0.1462773233652115,0.3627105951309204,0.4709843375227031,0.28433257779654336,0.515086829662323,0.0,
realmlp,kpx_group_1,48,0.4521010097335367,0.5034902095794678,0.6198402643203735,0.12665298581123352,0.3663334250450134,,,,,
realmlp,kpx_group_2,48,0.41817253608913985,0.4454575479030609,0.6535429954528809,0.16294412314891815,0.47003015875816345,,,,,
realmlp,kpx_group_3,48,0.414729778380955,0.6006977558135986,0.5512666702270508,0.14923487603664398,0.25176820158958435,,,,,
realmlp,all,49,0.42917855478384914,0.5131071209907532,0.6103273034095764,0.14836223423480988,0.3690168857574463,0.4719730124754064,0.28529638928525586,0.5284246802330017,0.0,
realmlp,kpx_group_1,49,0.4523230567574501,0.4914272427558899,0.6291508674621582,0.12895067036151886,0.3872523307800293,,,,,
realmlp,kpx_group_2,49,0.4190207285916104,0.44863447546958923,0.6495264768600464,0.16539369523525238,0.4644466042518616,,,,,
realmlp,kpx_group_3,49,0.4161918737432536,0.5992595553398132,0.552304744720459,0.1507423222064972,0.255351722240448,,,,,
realmlp,all,50,0.43164283738416787,0.504682719707489,0.6149312853813171,0.1484738439321518,0.3783363997936249,0.4742450700963245,0.28401489029912386,0.5243264436721802,0.0,
realmlp,kpx_group_1,50,0.45532387232079224,0.47478020191192627,0.6425520777702332,0.12852217257022858,0.4136263430118561,,,,,
realmlp,kpx_group_2,50,0.4193275277228916,0.44961628317832947,0.6473127007484436,0.16691921651363373,0.46154463291168213,,,,,
realmlp,kpx_group_3,50,0.42027709896073623,0.5896515250205994,0.5549290180206299,0.1499800831079483,0.25983816385269165,,,,,
realmlp,all,51,0.43679214707192254,0.5158309936523438,0.6080257892608643,0.1493116170167923,0.365363210439682,0.47963859929757957,0.28564301615252213,0.5542288422584534,0.0,
realmlp,kpx_group_1,51,0.45933015644550323,0.5006203055381775,0.6225244402885437,0.13074755668640137,0.37579646706581116,,,,,
realmlp,kpx_group_2,51,0.42533456358839483,0.4489838182926178,0.6508551239967346,0.16459719836711884,0.46630746126174927,,,,,
realmlp,kpx_group_3,51,0.425711729508989,0.5978887677192688,0.5506977438926697,0.1525900959968567,0.25398561358451843,,,,,
realmlp,all,52,0.43377554679618163,0.504628598690033,0.6163867115974426,0.14762036502361298,0.3803938329219818,0.47668619585387845,0.28607100467471513,0.520372211933136,0.0,
realmlp,kpx_group_1,52,0.45771452740711327,0.47082751989364624,0.6441519260406494,0.1302884817123413,0.4185923933982849,,,,,
realmlp,kpx_group_2,52,0.42282179611570697,0.4427296817302704,0.6540321111679077,0.16336823999881744,0.4714324176311493,,,,,
realmlp,kpx_group_3,52,0.42079029714359956,0.6003285646438599,0.5509761571884155,0.14920435845851898,0.25115662813186646,,,,,
realmlp,all,53,0.43541143221013684,0.5247781872749329,0.6016673445701599,0.1440058797597885,0.34734058380126953,0.47818315204452067,0.2851448159884004,0.4914461076259613,0.0,
realmlp,kpx_group_1,53,0.4581199849353117,0.5085185170173645,0.6144167184829712,0.12640663981437683,0.3552401065826416,,,,,
realmlp,kpx_group_2,53,0.4256509559995988,0.46530842781066895,0.6386545300483704,0.15538258850574493,0.4326916038990021,,,,,
realmlp,kpx_group_3,53,0.4224633460535723,0.6005076169967651,0.5519307851791382,0.1502283364534378,0.25408995151519775,,,,,
realmlp,all,54,0.43769681103089275,0.5140607953071594,0.608799159526825,0.14683061838150024,0.36442887783050537,0.48033518607125564,0.2842558157794616,0.5321196913719177,0.0,
realmlp,kpx_group_1,54,0.45990605301716747,0.49918463826179504,0.6211159825325012,0.13074512779712677,0.37297704815864563,,,,,
realmlp,kpx_group_2,54,0.426380678134806,0.4471459984779358,0.6524838209152222,0.16065071523189545,0.4656183123588562,,,,,
realmlp,kpx_group_3,54,0.42680371289744096,0.595851719379425,0.5527976155281067,0.1490960270166397,0.2546912431716919,,,,,
realmlp,all,55,0.4352953241151922,0.5086293816566467,0.6155585646629333,0.14443953335285187,0.3755565881729126,0.47781839090235095,0.28348709599060173,0.5237987637519836,0.0,
realmlp,kpx_group_1,55,0.45873773010338054,0.4782082140445709,0.6419045925140381,0.1282259225845337,0.41203513741493225,,,,,
realmlp,kpx_group_2,55,0.4242089355693144,0.4527514576911926,0.6519956588745117,0.15489105880260468,0.4588823914527893,,,,,
realmlp,kpx_group_3,55,0.4229393136851928,0.5949286222457886,0.5527753829956055,0.15020155906677246,0.2557523250579834,,,,,
realmlp,all,56,0.43250513690359454,0.5232241749763489,0.6045243144035339,0.14775551855564117,0.35680410265922546,0.47464848879505606,0.2809556748937158,0.49460911750793457,0.0,
realmlp,kpx_group_1,56,0.4553168635157978,0.5176988244056702,0.6101617813110352,0.12979057431221008,0.350114107131958,,,,,
realmlp,kpx_group_2,56,0.4200901827391456,0.44374996423721313,0.6586813926696777,0.16085965931415558,0.47822245955467224,,,,,
realmlp,kpx_group_3,56,0.42210835481391235,0.6082237958908081,0.5447296500205994,0.15261638164520264,0.24207571148872375,,,,,
realmlp,all,57,0.43220005228238945,0.5316616892814636,0.5970430374145508,0.1501663476228714,0.34425249695777893,0.4743878631030812,0.28125203882946687,0.48632487654685974,0.0,
realmlp,kpx_group_1,57,0.45795751976616245,0.5366371870040894,0.5974039435386658,0.13203628361225128,0.326844185590744,,,,,
realmlp,kpx_group_2,57,0.41991399929803963,0.4514593482017517,0.6473033428192139,0.16410613059997559,0.45871275663375854,,,,,
realmlp,kpx_group_3,57,0.41872865443720536,0.6068883538246155,0.546422004699707,0.15435659885406494,0.24720065295696259,,,,,
realmlp,all,58,0.42987866787349477,0.5337686538696289,0.5971750617027283,0.14693540334701538,0.3412855863571167,0.4719497982193442,0.2804741833139868,0.50291508436203,0.0,
realmlp,kpx_group_1,58,0.4539659742046805,0.5490832328796387,0.5910478830337524,0.13036902248859406,0.31246480345726013,,,,,
realmlp,kpx_group_2,58,0.41854019331581455,0.44675472378730774,0.6537444591522217,0.15995682775974274,0.4674457013607025,,,,,
realmlp,kpx_group_3,58,0.4171298483715338,0.6054680943489075,0.5467329025268555,0.15048037469387054,0.24394620954990387,,,,,
realmlp,all,59,0.4316704571247101,0.5239418148994446,0.603661298751831,0.1448628157377243,0.3521853983402252,0.4736281493130852,0.27971794763032126,0.48145437240600586,0.0,
realmlp,kpx_group_1,59,0.45594444432679343,0.5177115201950073,0.6091554760932922,0.13061028718948364,0.3489212095737457,,,,,
realmlp,kpx_group_2,59,0.41997871022014055,0.45222407579421997,0.6516022086143494,0.15525437891483307,0.458458811044693,,,,,
realmlp,kpx_group_3,59,0.4190882190185435,0.6018898487091064,0.5502262711524963,0.1487237960100174,0.2491762936115265,,,,,
realmlp,all,60,0.4279202301712597,0.49647578597068787,0.6225712895393372,0.14713150262832642,0.3922741413116455,0.46954092164249983,0.27747124871786905,0.5193043947219849,0.0,
realmlp,kpx_group_1,60,0.45096614211797714,0.45049846172332764,0.6610128283500671,0.12844903767108917,0.45047464966773987,,,,,
realmlp,kpx_group_2,60,0.416541589095312,0.4391722083091736,0.6566658020019531,0.16283027827739716,0.4761618375778198,,,,,
realmlp,kpx_group_3,60,0.4162529584239511,0.59975665807724,0.5500353574752808,0.15011519193649292,0.2501859664916992,,,,,
realmlp,all,61,0.4267476301859407,0.5406762957572937,0.5896466374397278,0.15070617198944092,0.32999950647354126,0.46830151931327935,0.27702593934886593,0.5077672600746155,0.0,
realmlp,kpx_group_1,61,0.45201726126320224,0.5481937527656555,0.5858937501907349,0.13610222935676575,0.3078897297382355,,,,,
realmlp,kpx_group_2,61,0.41505135902587104,0.4622857868671417,0.6428107023239136,0.16162651777267456,0.44724786281585693,,,,,
realmlp,kpx_group_3,61,0.41317426413297653,0.6115494966506958,0.5402355790138245,0.15438981354236603,0.23486091196537018,,,,,
realmlp,all,62,0.42315180117593093,0.5198226571083069,0.603432834148407,0.15044724941253662,0.3573129177093506,0.4645468474310987,0.27596695502014723,0.49535617232322693,0.0,
realmlp,kpx_group_1,62,0.44731009488596635,0.4952784776687622,0.6252806782722473,0.13133612275123596,0.3818974494934082,,,,,
realmlp,kpx_group_2,62,0.40987609677455006,0.4468948543071747,0.6504058837890625,0.16338767111301422,0.464199423789978,,,,,
realmlp,kpx_group_3,62,0.4122692140586236,0.6172946691513062,0.5346120595932007,0.15661795437335968,0.22584201395511627,,,,,
realmlp,all,63,0.4198885218185537,0.5272904634475708,0.599769651889801,0.14927789568901062,0.34881719946861267,0.46080538148389144,0.27277908518033867,0.515737771987915,0.0,
realmlp,kpx_group_1,63,0.44343911461970387,0.5148351788520813,0.6116079092025757,0.13029703497886658,0.35351288318634033,,,,,
realmlp,kpx_group_2,63,0.4110562832039945,0.45479729771614075,0.6470328569412231,0.1621231734752655,0.4561888575553894,,,,,
realmlp,kpx_group_3,63,0.40517015842830434,0.612238883972168,0.540668249130249,0.15541349351406097,0.236750066280365,,,,,
realmlp,all,64,0.41834477335214615,0.5033774375915527,0.6154110431671143,0.14849960803985596,0.3793216049671173,0.459287084200803,0.272948744104189,0.5093632340431213,0.0,
realmlp,kpx_group_1,64,0.44420516710071,0.45140141248703003,0.659060001373291,0.13058272004127502,0.4487026333808899,,,,,
realmlp,kpx_group_2,64,0.40805869680993695,0.44706854224205017,0.649912416934967,0.16046375036239624,0.46028855443000793,,,,,
realmlp,kpx_group_3,64,0.4027704381767441,0.6116622090339661,0.5372607111930847,0.1544523686170578,0.22897379100322723,,,,,
realmlp,all,65,0.4077445864677429,0.5166347622871399,0.6077552437782288,0.14741142094135284,0.3629218637943268,0.4481077106559978,0.26908748640733604,0.4767742455005646,0.0,
realmlp,kpx_group_1,65,0.4368683472275734,0.48721033334732056,0.6328103542327881,0.12831784784793854,0.39393848180770874,,,,,
realmlp,kpx_group_2,65,0.3998680040240288,0.4497373104095459,0.6492407321929932,0.16033916175365448,0.4588206708431244,,,,,
realmlp,kpx_group_3,65,0.3864973976331599,0.6129567623138428,0.5412145853042603,0.15357725322246552,0.2360064536333084,,,,,
realmlp,all,66,0.4044593717245495,0.5200967192649841,0.6039063930511475,0.14795541763305664,0.35576823353767395,0.4445241067339392,0.26709822499576735,0.5012742877006531,0.0,
realmlp,kpx_group_1,66,0.4312259085914668,0.4828241169452667,0.6347325444221497,0.13106657564640045,0.40053167939186096,,,,,
realmlp,kpx_group_2,66,0.39550107410725427,0.46050500869750977,0.6407929062843323,0.15732185542583466,0.438907653093338,,,,,
realmlp,kpx_group_3,66,0.3866511267774245,0.6169610023498535,0.53619384765625,0.15547779202461243,0.22786547243595123,,,,,
realmlp,all,67,0.40058785545475345,0.5245062708854675,0.6018664240837097,0.1458045393228531,0.3495374619960785,0.44009098235298605,0.263354164931704,0.48230257630348206,0.0,
realmlp,kpx_group_1,67,0.42604344162870855,0.5071365833282471,0.6180877089500427,0.1297890543937683,0.36596450209617615,,,,,
realmlp,kpx_group_2,67,0.39241329580545425,0.45465990900993347,0.6484959721565247,0.15445177257061005,0.45144376158714294,,,,,
realmlp,kpx_group_3,67,0.3833068179733613,0.6117222905158997,0.5390156507492065,0.1531728208065033,0.231204092502594,,,,,
realmlp,all,68,0.39603795417967963,0.5223942399024963,0.6004814505577087,0.14974088966846466,0.3507038354873657,0.43512459712869983,0.2605776252115474,0.46733030676841736,0.0,
realmlp,kpx_group_1,68,0.4254862894030178,0.5048735737800598,0.6159261465072632,0.1305111050605774,0.36236342787742615,,,,,
realmlp,kpx_group_2,68,0.38863106597872343,0.4496718645095825,0.6466902494430542,0.1643318235874176,0.457712322473526,,,,,
realmlp,kpx_group_3,68,0.37399650584248934,0.6126373410224915,0.5388280153274536,0.154379740357399,0.2320357710123062,,,,,
realmlp,all,69,0.3869842058595489,0.5258370041847229,0.5999704003334045,0.1480575054883957,0.34799835085868835,0.4258280996890629,0.25895926772671585,0.503864586353302,0.0,
realmlp,kpx_group_1,69,0.41525885331280094,0.49970701336860657,0.623143196105957,0.13039253652095795,0.3766788840293884,,,,,
realmlp,kpx_group_2,69,0.3805490859291133,0.4635098874568939,0.6411222219467163,0.15814337134361267,0.4403877854347229,,,,,
realmlp,kpx_group_3,69,0.36514468403423533,0.6142939925193787,0.5356459021568298,0.15563660860061646,0.22692838311195374,,,,,
realmlp,all,70,0.3836427291526514,0.5338761210441589,0.596781313419342,0.14637859165668488,0.3399412930011749,0.42190541809096055,0.2550845965743065,0.5078988671302795,0.0,
realmlp,kpx_group_1,70,0.4141904295367353,0.5203441381454468,0.6104708313941956,0.1297922134399414,0.3507339060306549,,,,,
realmlp,kpx_group_2,70,0.3748918114339604,0.4661126136779785,0.6432053446769714,0.15536710619926453,0.4417778253555298,,,,,
realmlp,kpx_group_3,70,0.36184593333917503,0.615171492099762,0.5366678833961487,0.1539764553308487,0.22731219232082367,,,,,
realmlp,all,71,0.37634147046243444,0.5222516059875488,0.6036369800567627,0.14638377726078033,0.3536578416824341,0.41424402287777734,0.25268367634100075,0.4631423056125641,0.0,
realmlp,kpx_group_1,71,0.40742823525386695,0.49959883093833923,0.623813807964325,0.12793809175491333,0.3755657374858856,,,,,
realmlp,kpx_group_2,71,0.36932572985396667,0.45728936791419983,0.6469677686691284,0.15693646669387817,0.4508719742298126,,,,,
realmlp,kpx_group_3,71,0.3522704502238947,0.6098665595054626,0.5401294827461243,0.1542767733335495,0.23453576862812042,,,,,
realmlp,all,72,0.3720647955642027,0.5311306715011597,0.5984030365943909,0.14771583676338196,0.3445219099521637,0.4094107335104662,0.2489729343968279,0.5114765763282776,0.0,
realmlp,kpx_group_1,72,0.4024047658723943,0.5155887603759766,0.6127997040748596,0.1304715871810913,0.35607099533081055,,,,,
realmlp,kpx_group_2,72,0.36655817180871964,0.46376192569732666,0.6439462304115295,0.1587761789560318,0.4466685950756073,,,,,
realmlp,kpx_group_3,72,0.3472314433139913,0.6140413284301758,0.5384632349014282,0.15389974415302277,0.2308262139558792,,,,,
realmlp,all,73,0.3640804137377178,0.5262852311134338,0.5996636748313904,0.1449851542711258,0.34431254863739014,0.40088792013771396,0.2453833566430737,0.48322808742523193,0.0,
realmlp,kpx_group_1,73,0.3974134536350475,0.5157313346862793,0.6114188432693481,0.1280209720134735,0.3508586287498474,,,,,
realmlp,kpx_group_2,73,0.35789644586689334,0.4525877833366394,0.6487988233566284,0.15558063983917236,0.453178346157074,,,,,
realmlp,kpx_group_3,73,0.3369313408346737,0.610536515712738,0.5387734174728394,0.1513538807630539,0.2289007008075714,,,,,
realmlp,all,74,0.3594046406009618,0.5184823870658875,0.6054453253746033,0.1480153203010559,0.3589059114456177,0.3959133414661183,0.24339131353532567,0.48031774163246155,0.0,
realmlp,kpx_group_1,74,0.3933938763597432,0.4937770962715149,0.6287264823913574,0.1306069940328598,0.38805994391441345,,,,,
realmlp,kpx_group_2,74,0.35392933295053597,0.4499179720878601,0.6495378613471985,0.1600620299577713,0.45913776755332947,,,,,
realmlp,kpx_group_3,74,0.3308907067951034,0.6117521524429321,0.5380715131759644,0.15337693691253662,0.2295200228691101,,,,,
realmlp,all,75,0.35167894249453263,0.531441867351532,0.5956003069877625,0.14902107417583466,0.340221643447876,0.38769059014670987,0.2400776500649312,0.48487773537635803,0.0,
realmlp,kpx_group_1,75,0.388517748345347,0.5187501907348633,0.6105492115020752,0.13202230632305145,0.35312074422836304,,,,,
realmlp,kpx_group_2,75,0.346806179951219,0.45870208740234375,0.6413953900337219,0.1604335606098175,0.4432242810726166,,,,,
realmlp,kpx_group_3,75,0.31971289305125966,0.6168730854988098,0.5348563194274902,0.1546073704957962,0.2243199348449707,,,,,
realmlp,all,76,0.34377050049164715,0.5276582837104797,0.5991062521934509,0.14838753640651703,0.3466000258922577,0.3796478360891342,0.23918223512523315,0.5204111933708191,0.0,
realmlp,kpx_group_1,76,0.38001083626466636,0.5118528008460999,0.6151922345161438,0.13078776001930237,0.3611721992492676,,,,,
realmlp,kpx_group_2,76,0.33964238534955415,0.45932090282440186,0.642999529838562,0.16043318808078766,0.4464322626590729,,,,,
realmlp,kpx_group_3,76,0.3116582807372598,0.6118010878562927,0.539126992225647,0.15394167602062225,0.2321956604719162,,,,,
realmlp,all,77,0.3366447573198992,0.5286505818367004,0.5992611050605774,0.14610545337200165,0.34462761878967285,0.3719817233436248,0.23557979328667417,0.5094238519668579,0.0,
realmlp,kpx_group_1,77,0.3753623155986561,0.5117003321647644,0.6167455315589905,0.12967008352279663,0.3631611764431,,,,,
realmlp,kpx_group_2,77,0.33167264303740335,0.4621850848197937,0.6424470543861389,0.1561928689479828,0.4410869777202606,,,,,
realmlp,kpx_group_3,77,0.3028993106940213,0.6120663285255432,0.538590669631958,0.15245340764522552,0.22963473200798035,,,,,
realmlp,all,78,0.3318561460165417,0.5324164032936096,0.5954483151435852,0.14925161004066467,0.3401482105255127,0.36683086524991426,0.2331648092059528,0.5220759510993958,0.0,
realmlp,kpx_group_1,78,0.37158900806132483,0.5121431946754456,0.6120784282684326,0.1324600726366043,0.35661694407463074,,,,,
realmlp,kpx_group_2,78,0.32812697396558876,0.46642881631851196,0.6397884488105774,0.1599789261817932,0.4395557940006256,,,,,
realmlp,kpx_group_3,78,0.2958524376153946,0.6186770796775818,0.5344780683517456,0.1553158164024353,0.22427189350128174,,,,,
realmlp,all,79,0.3280160523512784,0.5301854610443115,0.5970759391784668,0.1490270346403122,0.3431788682937622,0.3625425078413066,0.23017635831938071,0.5097913146018982,0.0,
realmlp,kpx_group_1,79,0.36754469792632494,0.5132783651351929,0.6138272285461426,0.13216730952262878,0.3598218560218811,,,,,
realmlp,kpx_group_2,79,0.32388775532736497,0.46097707748413086,0.6408999562263489,0.15949766337871552,0.44129762053489685,,,,,
realmlp,kpx_group_3,79,0.2926157073063009,0.6163008809089661,0.5365005135536194,0.15541613101959229,0.22841717302799225,,,,,
realmlp,all,80,0.32054003854008284,0.5276332497596741,0.599087119102478,0.14857186377048492,0.3467461168766022,0.3546863548895892,0.22764210885061936,0.4992486238479614,0.0,
realmlp,kpx_group_1,80,0.36154204212567387,0.5095099806785583,0.6161308288574219,0.1316324770450592,0.3638940751552582,,,,,
realmlp,kpx_group_2,80,0.317893839934293,0.4611556828022003,0.6427611708641052,0.15942136943340302,0.44494369626045227,,,,,
realmlp,kpx_group_3,80,0.2821842247948927,0.6122341752052307,0.5383694171905518,0.15466174483299255,0.23140066862106323,,,,,
realmlp,all,81,0.314902386682875,0.5324401259422302,0.5970442891120911,0.1482861191034317,0.3423748016357422,0.3487781347597347,0.22583828450125806,0.4983605444431305,0.0,
realmlp,kpx_group_1,81,0.35630204002646837,0.5080556869506836,0.6178434491157532,0.1319776475429535,0.3676646053791046,,,,,
realmlp,kpx_group_2,81,0.31234753088039513,0.47114095091819763,0.6373217701911926,0.1574309766292572,0.43207451701164246,,,,,
realmlp,kpx_group_3,81,0.2760575812529115,0.6181237697601318,0.5359677672386169,0.1554497480392456,0.2273852825164795,,,,,
realmlp,all,82,0.3114868292913717,0.5285083055496216,0.6001529693603516,0.14774809777736664,0.34805405139923096,0.3450030662557658,0.22344157165464232,0.5093591213226318,0.0,
realmlp,kpx_group_1,82,0.35303844555335884,0.5086233615875244,0.6202874183654785,0.13117703795433044,0.37175193428993225,,,,,
realmlp,kpx_group_2,82,0.30812625061063204,0.46293628215789795,0.6413068175315857,0.15829025208950043,0.440903902053833,,,,,
realmlp,kpx_group_3,82,0.2732957873274298,0.6139653325080872,0.5388646125793457,0.15377701818943024,0.23150628805160522,,,,,
realmlp,all,83,0.30581941718564315,0.5307174921035767,0.5972527861595154,0.14937114715576172,0.3438766896724701,0.3391771960784407,0.22238518078537547,0.5049067139625549,0.0,
realmlp,kpx_group_1,83,0.3482069929732996,0.5110726356506348,0.6140446066856384,0.1324005275964737,0.36048969626426697,,,,,
realmlp,kpx_group_2,83,0.3030134684899274,0.4647536873817444,0.6401816606521606,0.15998859703540802,0.4403519034385681,,,,,
realmlp,kpx_group_3,83,0.2662377966677441,0.616326093673706,0.5375320911407471,0.15572431683540344,0.23078851401805878,,,,,
realmlp,all,84,0.30196850133292813,0.5328455567359924,0.5960202813148499,0.14965184032917023,0.3416925370693207,0.33500643381301093,0.22025284697027767,0.5173707604408264,0.0,
realmlp,kpx_group_1,84,0.3457471548634417,0.5159287452697754,0.6130548715591431,0.13253049552440643,0.35864028334617615,,,,,
realmlp,kpx_group_2,84,0.2984152186442824,0.4675877094268799,0.6380807757377625,0.1610550880432129,0.4372166097164154,,,,,
realmlp,kpx_group_3,84,0.26174314604962573,0.6150200963020325,0.5369253754615784,0.15536993741989136,0.2292207032442093,,,,,
realmlp,all,85,0.29724949948927937,0.5302650332450867,0.5982918739318848,0.14903686940670013,0.3456205427646637,0.33008434930268454,0.21889898794538834,0.5205032825469971,0.0,
realmlp,kpx_group_1,85,0.34230619143037233,0.5087530612945557,0.6165462136268616,0.13229677081108093,0.3653891980648041,,,,,
realmlp,kpx_group_2,85,0.29378460785921884,0.4660623073577881,0.6404589414596558,0.15937866270542145,0.440296471118927,,,,,
realmlp,kpx_group_3,85,0.2556576906319927,0.6159796118736267,0.5378703474998474,0.15543518960475922,0.23117594420909882,,,,,
realmlp,all,86,0.29390174851698037,0.5387751460075378,0.593061625957489,0.15013329684734344,0.3362564742565155,0.32651281444465413,0.21740710187484236,0.5121593475341797,0.0,
realmlp,kpx_group_1,86,0.33841339279623595,0.5270541906356812,0.6063299179077148,0.13311514258384705,0.34577497839927673,,,,,
realmlp,kpx_group_2,86,0.2923665585763314,0.4697452187538147,0.6379848718643188,0.16049224138259888,0.4364619851112366,,,,,
realmlp,kpx_group_3,86,0.25092529308270006,0.6195259094238281,0.5348699688911438,0.15679249167442322,0.22653242945671082,,,,,
realmlp,all,87,0.29082958444076423,0.533608615398407,0.5957618355751038,0.14896632730960846,0.3404900133609772,0.3234197760329527,0.21726792130400152,0.5147194266319275,0.0,
realmlp,kpx_group_1,87,0.33618182513643713,0.515326738357544,0.6141481399536133,0.1322215348482132,0.36051782965660095,,,,,
realmlp,kpx_group_2,87,0.2886126935482025,0.46891680359840393,0.6368482708930969,0.15899503231048584,0.4326916038990021,,,,,
realmlp,kpx_group_3,87,0.2476942239000517,0.6165822744369507,0.5362890958786011,0.15568245947360992,0.22826063632965088,,,,,
realmlp,all,88,0.2889263932319248,0.5329822897911072,0.5959022045135498,0.14951743185520172,0.34132179617881775,0.3212996813304284,0.2158219159087714,0.5207710862159729,0.0,
realmlp,kpx_group_1,88,0.33278295397758484,0.5143488049507141,0.6129120588302612,0.13258066773414612,0.35840481519699097,,,,,
realmlp,kpx_group_2,88,0.28734999062383876,0.4683968722820282,0.637968897819519,0.1599818617105484,0.4359196424484253,,,,,
realmlp,kpx_group_3,88,0.24664622852030924,0.6162013411521912,0.5368255376815796,0.15598979592323303,0.2296409010887146,,,,,
realmlp,all,89,0.28687817252734127,0.53505539894104,0.5944792628288269,0.1495484709739685,0.3385070860385895,0.3191646561026573,0.21524320236023733,0.5205894112586975,0.0,
realmlp,kpx_group_1,89,0.332863891387687,0.5185726881027222,0.6104751825332642,0.1327245831489563,0.3536749482154846,,,,,
realmlp,kpx_group_2,89,0.2851746652056189,0.4697721302509308,0.6360637545585632,0.15995512902736664,0.4320826828479767,,,,,
realmlp,kpx_group_3,89,0.2425959721645888,0.6168212890625,0.5368989706039429,0.15596571564674377,0.22976364195346832,,,,,
realmlp,all,90,0.28476383186438503,0.532695472240448,0.5964744091033936,0.14885254204273224,0.3418014943599701,0.3169751495999448,0.21474210698814952,0.5177683234214783,0.0,
realmlp,kpx_group_1,90,0.3302694335579872,0.5143625140190125,0.6135947108268738,0.13214588165283203,0.3593353033065796,,,,,
realmlp,kpx_group_2,90,0.28340206645867405,0.4681549072265625,0.6375863552093506,0.15902680158615112,0.4341994524002075,,,,,
realmlp,kpx_group_3,90,0.24061999360428138,0.615568995475769,0.5382423400878906,0.15538494288921356,0.23186969757080078,,,,,
realmlp,all,91,0.284409303437261,0.5351394414901733,0.5946571230888367,0.14920516312122345,0.33851945400238037,0.31667820495717663,0.2151260308044798,0.518360435962677,0.0,
realmlp,kpx_group_1,91,0.3312688009703861,0.5188636779785156,0.609549343585968,0.1323588788509369,0.3514575958251953,,,,,
realmlp,kpx_group_2,91,0.2821727815796347,0.47036635875701904,0.6372694969177246,0.15948346257209778,0.4340223968029022,,,,,
realmlp,kpx_group_3,91,0.23978632776176229,0.6161882877349854,0.5371526479721069,0.15577316284179688,0.23007847368717194,,,,,
realmlp,all,92,0.2835186325451907,0.5352458953857422,0.5941556692123413,0.1493799090385437,0.3376913070678711,0.3157530527781038,0.21489613371736863,0.5188620090484619,0.0,
realmlp,kpx_group_1,92,0.32964131981134415,0.5188367366790771,0.6097952127456665,0.13250884413719177,0.35209935903549194,,,,,
realmlp,kpx_group_2,92,0.28195355218999524,0.4702024757862091,0.6361076235771179,0.15970365703105927,0.4319188892841339,,,,,
realmlp,kpx_group_3,92,0.2389610192793257,0.6166983842849731,0.5365642309188843,0.15592722594738007,0.22905565798282623,,,,,
realmlp,all,93,0.2834860406377736,0.5352270603179932,0.5940870642662048,0.14940045773983002,0.3375745117664337,0.3156163727535921,0.21420221753856716,0.5188210606575012,0.0,
realmlp,kpx_group_1,93,0.33045632961918325,0.5187548995018005,0.6094573140144348,0.1325053572654724,0.35141995549201965,,,,,
realmlp,kpx_group_2,93,0.281954511123545,0.4702431261539459,0.6362420320510864,0.15976400673389435,0.43224799633026123,,,,,
realmlp,kpx_group_3,93,0.2380472759113592,0.6166831254959106,0.5365618467330933,0.1559320092201233,0.22905565798282623,,,,,
realmlp,all,94,0.2820802497513154,0.5352295637130737,0.594089925289154,0.14939473569393158,0.3375745117664337,0.3143036150757004,0.2148224049631287,0.5188232064247131,0.0,
realmlp,kpx_group_1,94,0.3292779199340764,0.5187358856201172,0.6094563603401184,0.13250723481178284,0.35141995549201965,,,,,
realmlp,kpx_group_2,94,0.28019655013785644,0.4702746272087097,0.6362501382827759,0.15974770486354828,0.43224799633026123,,,,,
realmlp,kpx_group_3,94,0.23676628772826755,0.6166782379150391,0.5365632176399231,0.15592928230762482,0.22905565798282623,,,,,
realmlp,all,95,0.2825542995158364,0.535549521446228,0.594193160533905,0.14931245148181915,0.3376987874507904,0.31470563087393255,0.21434220693567219,0.5184127688407898,0.0,
realmlp,kpx_group_1,95,0.3294220952426686,0.5194668769836426,0.6084643602371216,0.13252533972263336,0.3494541049003601,,,,,
realmlp,kpx_group_2,95,0.280796587905463,0.47065305709838867,0.637169361114502,0.1595209836959839,0.4338597357273102,,,,,
realmlp,kpx_group_3,95,0.23744421759072473,0.6165287494659424,0.5369457006454468,0.1558910459280014,0.22978246212005615,,,,,
realmlp,all,96,0.2832346111536026,0.5350809693336487,0.5945666432380676,0.14949004352092743,0.33862340450286865,0.31552235825973396,0.21525163159650915,0.5199667811393738,0.0,
realmlp,kpx_group_1,96,0.33008326370926466,0.5186620354652405,0.6104636192321777,0.13266240060329437,0.35358959436416626,,,,,
realmlp,kpx_group_2,96,0.2814498543739319,0.46971163153648376,0.636709451675415,0.1598851978778839,0.433304101228714,,,,,
realmlp,kpx_group_3,96,0.23817071296712933,0.616869330406189,0.5365270376205444,0.1559225171804428,0.22897662222385406,,,,,
realmlp,all,97,0.2837882738779573,0.5344162583351135,0.5945379137992859,0.1496659815311432,0.3387417793273926,0.3160187702845125,0.21486996355302193,0.5175423622131348,0.0,
realmlp,kpx_group_1,97,0.330752424457494,0.5187647938728333,0.6095862984657288,0.13267681002616882,0.35184943675994873,,,,,
realmlp,kpx_group_2,97,0.2820373962030691,0.46841222047805786,0.6362524628639221,0.16031871736049652,0.43282362818717957,,,,,
realmlp,kpx_group_3,97,0.23857500163071296,0.616071879863739,0.537774920463562,0.15600243210792542,0.23155227303504944,,,,,
realmlp,all,98,0.2829866562696064,0.535243809223175,0.5944121479988098,0.14966799318790436,0.3384923040866852,0.31520000231616635,0.2147556339554927,0.5212460160255432,0.0,
realmlp,kpx_group_1,98,0.3290807683678234,0.5182556509971619,0.6115323901176453,0.1328611671924591,0.35592594742774963,,,,,
realmlp,kpx_group_2,98,0.2816132184337167,0.47029829025268555,0.6353744268417358,0.15989281237125397,0.4306415915489197,,,,,
realmlp,kpx_group_3,98,0.2382659782819888,0.6171776652336121,0.5363297462463379,0.1562500298023224,0.2289094626903534,,,,,
realmlp,all,99,0.2845428664894665,0.5360751152038574,0.5931088924407959,0.14994870126247406,0.33616653084754944,0.3167555345331921,0.2147510875673855,0.5214115977287292,0.0,
realmlp,kpx_group_1,99,0.33125953420120124,0.5218815207481384,0.6066346168518066,0.13282886147499084,0.34609800577163696,,,,,
realmlp,kpx_group_2,99,0.2817436189335935,0.4691585898399353,0.6357757449150085,0.16064335405826569,0.4321947991847992,,,,,
realmlp,kpx_group_3,99,0.24062544940149083,0.6171852350234985,0.5369164943695068,0.15637385845184326,0.23020683228969574,,,,,
realmlp,all,100,0.2847711763837758,0.5353471636772156,0.5943271517753601,0.15042640268802643,0.33908069133758545,0.3170244904125438,0.21502207679783597,0.5215573906898499,0.0,
realmlp,kpx_group_1,100,0.33016716820352215,0.5173079967498779,0.6106684803962708,0.13311989605426788,0.3544568121433258,,,,,
realmlp,kpx_group_2,100,0.2835848221884054,0.47071439027786255,0.6355489492416382,0.16112452745437622,0.432222455739975,,,,,
realmlp,kpx_group_3,100,0.2405615475247888,0.6180190443992615,0.5367640256881714,0.15703478455543518,0.2305627465248108,,,,,
realmlp,all,101,0.28600555000936284,0.5366553068161011,0.593597948551178,0.1500203162431717,0.33721625804901123,0.3181731433552854,0.21445058176622672,0.5152685046195984,0.0,
realmlp,kpx_group_1,101,0.33233534763841066,0.5198116302490234,0.6064471006393433,0.13300904631614685,0.3459032475948334,,,,,
realmlp,kpx_group_2,101,0.2835080952328794,0.4724438190460205,0.6389577984809875,0.16019539535045624,0.4381110370159149,,,,,
realmlp,kpx_group_3,101,0.2421732095672804,0.6177104711532593,0.5353890061378479,0.15685653686523438,0.22763454914093018,,,,,
realmlp,all,102,0.2875241913339671,0.5394925475120544,0.5922191739082336,0.14926724135875702,0.3337056636810303,0.31965849943020763,0.21422872144509764,0.5195110440254211,0.0,
realmlp,kpx_group_1,102,0.33227765253361535,0.5278567671775818,0.6059799790382385,0.13303101062774658,0.34499093890190125,,,,,
realmlp,kpx_group_2,102,0.2861027099630412,0.47485631704330444,0.6336820125579834,0.15872174501419067,0.4260857105255127,,,,,
realmlp,kpx_group_3,102,0.24419219813802662,0.615764319896698,0.5369956493377686,0.1560489535331726,0.23004023730754852,,,,,
realmlp,all,103,0.28769587199477586,0.5346426963806152,0.5952118635177612,0.1493787169456482,0.33980247378349304,0.3199760168790817,0.21520097575643482,0.5279073715209961,0.0,
realmlp,kpx_group_1,103,0.3342372411314179,0.5162034630775452,0.6124671697616577,0.13283179700374603,0.3577660918235779,,,,,
realmlp,kpx_group_2,103,0.2848221769227701,0.4694308042526245,0.6379367709159851,0.15914513170719147,0.4350186884403229,,,,,
realmlp,kpx_group_3,103,0.24402820998254945,0.618293821811676,0.5352316498756409,0.15615922212600708,0.2266225516796112,,,,,
realmlp,all,104,0.2878564806545482,0.5386229157447815,0.5926269888877869,0.14928686618804932,0.3345407247543335,0.3200305064811426,0.214493486811133,0.5243051052093506,0.0,
realmlp,kpx_group_1,104,0.3328157457358697,0.5264827609062195,0.6057332754135132,0.1324268877506256,0.3438934087753296,,,,,
realmlp,kpx_group_2,104,0.28510305373107686,0.47118112444877625,0.6368556022644043,0.15933507680892944,0.43304625153541565,,,,,
realmlp,kpx_group_3,104,0.2456506506046828,0.6182048320770264,0.5352919697761536,0.1560986191034317,0.22668249905109406,,,,,
realmlp,all,105,0.2872079891317031,0.5313757061958313,0.5977845191955566,0.1490800976753235,0.3446491062641144,0.3194804533439524,0.21514974556425037,0.5121238231658936,0.0,
realmlp,kpx_group_1,105,0.33343184301081824,0.5083275437355042,0.6176436543464661,0.13213279843330383,0.36742010712623596,,,,,
realmlp,kpx_group_2,105,0.28397510770489187,0.468489408493042,0.6391510367393494,0.15885311365127563,0.43715518712997437,,,,,
realmlp,kpx_group_3,105,0.24421701120103106,0.6173102259635925,0.5365588665008545,0.1562543511390686,0.229372039437294,,,,,
realmlp,all,106,0.2884354297729099,0.539456307888031,0.5934456586837769,0.1488446742296219,0.3357360363006592,0.3205704163102543,0.21423320033971002,0.5182786583900452,0.0,
realmlp,kpx_group_1,106,0.33419831798357125,0.5305042862892151,0.6051431894302368,0.13276836276054382,0.34305474162101746,,,,,
realmlp,kpx_group_2,106,0.28512310850269657,0.47033876180648804,0.6399166584014893,0.15810279548168182,0.43793612718582153,,,,,
realmlp,kpx_group_3,106,0.24598487488487186,0.6175259351730347,0.535277247428894,0.15566286444664001,0.2262173295021057,,,,,
realmlp,all,107,0.2885385685983826,0.5452296733856201,0.588617742061615,0.1492445319890976,0.3264799118041992,0.32075558515156016,0.21478009771774798,0.5097901821136475,0.0,
realmlp,kpx_group_1,107,0.33478159501272087,0.5359947085380554,0.5995147228240967,0.13396775722503662,0.33299723267555237,,,,,
realmlp,kpx_group_2,107,0.2855597467106931,0.48170235753059387,0.6301507949829102,0.15758219361305237,0.4178837835788727,,,,,
realmlp,kpx_group_3,107,0.24527436560567686,0.6179919838905334,0.5361875295639038,0.15618358552455902,0.2285587042570114,,,,,
realmlp,all,108,0.290677782805527,0.5325682759284973,0.5962656140327454,0.14941109716892242,0.34194231033325195,0.3227964552009807,0.21412447029176881,0.5269467830657959,0.0,
realmlp,kpx_group_1,108,0.3344014830449048,0.514565646648407,0.6136171221733093,0.13203276693820953,0.3592669665813446,,,,,
realmlp,kpx_group_2,108,0.287645243546542,0.4681025743484497,0.6380932331085205,0.1598464399576187,0.43603283166885376,,,,,
realmlp,kpx_group_3,108,0.24998662313994238,0.6150365471839905,0.537086546421051,0.15635406970977783,0.2305271327495575,,,,,
realmlp,all,109,0.2911391819224638,0.5431929230690002,0.589923083782196,0.14963293075561523,0.32947900891304016,0.3231665470144328,0.2135157482150723,0.5218731760978699,0.0,
realmlp,kpx_group_1,109,0.3350512451108764,0.5375729203224182,0.5972998142242432,0.13350865244865417,0.3281083405017853,,,,,
realmlp,kpx_group_2,109,0.2884085314238773,0.4767744243144989,0.6343632340431213,0.1587396115064621,0.42746612429618835,,,,,
realmlp,kpx_group_3,109,0.2499577567419585,0.6152313947677612,0.5381060242652893,0.15665052831172943,0.23286254703998566,,,,,
realmlp,all,110,0.2911635356790879,0.5449817180633545,0.5874225497245789,0.15005747973918915,0.32490256428718567,0.32312561703078885,0.21308053723152945,0.5075154304504395,0.0,
realmlp,kpx_group_1,110,0.3350492917439517,0.5396544337272644,0.5957647562026978,0.1337677389383316,0.3252972364425659,,,,,
realmlp,kpx_group_2,110,0.2887974688235451,0.47358500957489014,0.6344568133354187,0.15888383984565735,0.42779743671417236,,,,,
realmlp,kpx_group_3,110,0.2496438449358239,0.6217058897018433,0.5320461392402649,0.15752078592777252,0.2216130942106247,,,,,
realmlp,all,111,0.29260699889239145,0.5296916961669922,0.5996254086494446,0.14912869036197662,0.34837958216667175,0.3246176628505482,0.2134044052046888,0.5492351651191711,0.0,
realmlp,kpx_group_1,111,0.33845563539687323,0.5079050064086914,0.6222233176231384,0.13113181293010712,0.37557849287986755,,,,,
realmlp,kpx_group_2,111,0.2886839250431341,0.46718135476112366,0.6388969421386719,0.16053971648216248,0.438333660364151,,,,,
realmlp,kpx_group_3,111,0.25068144763217254,0.6139888167381287,0.5377560257911682,0.15571452677249908,0.23122654855251312,,,,,
realmlp,all,112,0.29332158846013684,0.5351696014404297,0.5947185158729553,0.14989034831523895,0.3393273651599884,0.32512887479627833,0.21204854898593006,0.5299990177154541,0.0,
realmlp,kpx_group_1,112,0.33721525002928343,0.5108675956726074,0.6164376735687256,0.13194850087165833,0.3648238778114319,,,,,
realmlp,kpx_group_2,112,0.2885331375633969,0.478548139333725,0.6311314105987549,0.16079656779766083,0.4230593740940094,,,,,
realmlp,kpx_group_3,112,0.25421637230936217,0.6160930395126343,0.5365864634513855,0.1569259613752365,0.2300988882780075,,,,,
realmlp,all,113,0.2935883122331956,0.5331375598907471,0.5962021946907043,0.15056689083576202,0.34297123551368713,0.32554885657394633,0.21307028742397532,0.5437095761299133,0.0,
realmlp,kpx_group_1,113,0.3369380573139471,0.5199247598648071,0.6114541292190552,0.1324225217103958,0.35533079504966736,,,,,
realmlp,kpx_group_2,113,0.29098915352540855,0.4627307057380676,0.6394022107124329,0.1627434939146042,0.4415479302406311,,,,,
realmlp,kpx_group_3,113,0.25283773046206026,0.6167572736740112,0.5377501845359802,0.15653465688228607,0.23203499615192413,,,,,
realmlp,all,114,0.2944534420967102,0.5422924160957336,0.5879916548728943,0.1513357311487198,0.32731902599334717,0.32626134639277177,0.2120527237215463,0.5103034973144531,0.0,
realmlp,kpx_group_1,114,0.3382069350165479,0.531993567943573,0.6001331806182861,0.1329430788755417,0.3332095146179199,,,,,
realmlp,kpx_group_2,114,0.2891724241130492,0.4718693792819977,0.6328500509262085,0.16238662600517273,0.4280868172645569,,,,,
realmlp,kpx_group_3,114,0.2559809625587043,0.6230142116546631,0.5309916138648987,0.15867750346660614,0.2206607609987259,,,,,
realmlp,all,115,0.2922627461307189,0.5355305671691895,0.5939247608184814,0.15094201266765594,0.33879145979881287,0.32393959602888894,0.2111789715640685,0.5439566373825073,0.0,
realmlp,kpx_group_1,115,0.33533665669315,0.511813223361969,0.6138534545898438,0.1334475576877594,0.3611544072628021,,,,,
realmlp,kpx_group_2,115,0.2888788721140693,0.47337624430656433,0.635317862033844,0.1621047556400299,0.4327404797077179,,,,,
realmlp,kpx_group_3,115,0.2525727220756166,0.6214023232460022,0.5326027870178223,0.1572737693786621,0.22247937321662903,,,,,
realmlp,all,116,0.2923745806602871,0.5325390696525574,0.5965985655784607,0.1496397852897644,0.3428369462490082,0.3240150752312997,0.2109366306925521,0.4960823059082031,0.0,
realmlp,kpx_group_1,116,0.3347612904275165,0.5094916224479675,0.6178932189941406,0.1319907307624817,0.3677771985530853,,,,,
realmlp,kpx_group_2,116,0.28840510766295824,0.4718182682991028,0.6365112066268921,0.15954503417015076,0.4325675070285797,,,,,
realmlp,kpx_group_3,116,0.2539573346867281,0.6163071990013123,0.5353912711143494,0.15738354623317719,0.22816607356071472,,,,,
realmlp,all,117,0.2930889129638672,0.5310707688331604,0.5963173508644104,0.14957813918590546,0.3422127962112427,0.3246633379774935,0.21049615850343423,0.5330588221549988,0.0,
realmlp,kpx_group_1,117,0.33462132075253653,0.502391517162323,0.6202892065048218,0.13255855441093445,0.3731369972229004,,,,,
realmlp,kpx_group_2,117,0.2875017252038507,0.47313255071640015,0.6338258385658264,0.16002285480499268,0.4276745319366455,,,,,
realmlp,kpx_group_3,117,0.25714369052473235,0.6176882386207581,0.5348368883132935,0.15615294873714447,0.22582677006721497,,,,,
realmlp,all,118,0.2923899257884306,0.5355159640312195,0.5948657393455505,0.14972810447216034,0.33945944905281067,0.32356565796277104,0.20783819565001657,0.5260403156280518,0.0,
realmlp,kpx_group_1,118,0.33238348627791686,0.5182839035987854,0.6109687685966492,0.1323644369840622,0.3543020188808441,,,,,
realmlp,kpx_group_2,118,0.28846532632322874,0.46889588236808777,0.6395668387413025,0.16021513938903809,0.43934881687164307,,,,,
realmlp,kpx_group_3,118,0.2563209632302032,0.6193680167198181,0.5340613722801208,0.15660470724105835,0.22472748160362244,,,,,
realmlp,all,119,0.2898200290168033,0.5340167880058289,0.5949875712394714,0.15034954249858856,0.34032461047172546,0.3210488934727276,0.20819239449851654,0.5400510430335999,0.0,
realmlp,kpx_group_1,119,0.33200381520916433,0.5103497505187988,0.6160926818847656,0.13298024237155914,0.3651655614376068,,,,,
realmlp,kpx_group_2,119,0.28538963856065974,0.4682864248752594,0.6370992064476013,0.16035863757133484,0.43455708026885986,,,,,
realmlp,kpx_group_3,119,0.25206664248424415,0.6234142780303955,0.5317707657814026,0.15770971775054932,0.2212512195110321,,,,,
realmlp,all,120,0.2923276910887045,0.5420507788658142,0.5896345973014832,0.14968211948871613,0.32895123958587646,0.3231176852303393,0.20526662052554243,0.5465931296348572,0.0,
realmlp,kpx_group_1,120,0.3329596203916213,0.5296697616577148,0.6033998727798462,0.13368567824363708,0.34048542380332947,,,,,
realmlp,kpx_group_2,120,0.2858174605404629,0.47575849294662476,0.6325211524963379,0.158471018075943,0.4235133230686188,,,,,
realmlp,kpx_group_3,120,0.25820598422604446,0.6207240223884583,0.5329826474189758,0.1568896770477295,0.22285492718219757,,,,,
realmlp,all,121,0.29030418395996094,0.5312945246696472,0.597708523273468,0.14763933420181274,0.34305647015571594,0.3213011683786617,0.2066465791533975,0.4900491535663605,0.0,
realmlp,kpx_group_1,121,0.3302287674125503,0.5084661841392517,0.6173238158226013,0.13119730353355408,0.3658449947834015,,,,,
realmlp,kpx_group_2,121,0.28463418299660964,0.47285258769989014,0.6361628174781799,0.1566213071346283,0.42894700169563293,,,,,
realmlp,kpx_group_3,121,0.25604959445841174,0.612564742565155,0.5396389961242676,0.15509939193725586,0.2343774288892746,,,,,
realmlp,all,122,0.2901579750811352,0.535229504108429,0.5949895977973938,0.1511814445257187,0.34116074442863464,0.32083550227039,0.20451683901688633,0.547065258026123,0.0,
realmlp,kpx_group_1,122,0.3304339209023644,0.5177698135375977,0.6115303039550781,0.13434651494026184,0.3574071526527405,,,,,
realmlp,kpx_group_2,122,0.2849523096400149,0.4703001081943512,0.6371655464172363,0.16274353861808777,0.4370747208595276,,,,,
realmlp,kpx_group_3,122,0.2550876885652542,0.6176185011863708,0.5362730622291565,0.15645428001880646,0.22900038957595825,,,,,
realmlp,all,123,0.2881102434852544,0.5356159806251526,0.5939852595329285,0.14974720776081085,0.337717741727829,0.3186915727222667,0.2038755134186324,0.5483995079994202,0.0,
realmlp,kpx_group_1,123,0.3288147418814547,0.5151475667953491,0.6129685044288635,0.13293254375457764,0.3588695824146271,,,,,
realmlp,kpx_group_2,123,0.2829175608999589,0.47455036640167236,0.6335849761962891,0.1598067730665207,0.42697674036026,,,,,
realmlp,kpx_group_3,123,0.2525984283317538,0.6171501874923706,0.535402238368988,0.15650229156017303,0.2273067981004715,,,,,
realmlp,all,124,0.2866961763185613,0.5406470894813538,0.5915944576263428,0.1500055193901062,0.33319443464279175,0.3168960305697778,0.2013323517406688,0.5308836102485657,0.0,
realmlp,kpx_group_1,124,0.32568828191827326,0.5335798859596252,0.6018819808959961,0.1343277543783188,0.33809179067611694,,,,,
realmlp,kpx_group_2,124,0.2843064157401814,0.46828946471214294,0.6376858949661255,0.15926861763000488,0.43464040756225586,,,,,
realmlp,kpx_group_3,124,0.25009383151636405,0.6200718879699707,0.5352154970169067,0.15642017126083374,0.2268511801958084,,,,,
realmlp,all,125,0.2852415547651403,0.5295533537864685,0.5988861918449402,0.14949405193328857,0.34726646542549133,0.31538418548948627,0.20095084498033805,0.5469651818275452,0.0,
realmlp,kpx_group_1,125,0.32762709610602436,0.505488395690918,0.6208046674728394,0.132383331656456,0.3739927411079407,,,,,
realmlp,kpx_group_2,125,0.28111157215693416,0.46671217679977417,0.639984130859375,0.15934893488883972,0.4393172264099121,,,,,
realmlp,kpx_group_3,125,0.24698600852314165,0.6164594888687134,0.5358697772026062,0.1567499190568924,0.228489488363266,,,,,
realmlp,all,126,0.2859027823981117,0.5496760010719299,0.5848939418792725,0.1508372277021408,0.32062509655952454,0.315981928478269,0.2005276009440422,0.5209541320800781,0.0,
realmlp,kpx_group_1,126,0.3245101991821738,0.5489689111709595,0.5899441242218018,0.13438570499420166,0.31427398324012756,,,,,
realmlp,kpx_group_2,126,0.28273707847384844,0.4781152606010437,0.6316771507263184,0.16123488545417786,0.4245891571044922,,,,,
realmlp,kpx_group_3,126,0.2504610723870642,0.6219438910484314,0.533060610294342,0.15689106285572052,0.22301222383975983,,,,,
realmlp,all,127,0.2839483544230461,0.5360940098762512,0.5927672386169434,0.15173958241939545,0.33727404475212097,0.3135545393999885,0.19737454920130618,0.5589306354522705,0.0,
realmlp,kpx_group_1,127,0.3234027869561139,0.5115246176719666,0.6144789457321167,0.134503573179245,0.3634614944458008,,,,,
realmlp,kpx_group_2,127,0.27911459676483097,0.4730454385280609,0.6336895227432251,0.16240212321281433,0.4297811686992645,,,,,
realmlp,kpx_group_3,127,0.24932768130127123,0.6237119436264038,0.5301332473754883,0.1583130657672882,0.2185794860124588,,,,,
realmlp,all,128,0.28177663640064354,0.5361285209655762,0.5934016704559326,0.14939968287944794,0.33620306849479675,0.31108825522310596,0.19541076680316644,0.5531907677650452,0.0,
realmlp,kpx_group_1,128,0.3218361713430461,0.5185200572013855,0.6102268695831299,0.13103075325489044,0.3514845371246338,,,,,
realmlp,kpx_group_2,128,0.2782207907122724,0.4655117988586426,0.638447642326355,0.16013965010643005,0.4370349645614624,,,,,
realmlp,kpx_group_3,128,0.24527294911882458,0.6243536472320557,0.5315305590629578,0.15702860057353973,0.22008968889713287,,,,,
realmlp,all,129,0.2791709452867508,0.5362402200698853,0.5917180776596069,0.1517036110162735,0.33513975143432617,0.3084624935598934,0.19527697322123191,0.5535425543785095,0.0,
realmlp,kpx_group_1,129,0.31847165656440396,0.5124050378799438,0.6135898232460022,0.13645124435424805,0.36363089084625244,,,,,
realmlp,kpx_group_2,129,0.2757955526604372,0.47008973360061646,0.634107232093811,0.16080091893672943,0.4290153682231903,,,,,
realmlp,kpx_group_3,129,0.24324563605820432,0.6262258887290955,0.527457058429718,0.1578586995601654,0.2127728909254074,,,,,
realmlp,all,130,0.278076217016753,0.5398856997489929,0.5917690992355347,0.1499733328819275,0.3335115909576416,0.3072143100640353,0.19425395876169205,0.5167295336723328,0.0,
realmlp,kpx_group_1,130,0.31665222653571296,0.5182741284370422,0.6133677959442139,0.13291899859905243,0.3596545457839966,,,,,
realmlp,kpx_group_2,130,0.2744626867420533,0.4807596206665039,0.6296552419662476,0.15998908877372742,0.4192996025085449,,,,,
realmlp,kpx_group_3,130,0.24311373623854973,0.6206233501434326,0.5322843194007874,0.15701188147068024,0.22158052027225494,,,,,
realmlp,all,131,0.2779580880613888,0.5415299534797668,0.5895578861236572,0.15073953568935394,0.329855352640152,0.3066897834925091,0.19154462086803772,0.5634615421295166,0.0,
realmlp,kpx_group_1,131,0.31615637111313205,0.5379455089569092,0.597679615020752,0.13362137973308563,0.32898062467575073,,,,,
realmlp,kpx_group_2,131,0.27247245916548896,0.471407949924469,0.6341701149940491,0.16183847188949585,0.4301787316799164,,,,,
realmlp,kpx_group_3,131,0.24524543522035375,0.6152364015579224,0.5368239879608154,0.15675871074199677,0.2304067462682724,,,,,
realmlp,all,132,0.2723723706953666,0.5396350622177124,0.592435896396637,0.14961202442646027,0.3344838321208954,0.30078789416481466,0.18943680735195384,0.5518700480461121,0.0,
realmlp,kpx_group_1,132,0.3084940244169796,0.5219332575798035,0.6089617609977722,0.13262273371219635,0.3505462408065796,,,,,
realmlp,kpx_group_2,132,0.26881694158210473,0.47752559185028076,0.6309254169464111,0.16093170642852783,0.4227825403213501,,,,,
realmlp,kpx_group_3,132,0.2398061397321084,0.619446337223053,0.5374205112457275,0.15528163313865662,0.2301226258277893,,,,,
realmlp,all,133,0.26961277819731655,0.5484821796417236,0.5849387645721436,0.1510242223739624,0.3209017515182495,0.29763158629922304,0.1867920747574638,0.5659319758415222,0.0,
realmlp,kpx_group_1,133,0.3090237120495123,0.5371036529541016,0.5982139110565186,0.13441655039787292,0.3308444619178772,,,,,
realmlp,kpx_group_2,133,0.2651462425642154,0.4789561629295349,0.6291922330856323,0.1601695865392685,0.4185541272163391,,,,,
realmlp,kpx_group_3,133,0.23466838041649146,0.6293867230415344,0.5274101495742798,0.15848655998706818,0.21330679953098297,,,,,
realmlp,all,134,0.2647520702551393,0.5453527569770813,0.5871779322624207,0.1500135213136673,0.32436931133270264,0.29257406031384187,0.1854799107155379,0.5466921925544739,0.0,
realmlp,kpx_group_1,134,0.3022415339946747,0.5227417945861816,0.6062335968017578,0.13422958552837372,0.34669673442840576,,,,,
realmlp,kpx_group_2,134,0.26064058656201644,0.4864203929901123,0.6247167587280273,0.15808038413524628,0.40751397609710693,,,,,
realmlp,kpx_group_3,134,0.2313740961253643,0.62689608335495,0.5305833220481873,0.1577306091785431,0.21889717876911163,,,,,
realmlp,all,135,0.26289815039319153,0.5348345041275024,0.5954041481018066,0.1490190029144287,0.33982720971107483,0.29052140432245593,0.18415502414983861,0.5460181832313538,0.0,
realmlp,kpx_group_1,135,0.3027924763805726,0.5093002915382385,0.6161168217658997,0.1316869705915451,0.3639205992221832,,,,,
realmlp,kpx_group_2,135,0.2589528330546968,0.47279512882232666,0.6376731395721436,0.1577039659023285,0.43305033445358276,,,,,
realmlp,kpx_group_3,135,0.2269491380190148,0.6224080920219421,0.5324223041534424,0.15766610205173492,0.22251063585281372,,,,,
realmlp,all,136,0.25911971882862206,0.5451887249946594,0.5870292782783508,0.15022170543670654,0.3242802917957306,0.28623804756823706,0.18078884701518452,0.5372567772865295,0.0,
realmlp,kpx_group_1,136,0.2984459365115446,0.5286378860473633,0.6031938791275024,0.13395093381404877,0.34033873677253723,,,,,
realmlp,kpx_group_2,136,0.2568812300177181,0.47673654556274414,0.6311582326889038,0.15873266756534576,0.4210491180419922,,,,,
realmlp,kpx_group_3,136,0.2220319877652561,0.6301917433738708,0.526735782623291,0.1579814851284027,0.21145305037498474,,,,,
realmlp,all,137,0.2575746825074448,0.5328423976898193,0.598010241985321,0.14774203300476074,0.34376242756843567,0.2843145956011379,0.1782660672769827,0.5753614902496338,0.0,
realmlp,kpx_group_1,137,0.2945818695075372,0.5078721642494202,0.6203384399414062,0.13190560042858124,0.3725825548171997,,,,,
realmlp,kpx_group_2,137,0.25411799703450766,0.47176095843315125,0.6369379162788391,0.15714003145694733,0.43101584911346436,,,,,
realmlp,kpx_group_3,137,0.22402417594019106,0.6188939809799194,0.536754310131073,0.15418043732643127,0.22768905758857727,,,,,
realmlp,all,138,0.2517689668080386,0.5494875907897949,0.5842114090919495,0.15221327543258667,0.3206360638141632,0.2782370513852905,0.17645388797802083,0.5634519457817078,0.0,
realmlp,kpx_group_1,138,0.2908802383086261,0.5351825952529907,0.5989035367965698,0.13515491783618927,0.3329620063304901,,,,,
realmlp,kpx_group_2,138,0.24757714218953075,0.486314058303833,0.6245063543319702,0.1622479408979416,0.411260724067688,,,,,
realmlp,kpx_group_3,138,0.21684952715740485,0.626966118812561,0.5292242765426636,0.15923696756362915,0.2176855057477951,,,,,
realmlp,all,139,0.24941878524773262,0.5434625744819641,0.5887883305549622,0.15023350715637207,0.3278100788593292,0.2754938028314534,0.1738334278411725,0.5467233657836914,0.0,
realmlp,kpx_group_1,139,0.2872207734514685,0.5308483839035034,0.6039074659347534,0.13350048661231995,0.3413153886795044,,,,,
realmlp,kpx_group_2,139,0.24600415611091783,0.4751834273338318,0.6326296329498291,0.1598173826932907,0.4250766634941101,,,,,
realmlp,kpx_group_3,139,0.2150314410819727,0.6243560314178467,0.5298278331756592,0.15738265216350555,0.21703827381134033,,,,,
realmlp,all,140,0.24213421848766944,0.5445173382759094,0.5873859524726868,0.14884231984615326,0.32361429929733276,0.26763659123988714,0.17001579592333121,0.566841185092926,0.0,
realmlp,kpx_group_1,140,0.28103271915632133,0.5316428542137146,0.6006989479064941,0.13181616365909576,0.33321401476860046,,,,,
realmlp,kpx_group_2,140,0.2384950937155415,0.4806716740131378,0.6285155415534973,0.15833283960819244,0.4153639078140259,,,,,
realmlp,kpx_group_3,140,0.20687485442442052,0.6212373971939087,0.5329434871673584,0.15637797117233276,0.22226496040821075,,,,,
realmlp,all,141,0.23982032037833156,0.5503507256507874,0.5834448933601379,0.15071053802967072,0.3176003694534302,0.26488856817869577,0.1671216577729758,0.5809800028800964,0.0,
realmlp,kpx_group_1,141,0.27814231681473117,0.538860023021698,0.5958223938941956,0.1343728005886078,0.3260175883769989,,,,,
realmlp,kpx_group_2,141,0.23846807243192897,0.48740842938423157,0.6233508586883545,0.16029717028141022,0.4069988429546356,,,,,
realmlp,kpx_group_3,141,0.20285056860131376,0.6247836947441101,0.5311614871025085,0.15746162831783295,0.2197846621274948,,,,,
realmlp,all,142,0.2334109588580973,0.5493872761726379,0.5841184854507446,0.15096084773540497,0.31919780373573303,0.2580476574161473,0.16424464500125716,0.588417649269104,0.0,
realmlp,kpx_group_1,142,0.27150767165071826,0.5374346375465393,0.5966463088989258,0.13441792130470276,0.3277105689048767,,,,,
realmlp,kpx_group_2,142,0.22993835763019674,0.48400163650512695,0.6262580156326294,0.1611783355474472,0.4136944115161896,,,,,
realmlp,kpx_group_3,142,0.19878684882731998,0.6267257332801819,0.5294511318206787,0.15728630125522614,0.21618852019309998,,,,,
realmlp,all,143,0.23107835036866806,0.5394973754882812,0.5931854844093323,0.1495213806629181,0.33589231967926025,0.25542912062476664,0.1623384755323915,0.6224735379219055,0.0,
realmlp,kpx_group_1,143,0.26634569115498485,0.5213263034820557,0.6115128993988037,0.13282561302185059,0.3558513820171356,,,,,
realmlp,kpx_group_2,143,0.2282885652692879,0.47471681237220764,0.634983241558075,0.16010244190692902,0.43006888031959534,,,,,
realmlp,kpx_group_3,143,0.1986007938051925,0.6224491596221924,0.5330603122711182,0.15563605725765228,0.2217566817998886,,,,,
realmlp,all,144,0.22369426795664957,0.5530325770378113,0.5814476013183594,0.15086984634399414,0.3137649595737457,0.24765944962992387,0.15976784991867402,0.5909569263458252,0.0,
realmlp,kpx_group_1,144,0.26156001209336166,0.5379600524902344,0.5975721478462219,0.1345575898885727,0.32970190048217773,,,,,
realmlp,kpx_group_2,144,0.2227466003421475,0.4951889216899872,0.6172963380813599,0.15957820415496826,0.3941709101200104,,,,,
realmlp,kpx_group_3,144,0.18677619274924784,0.6259486675262451,0.5294741988182068,0.15847373008728027,0.21742209792137146,,,,,
realmlp,all,145,0.21832016395295367,0.5460949540138245,0.5864997506141663,0.14981673657894135,0.32281625270843506,0.24172555940116153,0.15603594372377677,0.5998798608779907,0.0,
realmlp,kpx_group_1,145,0.2562900301726425,0.5296587347984314,0.6032788157463074,0.1340932697057724,0.34065088629722595,,,,,
realmlp,kpx_group_2,145,0.21723297961494503,0.4847186207771301,0.6249156594276428,0.15842579305171967,0.4082571268081665,,,,,
realmlp,kpx_group_3,145,0.18143748711137211,0.6239074468612671,0.5313048362731934,0.15693117678165436,0.21954083442687988,,,,,
realmlp,all,146,0.21319673714392326,0.5583738088607788,0.578155517578125,0.15187866985797882,0.3081897497177124,0.2360484884942279,0.152344981318011,0.6259787678718567,0.0,
realmlp,kpx_group_1,146,0.2501117012956563,0.5425513386726379,0.5950153470039368,0.13552674651145935,0.32555750012397766,,,,,
realmlp,kpx_group_2,146,0.2117358082357575,0.5004683136940002,0.6143052577972412,0.1605144888162613,0.38912495970726013,,,,,
realmlp,kpx_group_3,146,0.1777427146101699,0.6321017742156982,0.5251460075378418,0.15959474444389343,0.20988678932189941,,,,,
realmlp,all,147,0.20983484014868736,0.5494629740715027,0.5847809314727783,0.14957408607006073,0.3191358745098114,0.2321129193639054,0.1485205430756597,0.6078853011131287,0.0,
realmlp,kpx_group_1,147,0.24642942867734852,0.5242812037467957,0.6054941415786743,0.13336025178432465,0.3443484902381897,,,,,
realmlp,kpx_group_2,147,0.21052128909265294,0.4920317232608795,0.622685968875885,0.15736529231071472,0.40273723006248474,,,,,
realmlp,kpx_group_3,147,0.172553811879719,0.6320759057998657,0.5261626243591309,0.15799669921398163,0.21032202243804932,,,,,
realmlp,all,148,0.2036355725106071,0.5435742139816284,0.5887384414672852,0.1490061730146408,0.3264831304550171,0.22558396331527653,0.1463225985712865,0.6102228760719299,0.0,
realmlp,kpx_group_1,148,0.24116898459546707,0.523136556148529,0.6098041534423828,0.13180825114250183,0.35141661763191223,,,,,
realmlp,kpx_group_2,148,0.20296074296621716,0.4786403179168701,0.6291826963424683,0.15769489109516144,0.41606029868125916,,,,,
realmlp,kpx_group_3,148,0.1667769818621523,0.6289457678794861,0.5272285342216492,0.15751537680625916,0.2119724601507187,,,,,
realmlp,all,149,0.1978077678119435,0.5501144528388977,0.584055483341217,0.15021085739135742,0.3183217942714691,0.2191160827436868,0.14205542601206722,0.6210475564002991,0.0,
realmlp,kpx_group_1,149,0.23568476385930004,0.5425779223442078,0.5945618748664856,0.13507047295570374,0.32419419288635254,,,,,
realmlp,kpx_group_2,149,0.19733239841811798,0.4826321601867676,0.6273109316825867,0.15920090675354004,0.41382279992103577,,,,,
realmlp,kpx_group_3,149,0.16040614510283752,0.625133216381073,0.5302935838699341,0.15636125206947327,0.21694839000701904,,,,,
realmlp,all,150,0.19380824925268397,0.5556284785270691,0.5791657567024231,0.15033717453479767,0.308668851852417,0.2146575060837409,0.13899503714021513,0.6278942227363586,0.0,
realmlp,kpx_group_1,150,0.22896837881382773,0.5375382304191589,0.5979676246643066,0.1338265836238861,0.3297618329524994,,,,,
realmlp,kpx_group_2,150,0.19360486220787554,0.5017669796943665,0.6112109422683716,0.1591796576976776,0.3816015422344208,,,,,
realmlp,kpx_group_3,150,0.15885150739375284,0.6275802254676819,0.5283189415931702,0.15800529718399048,0.2146431803703308,,,,,
realmlp,all,151,0.1852200390661464,0.5502674579620361,0.5838372111320496,0.14942221343517303,0.3170965611934662,0.20564760180080638,0.1361837295048377,0.6136282086372375,0.0,
realmlp,kpx_group_1,151,0.22051495992962053,0.541030764579773,0.5949263572692871,0.13481223583221436,0.3246648907661438,,,,,
realmlp,kpx_group_2,151,0.1861461085431716,0.48417770862579346,0.6267431378364563,0.15724442899227142,0.4107306897640228,,,,,
realmlp,kpx_group_3,151,0.14899905771017075,0.6255938410758972,0.5298420190811157,0.15620993077754974,0.21589404344558716,,,,,
realmlp,all,152,0.1823374460286954,0.5508303642272949,0.5837443470954895,0.1519807130098343,0.3194693624973297,0.20220151981886694,0.13242714271387634,0.6427452564239502,0.0,
realmlp,kpx_group_1,152,0.21731524235185454,0.5389443039894104,0.5982218980789185,0.13591638207435608,0.332360178232193,,,,,
realmlp,kpx_group_2,152,0.18490931501283364,0.4819558262825012,0.6284313201904297,0.16047702729701996,0.4173396825790405,,,,,
realmlp,kpx_group_3,152,0.14478778598063133,0.6315909028053284,0.5245797634124756,0.1595487743616104,0.20870822668075562,,,,,
realmlp,all,153,0.17704912362729802,0.5521778464317322,0.5822334885597229,0.15108530223369598,0.31555235385894775,0.1963458652882015,0.12864495342706933,0.665189802646637,0.0,
realmlp,kpx_group_1,153,0.21112305079312885,0.539279580116272,0.5967556238174438,0.1351473182439804,0.3286585509777069,,,,,
realmlp,kpx_group_2,153,0.1784837197731523,0.48577985167503357,0.6269299387931824,0.15894420444965363,0.41280409693717957,,,,,
realmlp,kpx_group_3,153,0.14154060217825806,0.6314740180969238,0.523015022277832,0.15916436910629272,0.20519445836544037,,,,,
realmlp,all,154,0.17126532008542733,0.5561765432357788,0.580448567867279,0.1512875258922577,0.3121846914291382,0.19002115463509278,0.12503891536856399,0.6517648100852966,0.0,
realmlp,kpx_group_1,154,0.2058195397257805,0.55435711145401,0.5844300985336304,0.13673141598701477,0.3055916428565979,,,,,
realmlp,kpx_group_2,154,0.17393805765930345,0.48628148436546326,0.6279943585395813,0.15904513001441956,0.41503381729125977,,,,,
realmlp,kpx_group_3,154,0.13403834961354733,0.627890944480896,0.528921365737915,0.15808600187301636,0.21592867374420166,,,,,
realmlp,all,155,0.1644650279160808,0.5528876185417175,0.5822842717170715,0.14962786436080933,0.31419637799263,0.18274840515326052,0.12188917836722206,0.636420488357544,0.0,
realmlp,kpx_group_1,155,0.19679527883143985,0.5443598031997681,0.5926166772842407,0.13524691760540009,0.32048025727272034,,,,,
realmlp,kpx_group_2,155,0.16676222839776209,0.487784206867218,0.6234222650527954,0.15693257749080658,0.403777152299881,,,,,
realmlp,kpx_group_3,155,0.12983756884932518,0.6265186667442322,0.5308138132095337,0.1567041426897049,0.21833179891109467,,,,,
realmlp,all,156,0.15878170202760136,0.5535896420478821,0.5822269320487976,0.15020723640918732,0.31466105580329895,0.17656555465039084,0.11855900791638038,0.6920122504234314,0.0,
realmlp,kpx_group_1,156,0.191153630395146,0.5493519306182861,0.5892887711524963,0.13607029616832733,0.3146478831768036,,,,,
realmlp,kpx_group_2,156,0.16073485135155566,0.48721301555633545,0.6262332201004028,0.1577855497598648,0.4102519154548645,,,,,
realmlp,kpx_group_3,156,0.12445662849966217,0.6242040395736694,0.5311587452888489,0.1567658931016922,0.21908341348171234,,,,,
realmlp,all,157,0.15315971107167356,0.5473988652229309,0.5856924057006836,0.14952543377876282,0.32091024518013,0.17032739980255857,0.11445124030989759,0.6594098210334778,0.0,
realmlp,kpx_group_1,157,0.18496855414089033,0.5408925414085388,0.5931500196456909,0.1345604956150055,0.3208605647087097,,,,,
realmlp,kpx_group_2,157,0.1564103187445332,0.47284170985221863,0.6348323822021484,0.15675301849842072,0.4264177978038788,,,,,
realmlp,kpx_group_3,157,0.11810027161503539,0.6284623742103577,0.5290948152542114,0.15726280212402344,0.2154523879289627,,,,,
realmlp,all,158,0.1474845293251907,0.5519566535949707,0.5836175084114075,0.15001700818538666,0.3172520399093628,0.16422895626986728,0.11162951500976787,0.6717872023582458,0.0,
realmlp,kpx_group_1,158,0.18049167644451647,0.543837308883667,0.5937039852142334,0.13446830213069916,0.32187628746032715,,,,,
realmlp,kpx_group_2,158,0.14998415200149312,0.48481112718582153,0.6287724375724792,0.15834937989711761,0.4158942401409149,,,,,
realmlp,kpx_group_3,158,0.1119777571190806,0.6272215247154236,0.5283761024475098,0.15723328292369843,0.21398556232452393,,,,,
realmlp,all,159,0.14226951450109482,0.5509331822395325,0.5863321423530579,0.14943189918994904,0.3220961391925812,0.15823685092961087,0.10644890159806784,0.6794493794441223,0.0,
realmlp,kpx_group_1,159,0.17155594795065768,0.5408905744552612,0.5981674790382385,0.13472294807434082,0.33105793595314026,,,,,
realmlp,kpx_group_2,159,0.14481436154421637,0.48395565152168274,0.6308149099349976,0.15641416609287262,0.41804400086402893,,,,,
realmlp,kpx_group_3,159,0.11043823981548057,0.627953290939331,0.530013918876648,0.15715861320495605,0.21718651056289673,,,,,
realmlp,all,160,0.1363025068798486,0.5480865836143494,0.5869371891021729,0.1490630805492401,0.3229374289512634,0.1516156875911881,0.10208786465227604,0.7133542895317078,0.0,
realmlp,kpx_group_1,160,0.16575276216163354,0.538250744342804,0.5977244973182678,0.13397890329360962,0.32942789793014526,,,,,
realmlp,kpx_group_2,160,0.1397749697241713,0.47606831789016724,0.6345511674880981,0.15556344389915466,0.42466577887535095,,,,,
realmlp,kpx_group_3,160,0.10337978524758536,0.6299405097961426,0.5285358428955078,0.15764687955379486,0.21471861004829407,,,,,
realmlp,all,161,0.13098139217232957,0.548961877822876,0.5855053663253784,0.1503087878227234,0.3213195204734802,0.14591762730303934,0.09957488418063697,0.6743314862251282,0.0,
realmlp,kpx_group_1,161,0.15870557440554395,0.5410463809967041,0.5982832908630371,0.13468821346759796,0.331254780292511,,,,,
realmlp,kpx_group_2,161,0.13588438161155758,0.4760160446166992,0.6319053769111633,0.15801550447940826,0.42182621359825134,,,,,
realmlp,kpx_group_3,161,0.09835421710329897,0.6298231482505798,0.5263274908065796,0.15822267532348633,0.21087759733200073,,,,,
realmlp,all,162,0.12660301334279425,0.5515578985214233,0.5854926705360413,0.14949403703212738,0.3204793930053711,0.14100500875536134,0.09601330110693679,0.7207465171813965,0.0,
realmlp,kpx_group_1,162,0.15432840498054728,0.5483330488204956,0.5918704867362976,0.1350555419921875,0.3187965154647827,,,,,
realmlp,kpx_group_2,162,0.13131176735110142,0.4771031141281128,0.6349863409996033,0.15620023012161255,0.4261729419231415,,,,,
realmlp,kpx_group_3,162,0.09416887175072641,0.6292375326156616,0.5296211838722229,0.1572263240814209,0.21646873652935028,,,,,
realmlp,all,163,0.12139585679944824,0.5524000525474548,0.584747850894928,0.1496073454618454,0.31910309195518494,0.13532870186164098,0.0928856242886361,0.7492020130157471,0.0,
realmlp,kpx_group_1,163,0.14801473345826655,0.5451104640960693,0.5953036546707153,0.13504256308078766,0.32564979791641235,,,,,
realmlp,kpx_group_2,163,0.1261845358154353,0.4833534061908722,0.6307830214500427,0.15555980801582336,0.4171258211135864,,,,,
realmlp,kpx_group_3,163,0.08998829970026717,0.6287361979484558,0.5281569957733154,0.1582196205854416,0.21453365683555603,,,,,
realmlp,all,164,0.11726777934852768,0.5459374785423279,0.5875685214996338,0.14924432337284088,0.32438141107559204,0.13073181043214657,0.08976020894068129,0.7486523985862732,0.0,
realmlp,kpx_group_1,164,0.14315471053123474,0.5368414521217346,0.5974677801132202,0.13447830080986023,0.3294139504432678,,,,,
realmlp,kpx_group_2,164,0.12156524081878803,0.4741472601890564,0.6360577940940857,0.15626972913742065,0.42838534712791443,,,,,
realmlp,kpx_group_3,164,0.08708339765229646,0.6268237829208374,0.5291799902915955,0.15698495507240295,0.21534493565559387,,,,,
realmlp,all,165,0.11273953691124916,0.5521973967552185,0.5837929844856262,0.1497887223958969,0.31737470626831055,0.12567800425869577,0.08625644752207924,0.7490503191947937,0.0,
realmlp,kpx_group_1,165,0.13799685480840065,0.5471275448799133,0.5915217995643616,0.13474854826927185,0.31779220700263977,,,,,
realmlp,kpx_group_2,165,0.11770184042260927,0.4803769588470459,0.6324231624603271,0.15674108266830444,0.42158743739128113,,,,,
realmlp,kpx_group_3,165,0.08251991824192159,0.6290876269340515,0.5274339914321899,0.15787653625011444,0.21274448931217194,,,,,
realmlp,all,166,0.10736251841573154,0.5515427589416504,0.5849733948707581,0.1495240032672882,0.3194707930088043,0.11966886119369198,0.0820422890212606,0.7807363867759705,0.0,
realmlp,kpx_group_1,166,0.1316399980774697,0.5392335653305054,0.5989121794700623,0.1343500018119812,0.3321743905544281,,,,,
realmlp,kpx_group_2,166,0.11250078579520478,0.4852106273174286,0.6292496919631958,0.15632717311382294,0.4148266017436981,,,,,
realmlp,kpx_group_3,166,0.07794676989536076,0.63018399477005,0.5267583131790161,0.15789486467838287,0.21141144633293152,,,,,
realmlp,all,167,0.10347323229207712,0.5540207028388977,0.5825585722923279,0.15025247633457184,0.3153696656227112,0.11545798697454088,0.07989835980183937,0.7642955780029297,0.0,
realmlp,kpx_group_1,167,0.12591698228874626,0.5488408207893372,0.5905149579048157,0.13512375950813293,0.3161536753177643,,,,,
realmlp,kpx_group_2,167,0.10895010226351373,0.47970137000083923,0.6313714385032654,0.15644489228725433,0.4191878139972687,,,,,
realmlp,kpx_group_3,167,0.07555262229460127,0.6335200667381287,0.5257893800735474,0.15918873250484467,0.21076753735542297,,,,,
realmlp,all,168,0.09793051595197004,0.5528545379638672,0.5830077528953552,0.1497473120689392,0.31576281785964966,0.10932697815930142,0.07597641427727307,0.797252357006073,0.0,
realmlp,kpx_group_1,168,0.11900890706216588,0.5488368272781372,0.5899297595024109,0.1352105736732483,0.3150700628757477,,,,,
realmlp,kpx_group_2,168,0.104408709661049,0.4785536825656891,0.6324354410171509,0.15602515637874603,0.42089611291885376,,,,,
realmlp,kpx_group_3,168,0.07037392362733097,0.6311731338500977,0.5266580581665039,0.1580062061548233,0.2113223373889923,,,,,
realmlp,all,169,0.0946681951994405,0.5505319833755493,0.584881067276001,0.14927184581756592,0.31903406977653503,0.10547026685055565,0.0720138053464539,0.8093073964118958,0.0,
realmlp,kpx_group_1,169,0.11521193527561777,0.5440021753311157,0.5928294658660889,0.13413700461387634,0.3197959065437317,,,,,
realmlp,kpx_group_2,169,0.10129129382617333,0.4742628335952759,0.6362737417221069,0.15565302968025208,0.42820054292678833,,,,,
realmlp,kpx_group_3,169,0.06750136087922488,0.6333309412002563,0.5255401134490967,0.15802550315856934,0.2091057300567627,,,,,
realmlp,all,170,0.09021094923510271,0.550849199295044,0.5833847522735596,0.14909277856349945,0.3158622980117798,0.10061833952717922,0.06938259550096358,0.8331906795501709,0.0,
realmlp,kpx_group_1,170,0.10963817872107029,0.5456143021583557,0.5902307629585266,0.13408251106739044,0.3145439922809601,,,,,
realmlp,kpx_group_2,170,0.09637246193254695,0.4756902754306793,0.6343154311180115,0.15543515980243683,0.42406603693962097,,,,,
realmlp,kpx_group_3,170,0.06462221198222216,0.6312430500984192,0.5256081223487854,0.1577606052160263,0.2089768499135971,,,,,
realmlp,all,171,0.08641368545153562,0.5495319366455078,0.586994469165802,0.14943353831768036,0.32342249155044556,0.09638865018153892,0.06649976437363554,0.8492575287818909,0.0,
realmlp,kpx_group_1,171,0.10482914734850912,0.5430706739425659,0.5957430601119995,0.1346452534198761,0.3261314034461975,,,,,
realmlp,kpx_group_2,171,0.09220164302079116,0.47367769479751587,0.6393113136291504,0.1555587500333786,0.4341813623905182,,,,,
realmlp,kpx_group_3,171,0.06221026784795172,0.6318473815917969,0.5259290337562561,0.15809662640094757,0.20995472371578217,,,,,
realmlp,all,172,0.08328307452885543,0.5524532198905945,0.5840025544166565,0.15004004538059235,0.3180452287197113,0.09275570807649809,0.06315088567926604,0.8639643788337708,0.0,
realmlp,kpx_group_1,172,0.10091558624716367,0.5414296984672546,0.5961042642593384,0.13483719527721405,0.3270457983016968,,,,,
realmlp,kpx_group_2,172,0.0890543401679572,0.48326870799064636,0.6296670436859131,0.15655921399593353,0.4158932864665985,,,,,
realmlp,kpx_group_3,172,0.059879305005511814,0.6326610445976257,0.5262364149093628,0.15872377157211304,0.21119657158851624,,,,,
realmlp,all,173,0.07953906519448056,0.5537815690040588,0.5827109217643738,0.14901967346668243,0.314441442489624,0.08855495141709552,0.060105909812538064,0.8784963488578796,0.0,
realmlp,kpx_group_1,173,0.09594586239579846,0.54662024974823,0.5931612253189087,0.13478019833564758,0.32110264897346497,,,,,
realmlp,kpx_group_2,173,0.08608163476866834,0.4819512963294983,0.6291826367378235,0.15435375273227692,0.4127190113067627,,,,,
realmlp,kpx_group_3,173,0.056589700117268986,0.6327732801437378,0.5257888436317444,0.1579250544309616,0.20950272679328918,,,,,
realmlp,all,174,0.07588176955195035,0.5521752238273621,0.5843146443367004,0.14944587647914886,0.3180750906467438,0.08443624011295683,0.05702980092781432,0.8931751251220703,0.0,
realmlp,kpx_group_1,174,0.09088321599890203,0.5441298484802246,0.5950714349746704,0.1345556229352951,0.3246985077857971,,,,,
realmlp,kpx_group_2,174,0.08240216170601986,0.4803086221218109,0.6322107315063477,0.1554127186536789,0.4198342561721802,,,,,
realmlp,kpx_group_3,174,0.054359935388407284,0.6320871710777283,0.5256616473197937,0.1583692580461502,0.2096925526857376,,,,,
realmlp,all,175,0.07339989525430343,0.5519588589668274,0.584523618221283,0.14925146102905273,0.31829869747161865,0.08154429407680736,0.05429599691620644,0.9075540900230408,0.0,
realmlp,kpx_group_1,175,0.08782556674936239,0.5446010231971741,0.5950151085853577,0.13440963625907898,0.3244398534297943,,,,,
realmlp,kpx_group_2,175,0.07992165524731665,0.47819122672080994,0.6333456039428711,0.1553095132112503,0.4220006465911865,,,,,
realmlp,kpx_group_3,175,0.05245246141053298,0.6330843567848206,0.5252102017402649,0.15803520381450653,0.2084556370973587,,,,,
realmlp,all,176,0.07056941475500078,0.553089439868927,0.58265620470047,0.14949749410152435,0.3148099184036255,0.07834657895214417,0.051847759579472685,0.9157872200012207,0.0,
realmlp,kpx_group_1,176,0.08451093152603682,0.5450705885887146,0.5922760963439941,0.13516955077648163,0.3197218179702759,,,,,
realmlp,kpx_group_2,176,0.07675735520965912,0.48067232966423035,0.6306152939796448,0.15514321625232697,0.41637375950813293,,,,,
realmlp,kpx_group_3,176,0.05043995654320016,0.6335253715515137,0.5250772833824158,0.15817970037460327,0.20833422243595123,,,,,
realmlp,all,177,0.06777663238565712,0.5527742505073547,0.5840840339660645,0.14923882484436035,0.31740686297416687,0.07510372558060814,0.04884729539865956,0.9400205016136169,0.0,
realmlp,kpx_group_1,177,0.0802119252655436,0.5486330389976501,0.5913469195365906,0.13511018455028534,0.3178040087223053,,,,,
realmlp,kpx_group_2,177,0.07450892244849135,0.4760603904724121,0.6364647746086121,0.15464593470096588,0.4275754988193512,,,,,
realmlp,kpx_group_3,177,0.04860904440283775,0.6336292028427124,0.524440348148346,0.15796035528182983,0.20684106647968292,,,,,
realmlp,all,178,0.06549693134558551,0.5534720420837402,0.5829647183418274,0.14964179694652557,0.3155711889266968,0.07248168712591424,0.0465650451643502,0.9603052139282227,0.0,
realmlp,kpx_group_1,178,0.07699217028258477,0.5466821193695068,0.5936306715011597,0.135055273771286,0.32231664657592773,,,,,
realmlp,kpx_group_2,178,0.07212773463962709,0.4787696897983551,0.632286787033081,0.1550780087709427,0.4196516275405884,,,,,
realmlp,kpx_group_3,178,0.047370879527400524,0.6349642872810364,0.5229765772819519,0.15879210829734802,0.20474529266357422,,,,,
realmlp,all,179,0.06326165466624148,0.5548416972160339,0.5816598534584045,0.14923261106014252,0.31255221366882324,0.06993233943905901,0.0444712288239423,0.9592803120613098,0.0,
realmlp,kpx_group_1,179,0.07431709886912037,0.5510887503623962,0.5884570479393005,0.13550201058387756,0.31241604685783386,,,,,
realmlp,kpx_group_2,179,0.07010754482711062,0.4793730676174164,0.6334590911865234,0.15429049730300903,0.42120862007141113,,,,,
realmlp,kpx_group_3,179,0.045360336408895606,0.6340632438659668,0.5230633020401001,0.15790535509586334,0.20403191447257996,,,,,
realmlp,all,180,0.06097083883907865,0.5551155209541321,0.5814375281333923,0.14960241317749023,0.3124774396419525,0.06724077271407142,0.04179956177797388,0.978553831577301,0.0,
realmlp,kpx_group_1,180,0.0713908419779995,0.5507059097290039,0.5896105766296387,0.13540031015872955,0.3146213889122009,,,,,
realmlp,kpx_group_2,180,0.06772852157626082,0.47842860221862793,0.6310582160949707,0.15459734201431274,0.41671374440193176,,,,,
realmlp,kpx_group_3,180,0.04379314841593013,0.6362119913101196,0.5236437320709229,0.158809632062912,0.20609718561172485,,,,,
realmlp,all,181,0.0587207178640015,0.5556511282920837,0.5808302760124207,0.14952963590621948,0.31119009852409363,0.06469960012199248,0.039859216221991706,0.9960842728614807,0.0,
realmlp,kpx_group_1,181,0.06821460139882915,0.5484139919281006,0.5902676582336426,0.1351553499698639,0.3156905770301819,,,,,
realmlp,kpx_group_2,181,0.06545996068812468,0.4815962612628937,0.6300344467163086,0.15438733994960785,0.4144562780857086,,,,,
realmlp,kpx_group_3,181,0.04248758153442074,0.6369431614875793,0.5221886038780212,0.1590462327003479,0.2034233957529068,,,,,
realmlp,all,182,0.05707403250476893,0.5569033622741699,0.5798119902610779,0.1495085209608078,0.30913254618644714,0.06272690009106607,0.037685783744296604,1.0291107892990112,0.0,
realmlp,kpx_group_1,182,0.06603987679323729,0.5515053868293762,0.5878305435180664,0.13552577793598175,0.31118690967559814,,,,,
realmlp,kpx_group_2,182,0.06400684245369014,0.4827284514904022,0.6301729679107666,0.154188334941864,0.414534330368042,,,,,
realmlp,kpx_group_3,182,0.04117538237615543,0.6364763379096985,0.5214323997497559,0.15881146490573883,0.20167630910873413,,,,,
realmlp,all,183,0.0554528262685327,0.5568540096282959,0.5800594687461853,0.1497003585100174,0.3098192811012268,0.060780655483112615,0.035518859321361076,1.0504225492477417,0.0,
realmlp,kpx_group_1,183,0.06405407842248678,0.5522419214248657,0.5883474349975586,0.1358867883682251,0.31258171796798706,,,,,
realmlp,kpx_group_2,183,0.06218452784506714,0.4808911085128784,0.630772054195404,0.15423856675624847,0.41578271985054016,,,,,
realmlp,kpx_group_3,183,0.04011988924706683,0.6374289989471436,0.5210587978363037,0.15897569060325623,0.2010933756828308,,,,,
realmlp,all,184,0.054157726137953645,0.5558989644050598,0.5814638733863831,0.1497219204902649,0.3126496374607086,0.05921578757903155,0.033720407525406164,1.0685715675354004,0.0,
realmlp,kpx_group_1,184,0.06224055555375183,0.5508748292922974,0.5903763771057129,0.13575449585914612,0.3165071904659271,,,,,
realmlp,kpx_group_2,184,0.060978000874028486,0.4800404906272888,0.6318895816802979,0.15452122688293457,0.41830042004585266,,,,,
realmlp,kpx_group_3,184,0.03925463318934336,0.6367816925048828,0.5221256613731384,0.1588899940252304,0.20314134657382965,,,,,
realmlp,all,185,0.05271943291539655,0.5559401512145996,0.5815873742103577,0.14965219795703888,0.3128269910812378,0.05751173395444365,0.03194866844398134,1.0762821435928345,0.0,
realmlp,kpx_group_1,185,0.06032841614283183,0.5514382123947144,0.5903995037078857,0.1357877552509308,0.3165867328643799,,,,,
realmlp,kpx_group_2,185,0.059427041505627776,0.4794369339942932,0.632247269153595,0.1542508602142334,0.4187454283237457,,,,,
realmlp,kpx_group_3,185,0.03840284622000421,0.6369452476501465,0.5221154093742371,0.15891799330711365,0.20314882695674896,,,,,
realmlp,all,186,0.051302523187854714,0.5572885274887085,0.5797303318977356,0.15005461871623993,0.3095152676105499,0.055814791087280304,0.030081785996170604,1.0903135538101196,0.0,
realmlp,kpx_group_1,186,0.05829339474439621,0.5513670444488525,0.5891194343566895,0.13616640865802765,0.31440532207489014,,,,,
realmlp,kpx_group_2,186,0.05804257708437303,0.4825579822063446,0.6292234659194946,0.15460750460624695,0.4130544364452362,,,,,
realmlp,kpx_group_3,186,0.03757159351645147,0.637940526008606,0.5208480954170227,0.1593899428844452,0.2010861486196518,,,,,
realmlp,all,187,0.050205436370828575,0.5576850771903992,0.5800554752349854,0.14992858469486237,0.3100395202636719,0.054515186861595684,0.02873166636837756,1.1154847145080566,0.0,
realmlp,kpx_group_1,187,0.05684363299652057,0.553008496761322,0.5893372297286987,0.1362055540084839,0.31488004326820374,,,,,
realmlp,kpx_group_2,187,0.05680564434870201,0.48256218433380127,0.6296452283859253,0.15442413091659546,0.41371461749076843,,,,,
realmlp,kpx_group_3,187,0.03696702669977265,0.6374844908714294,0.5211839079856873,0.15915611386299133,0.20152392983436584,,,,,
realmlp,all,188,0.04928543637780582,0.5581153631210327,0.5798941254615784,0.15004867315292358,0.30983686447143555,0.05339701659977436,0.027410534457029664,1.1199759244918823,0.0,
realmlp,kpx_group_1,188,0.05555445322876468,0.5538325905799866,0.5879655480384827,0.13647575676441193,0.31240683794021606,,,,,
realmlp,kpx_group_2,188,0.0561097181018661,0.4826390743255615,0.6297795176506042,0.15430574119091034,0.41386476159095764,,,,,
realmlp,kpx_group_3,188,0.03619214021326864,0.6378744840621948,0.5219372510910034,0.1593645215034485,0.20323896408081055,,,,,
realmlp,all,189,0.048329578603015226,0.5585668087005615,0.5786569118499756,0.14993371069431305,0.30724748969078064,0.0522270894554608,0.025983408148236135,1.144614338874817,0.0,
realmlp,kpx_group_1,189,0.0542323129142032,0.556337296962738,0.5850513577461243,0.13664472103118896,0.3067474067211151,,,,,
realmlp,kpx_group_2,189,0.05517303861458512,0.4818851351737976,0.6295768022537231,0.154072105884552,0.4132257401943207,,,,,
realmlp,kpx_group_3,189,0.03558339356609127,0.6374778151512146,0.5213425159454346,0.15908433496952057,0.20176930725574493,,,,,
realmlp,all,190,0.04760267185595106,0.5583552718162537,0.5795469880104065,0.1499943882226944,0.30908843874931335,0.051328897804898375,0.02484150482889484,1.1499978303909302,0.0,
realmlp,kpx_group_1,190,0.053203014985603446,0.5554818511009216,0.5857279896736145,0.13651184737682343,0.30796781182289124,,,,,
realmlp,kpx_group_2,190,0.054410814965034235,0.48142209649086,0.6312108039855957,0.15409016609191895,0.41651180386543274,,,,,
realmlp,kpx_group_3,190,0.03519418613766046,0.6381619572639465,0.521702229976654,0.15938113629817963,0.2027856558561325,,,,,
realmlp,all,191,0.046914119985612,0.5603832006454468,0.5769914984703064,0.1502782106399536,0.3042612075805664,0.05048008799991187,0.023773123017128778,1.1595577001571655,0.0,
realmlp,kpx_group_1,191,0.05237786132184898,0.5585980415344238,0.5818606615066528,0.13701404631137848,0.3007354140281677,,,,,
realmlp,kpx_group_2,191,0.053807748700766,0.48406195640563965,0.6276392936706543,0.15420326590538025,0.40948185324668884,,,,,
realmlp,kpx_group_3,191,0.03455675522084622,0.6384894847869873,0.5214745402336121,0.15961730480194092,0.20256638526916504,,,,,
realmlp,all,192,0.04627422813106986,0.5595706105232239,0.5776829719543457,0.15009979903697968,0.3054657280445099,0.04970855085069642,0.02289548245094278,1.1791995763778687,0.0,
realmlp,kpx_group_1,192,0.05141755330431111,0.5562116503715515,0.5837054252624512,0.13677512109279633,0.30418598651885986,,,,,
realmlp,kpx_group_2,192,0.05312850868658108,0.48404479026794434,0.62729811668396,0.15402811765670776,0.4086243212223053,,,,,
realmlp,kpx_group_3,192,0.03427662256666843,0.638455331325531,0.522045373916626,0.15949614346027374,0.2035868912935257,,,,,
realmlp,all,193,0.04567640592508456,0.5592419505119324,0.5781866908073425,0.1501859575510025,0.306559294462204,0.04898707985001452,0.022071156787740832,1.1861692667007446,0.0,
realmlp,kpx_group_1,193,0.05068843170781346,0.5564112663269043,0.5848948955535889,0.13680341839790344,0.3065931499004364,,,,,
realmlp,kpx_group_2,193,0.05257100989932523,0.4829174280166626,0.6284884214401245,0.15422822535037994,0.41120511293411255,,,,,
realmlp,kpx_group_3,193,0.033769770169301945,0.6383970975875854,0.5211766958236694,0.1595262587070465,0.2018795907497406,,,,,
realmlp,all,194,0.04521438227418591,0.559889018535614,0.5776495337486267,0.15023799240589142,0.3055369555950165,0.048446589971289915,0.021548050702275598,1.190634846687317,0.0,
realmlp,kpx_group_1,194,0.05026989309665035,0.5576453804969788,0.5832991600036621,0.13701120018959045,0.3036095201969147,,,,,
realmlp,kpx_group_2,194,0.05212123692035675,0.4832811653614044,0.6284874677658081,0.15409238636493683,0.41106727719306946,,,,,
realmlp,kpx_group_3,194,0.033252017545130325,0.6387404799461365,0.5211618542671204,0.15961037576198578,0.2019340991973877,,,,,
realmlp,all,195,0.04491238005678443,0.5596070885658264,0.5781038403511047,0.15022075176239014,0.306428462266922,0.04806360202457975,0.02100814399583375,1.1958556175231934,0.0,
realmlp,kpx_group_1,195,0.0497811740702566,0.5571914911270142,0.5846077799797058,0.1370060294866562,0.306221604347229,,,,,
realmlp,kpx_group_2,195,0.05172586966963375,0.4831506609916687,0.6285435557365417,0.1541324108839035,0.4112195670604706,,,,,
realmlp,kpx_group_3,195,0.03323009248603793,0.6384789943695068,0.5211601853370667,0.15952378511428833,0.2018442004919052,,,,,
realmlp,all,196,0.044610133778084725,0.5596571564674377,0.5782756805419922,0.1502370983362198,0.3067884147167206,0.04768939842196072,0.020528432009193825,1.2031100988388062,0.0,
realmlp,kpx_group_1,196,0.04938520622604033,0.5570875406265259,0.5849735736846924,0.13696947693824768,0.30691665410995483,,,,,
realmlp,kpx_group_2,196,0.05145538034027114,0.48319292068481445,0.6284346580505371,0.15412454307079315,0.4109938442707062,,,,,
realmlp,kpx_group_3,196,0.03298981657580418,0.6386910080909729,0.5214187502861023,0.15961727499961853,0.2024548202753067,,,,,
realmlp,all,197,0.04444960570510696,0.5594842433929443,0.5784414410591125,0.15022356808185577,0.30710652470588684,0.04749017658040804,0.020270469927174205,1.2023552656173706,0.0,
realmlp,kpx_group_1,197,0.04922882259330329,0.556715190410614,0.585760235786438,0.1369287073612213,0.3084491789340973,,,,,
realmlp,kpx_group_2,197,0.051303486230180544,0.4832187294960022,0.6280164122581482,0.1541696935892105,0.4102025330066681,,,,,
realmlp,kpx_group_3,197,0.03281650689485319,0.6385188102722168,0.521547794342041,0.1595723032951355,0.20266787707805634,,,,,
realmlp,all,198,0.04428683182991603,0.5595638751983643,0.5783150792121887,0.1502223014831543,0.30685243010520935,0.04729165514821515,0.02003215075306156,1.204014778137207,0.0,
realmlp,kpx_group_1,198,0.04900939001099152,0.5567510724067688,0.5856840014457703,0.13695403933525085,0.30832210183143616,,,,,
realmlp,kpx_group_2,198,0.051123702679486835,0.4833739101886749,0.6280245780944824,0.15414083003997803,0.41018998622894287,,,,,
realmlp,kpx_group_3,198,0.032727405428886414,0.6385666728019714,0.5212365388870239,0.15957202017307281,0.20204512774944305,,,,,
realmlp,all,199,0.04424400112646468,0.5596280694007874,0.5781726241111755,0.15023325383663177,0.30657848715782166,0.04723591286250774,0.01994607742766247,1.204880952835083,0.0,
realmlp,kpx_group_1,199,0.04896603097372195,0.5569810271263123,0.5853854417800903,0.13698263466358185,0.30775344371795654,,,,,
realmlp,kpx_group_2,199,0.05108049221555976,0.48330390453338623,0.6279011964797974,0.15413442254066467,0.409936785697937,,,,,
realmlp,kpx_group_3,199,0.03268547391738085,0.6385992765426636,0.5212311744689941,0.15958271920681,0.20204512774944305,,,,,
realmlp,all,200,0.04412548720617505,0.5596339106559753,0.5782554149627686,0.15023350715637207,0.30674439668655396,0.04710606896482846,0.019870543715489263,1.2047040462493896,0.0,
realmlp,kpx_group_1,200,0.048778858254937565,0.556951105594635,0.5853873491287231,0.13697877526283264,0.30775344371795654,,,,,
realmlp,kpx_group_2,200,0.050893063273499996,0.48334333300590515,0.6278665065765381,0.15413440763950348,0.40986737608909607,,,,,
realmlp,kpx_group_3,200,0.03270453836440163,0.6386072039604187,0.521512508392334,0.1595873236656189,0.20261234045028687,,,,,
