model,target,step,train_loss,validation_loss,validation_score,validation_nmae,validation_ficr,training_objective_loss,activity_train_loss,activity_validation_loss,boundary_consistency_train_loss,boundary_consistency_validation_loss
realmlp,all,1,1.011565320632037,0.6695325970649719,0.4883420765399933,0.24926455318927765,0.22594870626926422,1.1394363080754,0.8524731660590452,0.5445201992988586,0.0,
realmlp,kpx_group_1,1,1.0234304017880385,0.6643147468566895,0.5070881247520447,0.22041349112987518,0.23458980023860931,,,,,
realmlp,kpx_group_2,1,1.0047129585462458,0.6443666815757751,0.507136881351471,0.2525836229324341,0.2668573558330536,,,,,
realmlp,kpx_group_3,1,1.0065526366233826,0.6999163627624512,0.4508012533187866,0.2747965157032013,0.17639897763729095,,,,,
realmlp,all,2,0.9602927057182088,0.6738901734352112,0.48232927918434143,0.24485330283641815,0.209511861205101,1.0428845742169548,0.5506124768187018,0.4234785735607147,0.0,
realmlp,kpx_group_1,2,0.9497240571414723,0.5936387181282043,0.5734267830848694,0.1653706133365631,0.3122241795063019,,,,,
realmlp,kpx_group_2,2,0.9550559178871267,0.7162709832191467,0.4407608211040497,0.27035295963287354,0.1518745869398117,,,,,
realmlp,kpx_group_3,2,0.9760981167063993,0.7117608189582825,0.43280029296875,0.29883629083633423,0.16443684697151184,,,,,
realmlp,all,3,0.9371108035830891,0.6819375157356262,0.4606664180755615,0.2565619945526123,0.17789481580257416,1.0037420751417385,0.4442084541215616,0.4274440109729767,0.0,
realmlp,kpx_group_1,3,0.9144134880865321,0.6848604679107666,0.47022390365600586,0.21862256526947021,0.15907040238380432,,,,,
realmlp,kpx_group_2,3,0.930307570625754,0.6198822855949402,0.49914824962615967,0.2696460485458374,0.26794254779815674,,,,,
realmlp,kpx_group_3,3,0.9666113511604422,0.7410697340965271,0.41262704133987427,0.2814173996448517,0.10667148232460022,,,,,
realmlp,all,4,0.904022653313244,0.7230343818664551,0.4709547460079193,0.29999813437461853,0.24190755188465118,0.9662456959486008,0.41482029679943533,0.4321383535861969,0.0,
realmlp,kpx_group_1,4,0.8862420802607256,0.903867781162262,0.3975676894187927,0.4077722132205963,0.202907532453537,,,,,
realmlp,kpx_group_2,4,0.8942199682488161,0.6873756647109985,0.4596528708934784,0.24292851984500885,0.16223423182964325,,,,,
realmlp,kpx_group_3,4,0.9316058956524905,0.5778596997261047,0.555643618106842,0.24929365515708923,0.3605809211730957,,,,,
realmlp,all,5,0.8700859564192155,0.7191023826599121,0.42606624960899353,0.2960983216762543,0.14823082089424133,0.9295537349055795,0.39645176249391895,0.4285527765750885,0.0,
realmlp,kpx_group_1,5,0.8576332164161345,0.738996148109436,0.4192146062850952,0.2638137936592102,0.10224299132823944,,,,,
realmlp,kpx_group_2,5,0.8567652413073708,0.5680443048477173,0.564754068851471,0.18784943222999573,0.31735751032829285,,,,,
realmlp,kpx_group_3,5,0.8958594316945356,0.850266695022583,0.2942301034927368,0.4366317391395569,0.025091923773288727,,,,,
realmlp,all,6,0.8241507612607059,0.6779508590698242,0.4764854907989502,0.2174280434846878,0.1703990250825882,0.8802666778073591,0.3741060004514806,0.4125090539455414,0.0,
realmlp,kpx_group_1,6,0.8105126259958043,0.6311061382293701,0.5180650353431702,0.187382772564888,0.22351284325122833,,,,,
realmlp,kpx_group_2,6,0.8139222711324692,0.6666906476020813,0.4864240884780884,0.21009065210819244,0.18293879926204681,,,,,
realmlp,kpx_group_3,6,0.8480174182092443,0.7360557317733765,0.42496737837791443,0.25481072068214417,0.10474542528390884,,,,,
realmlp,all,7,0.7671653470572304,0.5983873605728149,0.5413369536399841,0.18208430707454681,0.26475825905799866,0.8199673408971113,0.3520132496076472,0.39900434017181396,0.0,
realmlp,kpx_group_1,7,0.7520801661645665,0.5578192472457886,0.5713410973548889,0.1614082008600235,0.30409038066864014,,,,,
realmlp,kpx_group_2,7,0.7512816427385106,0.6137011051177979,0.5302608013153076,0.17749886214733124,0.23802043497562408,,,,,
realmlp,kpx_group_3,7,0.7981342357747695,0.6236416101455688,0.5224090218544006,0.2073458433151245,0.25216391682624817,,,,,
realmlp,all,8,0.7219827683532939,0.6223060488700867,0.52633136510849,0.17437522113323212,0.2270379662513733,0.7734774587785497,0.3432979215593899,0.40240588784217834,0.0,
realmlp,kpx_group_1,8,0.712351151248988,0.5549032688140869,0.5782561898231506,0.148003950715065,0.3045163154602051,,,,,
realmlp,kpx_group_2,8,0.7058952608529259,0.6407820582389832,0.5165711045265198,0.17085275053977966,0.20399494469165802,,,,,
realmlp,kpx_group_3,8,0.7477018868221956,0.6712327003479004,0.48416686058044434,0.20426896214485168,0.17260262370109558,,,,,
realmlp,all,9,0.6747050022377687,0.5328795313835144,0.5921049118041992,0.15755097568035126,0.3417607843875885,0.7239920873852337,0.32858053726308484,0.4322238862514496,0.0,
realmlp,kpx_group_1,9,0.6569743691121831,0.5694356560707092,0.5747396349906921,0.13551580905914307,0.28499507904052734,,,,,
realmlp,kpx_group_2,9,0.6640898918404299,0.4825058877468109,0.6209334135055542,0.17375506460666656,0.41562193632125854,,,,,
realmlp,kpx_group_3,9,0.7030507440076155,0.5466969013214111,0.5806416869163513,0.16338203847408295,0.3246653974056244,,,,,
realmlp,all,10,0.6413630010450587,0.5537233948707581,0.5755390524864197,0.16235823929309845,0.31343623995780945,0.6890038733973223,0.3176058298524688,0.4325205087661743,0.0,
realmlp,kpx_group_1,10,0.630689502638929,0.5800831913948059,0.5643082857131958,0.1455494463443756,0.27416592836380005,,,,,
realmlp,kpx_group_2,10,0.6253174280419069,0.5159932374954224,0.596636176109314,0.17013289034366608,0.3634052574634552,,,,,
realmlp,kpx_group_3,10,0.6680820715778014,0.5650936961174011,0.5656725764274597,0.17139238119125366,0.3027375042438507,,,,,
realmlp,all,11,0.6135737159672905,0.5379008054733276,0.5921359658241272,0.1524159461259842,0.33668801188468933,0.6599292185376672,0.30903665896724253,0.42501091957092285,0.0,
realmlp,kpx_group_1,11,0.6036772079327527,0.5716726183891296,0.5741268396377563,0.13594579696655273,0.2841995060443878,,,,,
realmlp,kpx_group_2,11,0.5962207597844741,0.44922661781311035,0.650542676448822,0.1658160388469696,0.46690139174461365,,,,,
realmlp,kpx_group_3,11,0.6408231828142615,0.5928031206130981,0.5517385601997375,0.15548601746559143,0.25896310806274414,,,,,
realmlp,all,12,0.5935218667282778,0.5517118573188782,0.5819048285484314,0.14811883866786957,0.31192848086357117,0.6392127030036029,0.30460555939113393,0.41830170154571533,0.0,
realmlp,kpx_group_1,12,0.5879929556566126,0.5833078622817993,0.5633039474487305,0.1351587325334549,0.26176655292510986,,,,,
realmlp,kpx_group_2,12,0.5798822010264677,0.47461462020874023,0.6326382160186768,0.15861155092716217,0.4238879978656769,,,,,
realmlp,kpx_group_3,12,0.6126904610325309,0.597213089466095,0.5497723817825317,0.15058624744415283,0.25013095140457153,,,,,
realmlp,all,13,0.5838486078907462,0.529525101184845,0.5983871221542358,0.14826886355876923,0.3450430929660797,0.6290186477058074,0.3011335875181591,0.4278716742992401,0.0,
realmlp,kpx_group_1,13,0.5801715359968298,0.5481022000312805,0.5905951261520386,0.13190551102161407,0.31309571862220764,,,,,
realmlp,kpx_group_2,13,0.5686591460424311,0.45305758714675903,0.6456068754196167,0.16283074021339417,0.45404452085494995,,,,,
realmlp,kpx_group_3,13,0.6027151390033609,0.5874155759811401,0.5589593052864075,0.15007035434246063,0.26798897981643677,,,,,
realmlp,all,14,0.5819714183316511,0.5280173420906067,0.5996379256248474,0.14809966087341309,0.3473754823207855,0.627134390613612,0.3010864647872308,0.42800173163414,0.0,
realmlp,kpx_group_1,14,0.5794488857774174,0.5457686185836792,0.5922086238861084,0.13169051706790924,0.31610774993896484,,,,,
realmlp,kpx_group_2,14,0.5653368620311513,0.45325565338134766,0.6469165086746216,0.1621181219816208,0.45595115423202515,,,,,
realmlp,kpx_group_3,14,0.6011285071863848,0.5850276350975037,0.5597885251045227,0.15049034357070923,0.270067423582077,,,,,
realmlp,all,15,0.5811059641487458,0.5222238898277283,0.6037331223487854,0.14672507345676422,0.35419145226478577,0.6263489013209063,0.3016195314771989,0.42972326278686523,0.0,
realmlp,kpx_group_1,15,0.5796072483062744,0.5326212644577026,0.5995886921882629,0.13150915503501892,0.3306865990161896,,,,,
realmlp,kpx_group_2,15,0.5651809888727525,0.44912710785865784,0.6499075889587402,0.16040731966495514,0.4602225422859192,,,,,
realmlp,kpx_group_3,15,0.5985296473783606,0.5849232077598572,0.5617032051086426,0.1482587456703186,0.27166518568992615,,,,,
realmlp,all,16,0.5836664499605403,0.5581153035163879,0.5779385566711426,0.14721646904945374,0.3030935823917389,0.6290524812305675,0.302573545014157,0.4153221845626831,0.0,
realmlp,kpx_group_1,16,0.5799661454032449,0.5790045261383057,0.5661249756813049,0.13444167375564575,0.266691654920578,,,,,
realmlp,kpx_group_2,16,0.5660949209157158,0.48718059062957764,0.6238092184066772,0.15473808348178864,0.40235650539398193,,,,,
realmlp,kpx_group_3,16,0.6049382669084212,0.6081607937812805,0.5438814759254456,0.15246963500976562,0.24023255705833435,,,,,
realmlp,all,17,0.5889831457067939,0.5158893465995789,0.6064857840538025,0.15243767201900482,0.36540913581848145,0.6343100903665319,0.30217962229953094,0.42394140362739563,0.0,
realmlp,kpx_group_1,17,0.585775663747507,0.49834421277046204,0.623612105846405,0.13282045722007751,0.38004469871520996,,,,,
realmlp,kpx_group_2,17,0.5690511421245688,0.4545161724090576,0.6424214839935303,0.1707535982131958,0.45559653639793396,,,,,
realmlp,kpx_group_3,17,0.6121226496556226,0.5948077440261841,0.5534235835075378,0.15373897552490234,0.2605861723423004,,,,,
realmlp,all,18,0.5956671150291667,0.517066240310669,0.6050982475280762,0.15440915524959564,0.364605575799942,0.6414354469846276,0.3051222619764945,0.44131162762641907,0.0,
realmlp,kpx_group_1,18,0.5882992314941743,0.4950888454914093,0.6267644166946411,0.13033270835876465,0.38386160135269165,,,,,
realmlp,kpx_group_2,18,0.5752066487775129,0.4553351402282715,0.6432914733886719,0.16996316611766815,0.4565460979938507,,,,,
realmlp,kpx_group_3,18,0.6234954437788796,0.6007747054100037,0.5452387928962708,0.16293159127235413,0.25340911746025085,,,,,
realmlp,all,19,0.5982030612580916,0.5656440854072571,0.5747111439704895,0.15199275314807892,0.3014151155948639,0.644166935892666,0.3064258339650491,0.44355201721191406,0.0,
realmlp,kpx_group_1,19,0.5918008378323387,0.620478630065918,0.5378092527389526,0.143834188580513,0.21945269405841827,,,,,
realmlp,kpx_group_2,19,0.5797296368023929,0.47267669439315796,0.6367735862731934,0.1620100438594818,0.43555718660354614,,,,,
realmlp,kpx_group_3,19,0.6230787266703213,0.6037771701812744,0.5495506525039673,0.15013405680656433,0.24923543632030487,,,,,
realmlp,all,20,0.5953551811330459,0.534402072429657,0.59312504529953,0.1552918404340744,0.34154191613197327,0.6416413301930708,0.3085743811200647,0.42232242226600647,0.0,
realmlp,kpx_group_1,20,0.5912492836222929,0.536311149597168,0.5971387624740601,0.13343247771263123,0.3277100920677185,,,,,
realmlp,kpx_group_2,20,0.5725595451453153,0.4640187621116638,0.6359869837760925,0.17646995186805725,0.4484438896179199,,,,,
realmlp,kpx_group_3,20,0.622256718137685,0.6028761267662048,0.5462493300437927,0.15597309172153473,0.2484716922044754,,,,,
realmlp,all,21,0.5946854580851162,0.535450279712677,0.5977743268013,0.1454288363456726,0.3409775197505951,0.6410101932637832,0.3088315659586121,0.4281900227069855,0.0,
realmlp,kpx_group_1,21,0.5893221339758705,0.5438607931137085,0.5951529145240784,0.1323358118534088,0.32264161109924316,,,,,
realmlp,kpx_group_2,21,0.5724444249097038,0.46941715478897095,0.6405504941940308,0.1542711853981018,0.4353722035884857,,,,,
realmlp,kpx_group_3,21,0.6222897995920742,0.5930728912353516,0.5576196312904358,0.149679496884346,0.264918714761734,,,,,
realmlp,all,22,0.5869079468881383,0.49547991156578064,0.620424211025238,0.15644732117652893,0.39729562401771545,0.6334926196757484,0.31056450614157843,0.47466298937797546,0.0,
realmlp,kpx_group_1,22,0.5851138093892265,0.42244139313697815,0.6752808094024658,0.14348441362380981,0.49404600262641907,,,,,
realmlp,kpx_group_2,22,0.5589371586547178,0.45587047934532166,0.6432223320007324,0.1722201704978943,0.45866480469703674,,,,,
realmlp,kpx_group_3,22,0.6166728568427703,0.6081276535987854,0.5427693724632263,0.1536373794078827,0.23917615413665771,,,,,
realmlp,all,23,0.5798609081436606,0.5045990347862244,0.6121377348899841,0.15358515083789825,0.37786054611206055,0.6258885509827558,0.30685097899507074,0.4506175220012665,0.0,
realmlp,kpx_group_1,23,0.5701295847401899,0.4793618619441986,0.6379397511482239,0.12622904777526855,0.4021085202693939,,,,,
realmlp,kpx_group_2,23,0.5516562645926195,0.4657018184661865,0.6387869119644165,0.1639331579208374,0.4415070116519928,,,,,
realmlp,kpx_group_3,23,0.6177968654562446,0.5687334537506104,0.5596864819526672,0.1705932319164276,0.2899662256240845,,,,,
realmlp,all,24,0.5696583609370625,0.5413992404937744,0.5894985198974609,0.14507408440113068,0.32407110929489136,0.6150172335260055,0.3023924503256293,0.4118264615535736,0.0,
realmlp,kpx_group_1,24,0.5676317030892652,0.5327567458152771,0.5982892513275146,0.12974557280540466,0.3263240456581116,,,,,
realmlp,kpx_group_2,24,0.5376842845888699,0.4897017478942871,0.6231207251548767,0.15547432005405426,0.40171578526496887,,,,,
realmlp,kpx_group_3,24,0.6036590837380466,0.601739227771759,0.5470855832099915,0.1500023603439331,0.24417351186275482,,,,,
realmlp,all,25,0.5605508238077164,0.5226580500602722,0.6009400486946106,0.15224768221378326,0.3541277348995209,0.6057597863323548,0.301393061876297,0.43472519516944885,0.0,
realmlp,kpx_group_1,25,0.5569660646073958,0.5147299766540527,0.610532283782959,0.1293150931596756,0.3503796458244324,,,,,
realmlp,kpx_group_2,25,0.5297617175999809,0.4572816789150238,0.6387548446655273,0.17713584005832672,0.4546455442905426,,,,,
realmlp,kpx_group_3,25,0.594924699734239,0.5959625244140625,0.5535329580307007,0.15029211342334747,0.2573580741882324,,,,,
realmlp,all,26,0.550309939419522,0.5419510006904602,0.5907010436058044,0.1472843438386917,0.3286864459514618,0.5952961567570182,0.2999081112006131,0.4386056959629059,0.0,
realmlp,kpx_group_1,26,0.5500210672616959,0.554597020149231,0.5879851579666138,0.13191521167755127,0.30788546800613403,,,,,
realmlp,kpx_group_2,26,0.5161539815804538,0.46706974506378174,0.6359043717384338,0.16138137876987457,0.43319010734558105,,,,,
realmlp,kpx_group_3,26,0.5847547781818053,0.6041864156723022,0.5482136607170105,0.1485563963651657,0.24498377740383148,,,,,
realmlp,all,27,0.5439226872780744,0.5095582008361816,0.6123022437095642,0.14474673569202423,0.3693511188030243,0.5884200281956616,0.29664893448352814,0.4366164207458496,0.0,
realmlp,kpx_group_1,27,0.5480281184701359,0.4950050115585327,0.623085618019104,0.1253027617931366,0.37147408723831177,,,,,
realmlp,kpx_group_2,27,0.5094364342444083,0.4474128484725952,0.6521387100219727,0.16188430786132812,0.4661617577075958,,,,,
realmlp,kpx_group_3,27,0.5743034999160206,0.5862568616867065,0.5616821646690369,0.14705313742160797,0.2704174220561981,,,,,
realmlp,all,28,0.5306768724147011,0.5102683901786804,0.6117072701454163,0.14814050495624542,0.3715550899505615,0.5744122073930853,0.2915688621647218,0.423560231924057,0.0,
realmlp,kpx_group_1,28,0.5328035801649094,0.4932921230792999,0.6266973614692688,0.13068954646587372,0.3840842545032501,,,,,
realmlp,kpx_group_2,28,0.493628611897721,0.4497794210910797,0.6493776440620422,0.16753150522708893,0.4662867784500122,,,,,
realmlp,kpx_group_3,28,0.5655984282493591,0.5877335071563721,0.5590468645095825,0.14620047807693481,0.2642941474914551,,,,,
realmlp,all,29,0.521883586750311,0.49432873725891113,0.6238866448402405,0.14211131632328033,0.3898845613002777,0.5652766885126338,0.2892873300349011,0.4224807918071747,0.0,
realmlp,kpx_group_1,29,0.524405326036846,0.4686230421066284,0.6439940929412842,0.12845945358276367,0.4164476692676544,,,,,
realmlp,kpx_group_2,29,0.48865578104467955,0.44283583760261536,0.6563946604728699,0.15705890953540802,0.4698482155799866,,,,,
realmlp,kpx_group_3,29,0.5525896654409521,0.5715274214744568,0.5712711215019226,0.1408156156539917,0.2833578884601593,,,,,
realmlp,all,30,0.5151652833994698,0.49691787362098694,0.6190056800842285,0.1492718905210495,0.38728320598602295,0.5581709777607637,0.286704630974461,0.4476960599422455,0.0,
realmlp,kpx_group_1,30,0.5211836879744249,0.4853196442127228,0.6343579888343811,0.13026908040046692,0.39898499846458435,,,,,
realmlp,kpx_group_2,30,0.47856485361562057,0.44869840145111084,0.6483453512191772,0.167571559548378,0.46426230669021606,,,,,
realmlp,kpx_group_3,30,0.545747302034322,0.5567355751991272,0.5743136405944824,0.1499750167131424,0.29860231280326843,,,,,
realmlp,all,31,0.506311813259826,0.4689359664916992,0.6413589119911194,0.14594468474388123,0.42866250872612,0.5486389985855888,0.2821812585872762,0.41446685791015625,0.0,
realmlp,kpx_group_1,31,0.5123185931759722,0.41855448484420776,0.6827225685119629,0.13050809502601624,0.49595317244529724,,,,,
realmlp,kpx_group_2,31,0.4685016664512017,0.4410322904586792,0.6564858555793762,0.1625412106513977,0.47551295161247253,,,,,
realmlp,kpx_group_3,31,0.5381151705103762,0.5472210645675659,0.584868311882019,0.14478473365306854,0.3145214021205902,,,,,
realmlp,all,32,0.4992204470669522,0.4913268983364105,0.6276425719261169,0.1405200958251953,0.3958052098751068,0.5411393142798367,0.2794590982444146,0.4185006618499756,0.0,
realmlp,kpx_group_1,32,0.5065374668030178,0.47723641991615295,0.6417428255081177,0.12498865276575089,0.40847429633140564,,,,,
realmlp,kpx_group_2,32,0.4665462440427612,0.43538379669189453,0.6627334356307983,0.1572384089231491,0.48270532488822937,,,,,
realmlp,kpx_group_3,32,0.524577631669886,0.5613604784011841,0.5784513354301453,0.13933323323726654,0.2962358891963959,,,,,
realmlp,all,33,0.4919875566573704,0.48756590485572815,0.629253625869751,0.14029596745967865,0.39880311489105225,0.5335713852854336,0.27722544266897087,0.4230928122997284,0.0,
realmlp,kpx_group_1,33,0.4986916780471802,0.47637176513671875,0.6416212320327759,0.12233889102935791,0.4055812954902649,,,,,
realmlp,kpx_group_2,33,0.45868013930671353,0.4338311553001404,0.662283182144165,0.15845559537410736,0.48302194476127625,,,,,
realmlp,kpx_group_3,33,0.5185908653280314,0.5524948239326477,0.5838564038276672,0.1400933861732483,0.3078061640262604,,,,,
realmlp,all,34,0.4858831973636852,0.48751482367515564,0.6292872428894043,0.1406155824661255,0.3991900384426117,0.5269383384900934,0.2737009279868182,0.4329986274242401,0.0,
realmlp,kpx_group_1,34,0.49331795687184615,0.4818274974822998,0.637161374092102,0.12536746263504028,0.399690181016922,,,,,
realmlp,kpx_group_2,34,0.4517776554121691,0.43248555064201355,0.6654052734375,0.15741880238056183,0.48822930455207825,,,,,
realmlp,kpx_group_3,34,0.5125539815601181,0.5482313632965088,0.5852950811386108,0.13906049728393555,0.30965059995651245,,,,,
realmlp,all,35,0.4786521257723079,0.4807882606983185,0.6325588822364807,0.14229600131511688,0.40741369128227234,0.5194874975611182,0.27223575750694556,0.4316169023513794,0.0,
realmlp,kpx_group_1,35,0.4880951958544114,0.46666353940963745,0.6489465832710266,0.12438645213842392,0.42227956652641296,,,,,
realmlp,kpx_group_2,35,0.44625819562112584,0.4377448558807373,0.6558895111083984,0.16118016839027405,0.47295913100242615,,,,,
realmlp,kpx_group_3,35,0.5016029915388893,0.5379564762115479,0.5928405523300171,0.14132137596607208,0.3270024359226227,,,,,
realmlp,all,36,0.4751681234030163,0.47179675102233887,0.6397021412849426,0.13962818682193756,0.41903257369995117,0.5155758691184661,0.2693849786677781,0.4241624176502228,0.0,
realmlp,kpx_group_1,36,0.48476405441761017,0.44783440232276917,0.6627620458602905,0.12274239212274551,0.4482664465904236,,,,,
realmlp,kpx_group_2,36,0.44282726066954,0.4334874749183655,0.6604930758476257,0.15699705481529236,0.4779832065105438,,,,,
realmlp,kpx_group_3,36,0.49791305380709033,0.5340682864189148,0.595851480960846,0.1391451209783554,0.3308480679988861,,,,,
realmlp,all,37,0.4684818838449085,0.47360149025917053,0.6379371285438538,0.1427915096282959,0.4186657667160034,0.5087460546809084,0.26842782427282896,0.44566619396209717,0.0,
realmlp,kpx_group_1,37,0.47903597311061974,0.444156676530838,0.6651074886322021,0.12410464137792587,0.45431962609291077,,,,,
realmlp,kpx_group_2,37,0.43731946673463373,0.4379471242427826,0.6579579710960388,0.16264955699443817,0.4785655438899994,,,,,
realmlp,kpx_group_3,37,0.4890902147573583,0.5387006998062134,0.5907458066940308,0.14162036776542664,0.3231120705604553,,,,,
realmlp,all,38,0.46598538361928044,0.4783778488636017,0.6343342065811157,0.14161953330039978,0.41028788685798645,0.5061013361110407,0.26743963601834636,0.431293249130249,0.0,
realmlp,kpx_group_1,38,0.4770875169950373,0.4605778455734253,0.651655912399292,0.1234472244977951,0.4267590343952179,,,,,
realmlp,kpx_group_2,38,0.4338074195034364,0.43746060132980347,0.6582621932029724,0.16165851056575775,0.47818294167518616,,,,,
realmlp,kpx_group_3,38,0.487061231451876,0.537095308303833,0.593084454536438,0.1397528201341629,0.3259217143058777,,,,,
realmlp,all,39,0.46418242068851695,0.47885072231292725,0.6344754695892334,0.14132040739059448,0.41027137637138367,0.504209440858925,0.26684679507332687,0.43389585614204407,0.0,
realmlp,kpx_group_1,39,0.47461362402228746,0.4639614224433899,0.6492254734039307,0.12391164153814316,0.4223625659942627,,,,,
realmlp,kpx_group_2,39,0.43221132325775485,0.43595755100250244,0.6591373682022095,0.1603005826473236,0.4785754084587097,,,,,
realmlp,kpx_group_3,39,0.4857223104028141,0.5366331338882446,0.5950635671615601,0.13974900543689728,0.3298761248588562,,,,,
realmlp,all,40,0.4627936666502672,0.47876110672950745,0.6345054507255554,0.14125703275203705,0.41026797890663147,0.5027558093561846,0.26641426345004754,0.43288302421569824,0.0,
realmlp,kpx_group_1,40,0.47373614942326264,0.4638449549674988,0.6488319635391235,0.12370046228170395,0.421364426612854,,,,,
realmlp,kpx_group_2,40,0.4325737716520534,0.43607786297798157,0.6594855785369873,0.160390242934227,0.4793614447116852,,,,,
realmlp,kpx_group_3,40,0.48207107273971334,0.5363605618476868,0.5951988101005554,0.13968044519424438,0.3300780951976776,,,,,
realmlp,all,41,0.4632900155642453,0.4794527590274811,0.634071409702301,0.1412808895111084,0.40942370891571045,0.503289970843231,0.26666638342773213,0.43290743231773376,0.0,
realmlp,kpx_group_1,41,0.4751316177494386,0.46592459082603455,0.6478469371795654,0.12370048463344574,0.4193943440914154,,,,,
realmlp,kpx_group_2,41,0.4317234811537406,0.4360888600349426,0.6597437858581543,0.16035804152488708,0.47984570264816284,,,,,
realmlp,kpx_group_3,41,0.48301494691301794,0.5363448858261108,0.5946234464645386,0.13978412747383118,0.3290310204029083,,,,,
realmlp,all,42,0.4637544961536632,0.4779047966003418,0.6357173323631287,0.1410050392150879,0.4124397337436676,0.503739595413208,0.2665673426407225,0.4350231885910034,0.0,
realmlp,kpx_group_1,42,0.4753730262027067,0.46303504705429077,0.6507638692855835,0.12356319278478622,0.4250909090042114,,,,,
realmlp,kpx_group_2,42,0.4321689031579915,0.43547600507736206,0.6601473093032837,0.15976642072200775,0.4800611138343811,,,,,
realmlp,kpx_group_3,42,0.483721557785483,0.5352033376693726,0.5962408781051636,0.1396854668855667,0.3321671485900879,,,,,
realmlp,all,43,0.4630601252703106,0.4743194580078125,0.6385372877120972,0.14203056693077087,0.4191051721572876,0.5030626299626687,0.26668332166531505,0.43800458312034607,0.0,
realmlp,kpx_group_1,43,0.47396420468302336,0.4466456472873688,0.6646732091903687,0.12367713451385498,0.4530235230922699,,,,,
realmlp,kpx_group_2,43,0.4330017807729104,0.43886083364486694,0.6558765172958374,0.16286277770996094,0.4746158719062805,,,,,
realmlp,kpx_group_3,43,0.4822144065709675,0.537451982498169,0.5950620770454407,0.1395518034696579,0.32967594265937805,,,,,
realmlp,all,44,0.464090991546126,0.48107242584228516,0.6339828968048096,0.140647754073143,0.40861353278160095,0.5041779643472504,0.2672465066699421,0.4288007318973541,0.0,
realmlp,kpx_group_1,44,0.4754442796111107,0.46425649523735046,0.6491405963897705,0.12439288944005966,0.4226740598678589,,,,,
realmlp,kpx_group_2,44,0.43258773623143926,0.4351212978363037,0.6601585745811462,0.15829509496688843,0.4786122739315033,,,,,
realmlp,kpx_group_3,44,0.4842409701908336,0.5438393950462341,0.5926494598388672,0.13925524055957794,0.32455408573150635,,,,,
realmlp,all,45,0.4661015798063839,0.4866149425506592,0.6295573115348816,0.14125649631023407,0.40037116408348083,0.5062554868705132,0.2676926809636986,0.4275360405445099,0.0,
realmlp,kpx_group_1,45,0.47691026461475033,0.47868096828460693,0.6398135423660278,0.12445340305566788,0.40408051013946533,,,,,
realmlp,kpx_group_2,45,0.43519679456949234,0.4361304044723511,0.6568963527679443,0.16021090745925903,0.4740036725997925,,,,,
realmlp,kpx_group_3,45,0.48619769162991466,0.5450335741043091,0.5919620990753174,0.1391051709651947,0.32302939891815186,,,,,
realmlp,all,46,0.467167549273547,0.4734797179698944,0.6380004286766052,0.14430750906467438,0.42030835151672363,0.5073991005911547,0.2682103089549962,0.44447779655456543,0.0,
realmlp,kpx_group_1,46,0.47925788164138794,0.4394014775753021,0.667467474937439,0.12523910403251648,0.4601740539073944,,,,,
realmlp,kpx_group_2,46,0.43622822183019977,0.4416448175907135,0.6544086933135986,0.16430777311325073,0.4731251895427704,,,,,
realmlp,kpx_group_3,46,0.48601655574405894,0.5393927097320557,0.5921250581741333,0.1433756798505783,0.3276258707046509,,,,,
realmlp,all,47,0.4710173628786031,0.47861385345458984,0.6372671723365784,0.14055319130420685,0.41508749127388,0.5113412299576927,0.2688257470726967,0.42771562933921814,0.0,
realmlp,kpx_group_1,47,0.48131414371378284,0.44258934259414673,0.6670662760734558,0.12441948801279068,0.4585520625114441,,,,,
realmlp,kpx_group_2,47,0.438949271598283,0.4356050491333008,0.659870982170105,0.15845654904842377,0.4781985878944397,,,,,
realmlp,kpx_group_3,47,0.4927886733237435,0.5576470494270325,0.5848641395568848,0.1387835294008255,0.3085118234157562,,,,,
realmlp,all,48,0.47350601632805434,0.49187374114990234,0.6272871494293213,0.13870905339717865,0.3932833671569824,0.5140226220383364,0.27011071824852156,0.42371895909309387,0.0,
realmlp,kpx_group_1,48,0.4828209491337047,0.4908016622066498,0.6315823197364807,0.12218473851680756,0.38534942269325256,,,,,
realmlp,kpx_group_2,48,0.4420080986969611,0.43177199363708496,0.6624959707260132,0.1560705155134201,0.48106250166893005,,,,,
realmlp,kpx_group_3,48,0.4956889884436832,0.5530475378036499,0.5877830982208252,0.1378719061613083,0.3134380877017975,,,,,
realmlp,all,49,0.47347209690248265,0.47948598861694336,0.6341339349746704,0.14282087981700897,0.4110887944698334,0.5141683913329068,0.2713086357449784,0.45418524742126465,0.0,
realmlp,kpx_group_1,49,0.4840940986486042,0.45652133226394653,0.6547790765762329,0.12468812614679337,0.434246301651001,,,,,
realmlp,kpx_group_2,49,0.44314055495402394,0.4377966523170471,0.6551072597503662,0.1621754914522171,0.47238999605178833,,,,,
realmlp,kpx_group_3,49,0.4931816305307781,0.5441399216651917,0.5925154685974121,0.14159905910491943,0.32662996649742126,,,,,
realmlp,all,50,0.4750225263483384,0.480759859085083,0.632598340511322,0.1392216682434082,0.40441831946372986,0.5157133038429653,0.27127180818249197,0.41506192088127136,0.0,
realmlp,kpx_group_1,50,0.4832439032547614,0.466821551322937,0.646491527557373,0.1261356621980667,0.4191186726093292,,,,,
realmlp,kpx_group_2,50,0.4435511292780147,0.4269835948944092,0.6660556197166443,0.15306821465492249,0.4851793944835663,,,,,
realmlp,kpx_group_3,50,0.4982725491418558,0.5484744310379028,0.5852478742599487,0.1384611427783966,0.3089568614959717,,,,,
realmlp,all,51,0.4784785452134469,0.4907483160495758,0.6269868612289429,0.1400311440229416,0.39400485157966614,0.5193425688673469,0.2724268438623232,0.4246708154678345,0.0,
realmlp,kpx_group_1,51,0.4881232941851896,0.4755939841270447,0.6418237686157227,0.12421419471502304,0.4078616499900818,,,,,
realmlp,kpx_group_2,51,0.44714322773849263,0.4301479756832123,0.6632850170135498,0.15686564147472382,0.48343563079833984,,,,,
realmlp,kpx_group_3,51,0.5001691036364612,0.5665029883384705,0.5758519172668457,0.13901354372501373,0.29071730375289917,,,,,
realmlp,all,52,0.4800486932782566,0.4829252064228058,0.6313096880912781,0.1399083435535431,0.4025276005268097,0.5207480683046228,0.2713291684494299,0.42468857765197754,0.0,
realmlp,kpx_group_1,52,0.4901149974149816,0.4714342951774597,0.6433727741241455,0.12407305091619492,0.41081851720809937,,,,,
realmlp,kpx_group_2,52,0.44754916999269934,0.4319320321083069,0.6623270511627197,0.15382476150989532,0.4784787893295288,,,,,
realmlp,kpx_group_3,52,0.5024818944580415,0.5454093813896179,0.5882291197776794,0.14182724058628082,0.31828543543815613,,,,,
realmlp,all,53,0.479294112061753,0.49093326926231384,0.6261060833930969,0.144436314702034,0.3966485559940338,0.520263976910535,0.27313242392504916,0.4021684229373932,0.0,
realmlp,kpx_group_1,53,0.4883104045601452,0.4823598563671112,0.6375992298126221,0.12680397927761078,0.4020024836063385,,,,,
realmlp,kpx_group_2,53,0.44817882688606486,0.444622665643692,0.6537546515464783,0.16069395840168,0.46820321679115295,,,,,
realmlp,kpx_group_3,53,0.501393116572324,0.5458173751831055,0.5869644284248352,0.14581099152565002,0.31973984837532043,,,,,
realmlp,all,54,0.48051982504480023,0.49912142753601074,0.6189545392990112,0.14559082686901093,0.38349995017051697,0.5213800388223985,0.2724014185369015,0.39441680908203125,0.0,
realmlp,kpx_group_1,54,0.48860247696147246,0.4930632710456848,0.6284921765327454,0.12712356448173523,0.38410794734954834,,,,,
realmlp,kpx_group_2,54,0.44807587476337657,0.445634126663208,0.6510326862335205,0.16374340653419495,0.4658086895942688,,,,,
realmlp,kpx_group_3,54,0.5048811120145461,0.5586666464805603,0.5773388147354126,0.1459054946899414,0.300583153963089,,,,,
realmlp,all,55,0.479466591249494,0.49121537804603577,0.6244802474975586,0.1430584043264389,0.3920188844203949,0.5202179481001461,0.2716757048140554,0.4113827049732208,0.0,
realmlp,kpx_group_1,55,0.49262753435794043,0.47276613116264343,0.643484890460968,0.1260477602481842,0.41301748156547546,,,,,
realmlp,kpx_group_2,55,0.4448867777691168,0.43366384506225586,0.6581375598907471,0.15940214693546295,0.4756773114204407,,,,,
realmlp,kpx_group_3,55,0.500885459868347,0.5672162175178528,0.5718182921409607,0.14372533559799194,0.28736191987991333,,,,,
realmlp,all,56,0.4822719224235591,0.49777841567993164,0.6205170750617981,0.1417391002178192,0.38277319073677063,0.5232085156090119,0.27291060458211336,0.3917616903781891,0.0,
realmlp,kpx_group_1,56,0.4886631715823622,0.49420076608657837,0.6280726194381714,0.12605366110801697,0.38219892978668213,,,,,
realmlp,kpx_group_2,56,0.4533645633388968,0.43361255526542664,0.6599442958831787,0.15848882496356964,0.47837740182876587,,,,,
realmlp,kpx_group_3,56,0.5047880297198015,0.5655218362808228,0.5735342502593994,0.14067479968070984,0.28774338960647583,,,,,
realmlp,all,57,0.48418958835742054,0.5013695359230042,0.6205477118492126,0.1406099647283554,0.3817054331302643,0.5248586623107686,0.2711271455182749,0.39632487297058105,0.0,
realmlp,kpx_group_1,57,0.4893223301452749,0.508730947971344,0.6180258393287659,0.12490516901016235,0.3609568178653717,,,,,
realmlp,kpx_group_2,57,0.4545998205156887,0.43616315722465515,0.6629273295402527,0.1565314084291458,0.48238605260849,,,,,
realmlp,kpx_group_3,57,0.5086466170409146,0.5592142343521118,0.5806900262832642,0.14039330184459686,0.301773339509964,,,,,
realmlp,all,58,0.477552828105057,0.49735596776008606,0.6203827261924744,0.14486902952194214,0.38563451170921326,0.5182833759223714,0.2715369460775572,0.40584278106689453,0.0,
realmlp,kpx_group_1,58,0.48419659234145107,0.5109653472900391,0.6193444728851318,0.1252644807100296,0.36395344138145447,,,,,
realmlp,kpx_group_2,58,0.4462359766749775,0.4379701614379883,0.6566938161849976,0.16223235428333282,0.47561994194984436,,,,,
realmlp,kpx_group_3,58,0.5022259113543174,0.5431324243545532,0.5851098895072937,0.14711026847362518,0.3173300325870514,,,,,
realmlp,all,59,0.4785384724245352,0.48939862847328186,0.6280016303062439,0.14107562601566315,0.39707890152931213,0.5192616963211227,0.27148813929627924,0.3707084655761719,0.0,
realmlp,kpx_group_1,59,0.48738376314149184,0.47565460205078125,0.640642523765564,0.12469977140426636,0.4059847593307495,,,,,
realmlp,kpx_group_2,59,0.4481930715196273,0.4295775294303894,0.6666040420532227,0.15212862193584442,0.4853367805480957,,,,,
realmlp,kpx_group_3,59,0.5000385734088281,0.5629637241363525,0.5767583847045898,0.14639849960803986,0.29991522431373596,,,,,
realmlp,all,60,0.4763265370446093,0.4973177909851074,0.6233231425285339,0.13800005614757538,0.38464629650115967,0.5166341324939447,0.26871731395230575,0.3581186830997467,0.0,
realmlp,kpx_group_1,60,0.48517653433715596,0.4918099641799927,0.6291581988334656,0.12232543528079987,0.3806418180465698,,,,,
realmlp,kpx_group_2,60,0.4451184829368311,0.4302043318748474,0.6682014465332031,0.15153928101062775,0.4879421591758728,,,,,
realmlp,kpx_group_3,60,0.4986845903536853,0.5699392557144165,0.5726097822189331,0.1401354819536209,0.28535500168800354,,,,,
realmlp,all,61,0.473909426261397,0.5028036236763,0.6190930008888245,0.14049236476421356,0.37867847084999084,0.5143356108490158,0.26950789659338836,0.3832894265651703,0.0,
realmlp,kpx_group_1,61,0.4831550748032682,0.5200343132019043,0.6102426648139954,0.12475363165140152,0.34523898363113403,,,,,
realmlp,kpx_group_2,61,0.44601251798517566,0.43287310004234314,0.6642037034034729,0.15350039303302765,0.48190778493881226,,,,,
realmlp,kpx_group_3,61,0.4925606846809387,0.5555033683776855,0.5828328132629395,0.14322306215763092,0.30888867378234863,,,,,
realmlp,all,62,0.4745537669343107,0.5111014246940613,0.6138693690299988,0.13921652734279633,0.3669551610946655,0.5146188990158194,0.2671009039177614,0.38371071219444275,0.0,
realmlp,kpx_group_1,62,0.4837624316706377,0.5253258943557739,0.6086475253105164,0.12517565488815308,0.3424706757068634,,,,,
realmlp,kpx_group_2,62,0.44172680860056596,0.43191060423851013,0.6634671688079834,0.1520242691040039,0.4789585471153259,,,,,
realmlp,kpx_group_3,62,0.4981720671057701,0.5760676264762878,0.569493293762207,0.1404496282339096,0.27943629026412964,,,,,
realmlp,all,63,0.4716786610729554,0.49352893233299255,0.6223867535591125,0.14901910722255707,0.3937925398349762,0.5116685089819571,0.26659898898180795,0.3794877827167511,0.0,
realmlp,kpx_group_1,63,0.48064107754651236,0.475467711687088,0.638485312461853,0.13230566680431366,0.4092763066291809,,,,,
realmlp,kpx_group_2,63,0.44136084747665066,0.43573886156082153,0.6606259346008301,0.16271965205669403,0.4839715361595154,,,,,
realmlp,kpx_group_3,63,0.4930340586339726,0.5693801045417786,0.568048894405365,0.15203195810317993,0.2881297767162323,,,,,
realmlp,all,64,0.46921246980919556,0.4853649139404297,0.631101667881012,0.13987483084201813,0.40207818150520325,0.5088539228719824,0.2642763329341131,0.36769306659698486,0.0,
realmlp,kpx_group_1,64,0.4760947656982085,0.4514376223087311,0.6591278910636902,0.12231580168008804,0.4405716359615326,,,,,
realmlp,kpx_group_2,64,0.43845222671242323,0.42989540100097656,0.6657317876815796,0.15396155416965485,0.4854251444339752,,,,,
realmlp,kpx_group_3,64,0.4930904187700328,0.5747615694999695,0.5684453248977661,0.14334715902805328,0.28023776412010193,,,,,
realmlp,all,65,0.4623059086939868,0.4993220865726471,0.6210665106773376,0.14157253503799438,0.3837055265903473,0.501710357473177,0.26269630956299167,0.3725699186325073,0.0,
realmlp,kpx_group_1,65,0.47440461902057424,0.4813111126422882,0.6364471912384033,0.1238197460770607,0.39671415090560913,,,,,
realmlp,kpx_group_2,65,0.4345621365834685,0.43165123462677,0.6628473997116089,0.15636835992336273,0.4820632040500641,,,,,
realmlp,kpx_group_3,65,0.47795097442234263,0.5850038528442383,0.563904881477356,0.1445295214653015,0.2723393440246582,,,,,
realmlp,all,66,0.4609658858355354,0.4898160994052887,0.6272910237312317,0.14165045320987701,0.3962324559688568,0.5002945091794518,0.2621908194440253,0.3637031614780426,0.0,
realmlp,kpx_group_1,66,0.46989605970242443,0.4616747796535492,0.6508463025093079,0.12424290180206299,0.4259355068206787,,,,,
realmlp,kpx_group_2,66,0.43260376637472825,0.43054619431495667,0.6625203490257263,0.1577904224395752,0.48283112049102783,,,,,
realmlp,kpx_group_3,66,0.4803978287998368,0.5772273540496826,0.5685063600540161,0.14291800558567047,0.27993065118789673,,,,,
realmlp,all,67,0.4574522985255017,0.5004529356956482,0.6205465793609619,0.1415220946073532,0.38261523842811584,0.49620244695859794,0.25833432639346404,0.34920868277549744,0.0,
realmlp,kpx_group_1,67,0.4703536612146041,0.5015497207641602,0.6225652694702148,0.1258784830570221,0.37100905179977417,,,,,
realmlp,kpx_group_2,67,0.42891578858389573,0.43235552310943604,0.6650519967079163,0.1541123241186142,0.4842163324356079,,,,,
realmlp,kpx_group_3,67,0.47308745936435814,0.5674536228179932,0.5740224719047546,0.14457543194293976,0.29262039065361023,,,,,
realmlp,all,68,0.45395753050551696,0.4985518157482147,0.622985303401947,0.1381516009569168,0.38412222266197205,0.49239945280201297,0.25627943457049485,0.365377813577652,0.0,
realmlp,kpx_group_1,68,0.46445286975187416,0.48141661286354065,0.6359104514122009,0.12219498306512833,0.39401593804359436,,,,,
realmlp,kpx_group_2,68,0.42672734400805307,0.4332956373691559,0.6678659319877625,0.15060582756996155,0.4863376319408417,,,,,
realmlp,kpx_group_3,68,0.47069236986777363,0.5809431076049805,0.5651795268058777,0.14165398478507996,0.2720130980014801,,,,,
realmlp,all,69,0.4489433695288265,0.4859561026096344,0.6290733218193054,0.14277838170528412,0.40092501044273376,0.48701951915726943,0.25384098203743205,0.3628920316696167,0.0,
realmlp,kpx_group_1,69,0.4593134145526325,0.46543484926223755,0.6486606597900391,0.124947689473629,0.42226895689964294,,,,,
realmlp,kpx_group_2,69,0.4214482605457306,0.4360399842262268,0.6593403816223145,0.15881028771400452,0.47749096155166626,,,,,
realmlp,kpx_group_3,69,0.46606844181523605,0.5563933849334717,0.5792190432548523,0.14457714557647705,0.30301520228385925,,,,,
realmlp,all,70,0.4422348439693451,0.48512959480285645,0.630042552947998,0.14290283620357513,0.4029879868030548,0.479951093740323,0.25144162270076137,0.3891552984714508,0.0,
realmlp,kpx_group_1,70,0.4563374878729091,0.45560532808303833,0.6551892757415771,0.12765152752399445,0.43803009390830994,,,,,
realmlp,kpx_group_2,70,0.41446918950361367,0.4346717596054077,0.6603072881698608,0.1560182422399521,0.47663289308547974,,,,,
realmlp,kpx_group_3,70,0.45589785803766814,0.5651115775108337,0.5746311545372009,0.14503872394561768,0.2943010628223419,,,,,
realmlp,all,71,0.4354802247355966,0.49781063199043274,0.6218495965003967,0.14247722923755646,0.3861764371395111,0.4731306784293231,0.2510030346319956,0.3611178398132324,0.0,
realmlp,kpx_group_1,71,0.45157577842473984,0.4814421534538269,0.6387982368469238,0.12410566955804825,0.4017021954059601,,,,,
realmlp,kpx_group_2,71,0.40900661577196684,0.4355081617832184,0.6608154773712158,0.15908919274806976,0.4807201325893402,,,,,
realmlp,kpx_group_3,71,0.44585826861507755,0.5764816403388977,0.5659350752830505,0.14423683285713196,0.27610695362091064,,,,,
realmlp,all,72,0.4292447834330447,0.4963979721069336,0.622702419757843,0.1435409039258957,0.3889458179473877,0.46623213501537547,0.24658235228236983,0.3692064583301544,0.0,
realmlp,kpx_group_1,72,0.4431597450200249,0.4858455955982208,0.6358416080474854,0.12723810970783234,0.39892131090164185,,,,,
realmlp,kpx_group_2,72,0.40362615269773144,0.43307191133499146,0.6620845794677734,0.15736578404903412,0.48153501749038696,,,,,
realmlp,kpx_group_3,72,0.4409484341740608,0.5702763199806213,0.5701811909675598,0.14601880311965942,0.28638115525245667,,,,,
realmlp,all,73,0.4262348816675298,0.49716123938560486,0.6217300891876221,0.1390373259782791,0.3824975788593292,0.46297478588188395,0.24493264538400314,0.3751123249530792,0.0,
realmlp,kpx_group_1,73,0.44122227851082296,0.49207350611686707,0.6308687329292297,0.12258446216583252,0.3843218982219696,,,,,
realmlp,kpx_group_2,73,0.40154863587197137,0.43135127425193787,0.662945568561554,0.1521197408437729,0.4780108630657196,,,,,
realmlp,kpx_group_3,73,0.43593373587902856,0.568058967590332,0.5713760852813721,0.14240780472755432,0.28515997529029846,,,,,
realmlp,all,74,0.4180561930817716,0.4805942475795746,0.6359073519706726,0.13870501518249512,0.41051962971687317,0.4544705454917515,0.24276233530219862,0.3573777675628662,0.0,
realmlp,kpx_group_1,74,0.4354434548055424,0.45664289593696594,0.6578707695007324,0.12115631997585297,0.4368979036808014,,,,,
realmlp,kpx_group_2,74,0.39382514489047665,0.42942044138908386,0.6692702174186707,0.151916965842247,0.4904573857784271,,,,,
realmlp,kpx_group_3,74,0.42489998042583466,0.5557194352149963,0.5805808901786804,0.14304178953170776,0.3042035698890686,,,,,
realmlp,all,75,0.413379979922491,0.4996141493320465,0.6202918291091919,0.14178486168384552,0.38236841559410095,0.44920574479243336,0.2388384169077172,0.3610602617263794,0.0,
realmlp,kpx_group_1,75,0.43181772223290277,0.4989944398403168,0.6263924241065979,0.12546324729919434,0.3782481253147125,,,,,
realmlp,kpx_group_2,75,0.3884751345304882,0.4291269779205322,0.6660798192024231,0.15448951721191406,0.48664918541908264,,,,,
realmlp,kpx_group_3,75,0.41984709220774036,0.5707210302352905,0.5684030652046204,0.14540183544158936,0.28220799565315247,,,,,
realmlp,all,76,0.4070991106769618,0.4919198453426361,0.6257571578025818,0.1432502269744873,0.3947645127773285,0.44264353987048655,0.23696282527902546,0.37832900881767273,0.0,
realmlp,kpx_group_1,76,0.42599333559765534,0.4784037470817566,0.6389622688293457,0.1264178454875946,0.4043424725532532,,,,,
realmlp,kpx_group_2,76,0.38514211730045433,0.4345681667327881,0.6611356735229492,0.1561698168516159,0.4784412384033203,,,,,
realmlp,kpx_group_3,76,0.41016188789816466,0.5627875924110413,0.5771734118461609,0.14716306328773499,0.3015098571777344,,,,,
realmlp,all,77,0.39906125208910775,0.5002472996711731,0.6199327111244202,0.1416635662317276,0.3815290033817291,0.4342544902773464,0.23462159361909418,0.37299633026123047,0.0,
realmlp,kpx_group_1,77,0.41962825506925583,0.4934863746166229,0.6266942024230957,0.12518450617790222,0.3785730004310608,,,,,
realmlp,kpx_group_2,77,0.37686829005970673,0.4305035471916199,0.6666120886802673,0.15434016287326813,0.4875642955303192,,,,,
realmlp,kpx_group_3,77,0.40068720587912726,0.5767520666122437,0.5664918422698975,0.14546601474285126,0.2784496545791626,,,,,
realmlp,all,78,0.3958633813787909,0.4918699264526367,0.6259744763374329,0.14292271435260773,0.39487162232398987,0.43075669688336987,0.23262208809747414,0.3683748245239258,0.0,
realmlp,kpx_group_1,78,0.4179897584459361,0.47273531556129456,0.6450284123420715,0.12527604401111603,0.4153328239917755,,,,,
realmlp,kpx_group_2,78,0.3739277794957161,0.4331583082675934,0.6623764634132385,0.15573084354400635,0.4804838001728058,,,,,
realmlp,kpx_group_3,78,0.3956726009354872,0.5697160959243774,0.5705186128616333,0.14776119589805603,0.2887984812259674,,,,,
realmlp,all,79,0.38908114766373353,0.48983529210090637,0.6276142001152039,0.14176933467388153,0.3969978094100952,0.42357155987445044,0.22993607490378268,0.37127062678337097,0.0,
realmlp,kpx_group_1,79,0.41064339394078536,0.46024683117866516,0.6546410918235779,0.12522445619106293,0.4345066249370575,,,,,
realmlp,kpx_group_2,79,0.36880631876342435,0.4315027594566345,0.663411557674408,0.15320315957069397,0.4800262153148651,,,,,
realmlp,kpx_group_3,79,0.38779374124372706,0.5777561664581299,0.5647900700569153,0.1468804031610489,0.27646055817604065,,,,,
realmlp,all,80,0.38291578345439015,0.4874642789363861,0.6304684281349182,0.14090928435325623,0.40184617042541504,0.41718947712112875,0.22849131375551224,0.36945590376853943,0.0,
realmlp,kpx_group_1,80,0.4072258875650518,0.463267982006073,0.6528856158256531,0.12491431087255478,0.43068549036979675,,,,,
realmlp,kpx_group_2,80,0.3622426136451609,0.4288243353366852,0.6680474877357483,0.15179990231990814,0.4878949224948883,,,,,
realmlp,kpx_group_3,80,0.3792788482764188,0.5703006386756897,0.5704723000526428,0.14601363241672516,0.2869581878185272,,,,,
realmlp,all,81,0.37739045479718375,0.4969039857387543,0.6233957409858704,0.14292944967746735,0.38972094655036926,0.41128010171301227,0.22593096073936014,0.3682394325733185,0.0,
realmlp,kpx_group_1,81,0.4007825378109427,0.4756760597229004,0.6429948210716248,0.12677839398384094,0.41276803612709045,,,,,
realmlp,kpx_group_2,81,0.35923614922691793,0.43401581048965454,0.6635707020759583,0.15486249327659607,0.48200392723083496,,,,,
realmlp,kpx_group_3,81,0.3721526812981157,0.581020176410675,0.5636217594146729,0.14714744687080383,0.27439090609550476,,,,,
realmlp,all,82,0.3732013619121383,0.5009632706642151,0.6212692856788635,0.14213621616363525,0.3846748173236847,0.40673576120068045,0.22356262518202558,0.3665344715118408,0.0,
realmlp,kpx_group_1,82,0.3976820904542418,0.4897753596305847,0.6333777904510498,0.1261153668165207,0.39287102222442627,,,,,
realmlp,kpx_group_2,82,0.3540137791458298,0.4325651526451111,0.6658509969711304,0.15332664549350739,0.48502859473228455,,,,,
realmlp,kpx_group_3,82,0.36790822271038504,0.5805493593215942,0.5645790696144104,0.14696665108203888,0.2761247754096985,,,,,
realmlp,all,83,0.369311582077952,0.5028899312019348,0.6173763275146484,0.14100395143032074,0.3757566213607788,0.40273912952226754,0.22285030891790109,0.36033234000205994,0.0,
realmlp,kpx_group_1,83,0.3947220216779148,0.499136745929718,0.6244882941246033,0.12540163099765778,0.3743782341480255,,,,,
realmlp,kpx_group_2,83,0.3495513980879503,0.43707066774368286,0.6609562635421753,0.15125010907649994,0.4731627106666565,,,,,
realmlp,kpx_group_3,83,0.3636613229618353,0.5724624395370483,0.5666844248771667,0.1463601142168045,0.2797289490699768,,,,,
realmlp,all,84,0.3645545345018892,0.49503007531166077,0.6258376240730286,0.14086008071899414,0.3925354480743408,0.3977115618831971,0.22104682926745975,0.37218979001045227,0.0,
realmlp,kpx_group_1,84,0.39036639122401967,0.4748818278312683,0.6442412734031677,0.12502619624137878,0.41350874304771423,,,,,
realmlp,kpx_group_2,84,0.3446836524149951,0.4315134882926941,0.6680404543876648,0.1517532467842102,0.4878341853618622,,,,,
realmlp,kpx_group_3,84,0.3586135668789639,0.5786951184272766,0.5652313828468323,0.14580078423023224,0.2762635052204132,,,,,
realmlp,all,85,0.36007915393394585,0.5010090470314026,0.6207214593887329,0.14040203392505646,0.3818449079990387,0.3930475234108813,0.21978911165805423,0.37091028690338135,0.0,
realmlp,kpx_group_1,85,0.3871414459803525,0.4881826639175415,0.6350144743919373,0.12481167167425156,0.3948405981063843,,,,,
realmlp,kpx_group_2,85,0.3419380968107897,0.4351407289505005,0.6628659963607788,0.1502097100019455,0.47594165802001953,,,,,
realmlp,kpx_group_3,85,0.35115791681934805,0.579703688621521,0.5642839074134827,0.14618469774723053,0.27475249767303467,,,,,
realmlp,all,86,0.35745705269715367,0.49881744384765625,0.6219033598899841,0.14186763763427734,0.3856743276119232,0.3901778946028036,0.218138930552146,0.36697623133659363,0.0,
realmlp,kpx_group_1,86,0.3855424041257185,0.48291918635368347,0.6365869045257568,0.12535281479358673,0.3985266089439392,,,,,
realmlp,kpx_group_2,86,0.33885352620307135,0.43134617805480957,0.6669410467147827,0.1531747579574585,0.4870568513870239,,,,,
realmlp,kpx_group_3,86,0.3479752251330544,0.5821869969367981,0.5621820688247681,0.147075355052948,0.27143943309783936,,,,,
realmlp,all,87,0.35315912918132897,0.49701985716819763,0.6237747073173523,0.14110150933265686,0.3886509835720062,0.38584783936248107,0.21792474389076233,0.3680107593536377,0.0,
realmlp,kpx_group_1,87,0.38103993762941923,0.4831506013870239,0.6370718479156494,0.12546518445014954,0.3996088206768036,,,,,
realmlp,kpx_group_2,87,0.33595198612002763,0.43336495757102966,0.6647520065307617,0.151312455534935,0.480816513299942,,,,,
realmlp,kpx_group_3,87,0.3424854651093483,0.5745440125465393,0.5695003271102905,0.14652690291404724,0.2855275273323059,,,,,
realmlp,all,88,0.3515905974542393,0.4992445409297943,0.6227729320526123,0.14105123281478882,0.3865971565246582,0.38422587908366146,0.2175685344811748,0.3714260160923004,0.0,
realmlp,kpx_group_1,88,0.38001666963100433,0.48774707317352295,0.6357152462005615,0.12534424662590027,0.3967747390270233,,,,,
realmlp,kpx_group_2,88,0.3346385052975486,0.43318668007850647,0.666837751865387,0.1513763964176178,0.4850519001483917,,,,,
realmlp,kpx_group_3,88,0.34011661305147056,0.5767998695373535,0.565765917301178,0.1464330554008484,0.27796486020088196,,,,,
realmlp,all,89,0.3484762744868503,0.4994358718395233,0.6217901110649109,0.14093005657196045,0.3845102787017822,0.38088277639711604,0.21604333072900772,0.367787629365921,0.0,
realmlp,kpx_group_1,89,0.3790552024455631,0.48448580503463745,0.6377979516983032,0.12501509487628937,0.400611013174057,,,,,
realmlp,kpx_group_2,89,0.3315022679812768,0.4331519901752472,0.6649591326713562,0.15117675065994263,0.4810950458049774,,,,,
realmlp,kpx_group_3,89,0.334871348212747,0.5806697607040405,0.5626132488250732,0.14659835398197174,0.27182480692863464,,,,,
realmlp,all,90,0.34720540134345784,0.496630996465683,0.6235453486442566,0.14057119190692902,0.3876619338989258,0.3796311082208858,0.2161713880212868,0.3681780993938446,0.0,
realmlp,kpx_group_1,90,0.377299407387481,0.48022133111953735,0.6380203366279602,0.12494047731161118,0.4009811282157898,,,,,
realmlp,kpx_group_2,90,0.33018752012182684,0.4330311119556427,0.6662508845329285,0.15082211792469025,0.4833238422870636,,,,,
realmlp,kpx_group_3,90,0.33412926994702397,0.5766406059265137,0.5663648843765259,0.14595100283622742,0.27868083119392395,,,,,
realmlp,all,91,0.34649713030632806,0.497685045003891,0.6224566102027893,0.14105021953582764,0.38596346974372864,0.37892020975842194,0.2161538789377493,0.3689812123775482,0.0,
realmlp,kpx_group_1,91,0.37802351134664874,0.4806162118911743,0.637432873249054,0.12519390881061554,0.40005961060523987,,,,,
realmlp,kpx_group_2,91,0.32942920222001915,0.43404847383499146,0.6657036542892456,0.15138082206249237,0.48278820514678955,,,,,
realmlp,kpx_group_3,91,0.33203866376596336,0.5783905386924744,0.5642333030700684,0.1465759128332138,0.2750425636768341,,,,,
realmlp,all,92,0.3457481365870027,0.49778079986572266,0.6226718425750732,0.1410590261220932,0.3864027261734009,0.3781630681718097,0.21609950744930437,0.3687087595462799,0.0,
realmlp,kpx_group_1,92,0.37607978722628427,0.4808012545108795,0.63743656873703,0.12513484060764313,0.400007963180542,,,,,
realmlp,kpx_group_2,92,0.3286781801896937,0.43414297699928284,0.6657126545906067,0.15139953792095184,0.48282483220100403,,,,,
realmlp,kpx_group_3,92,0.33248644716599407,0.5783981680870056,0.564866304397583,0.14664269983768463,0.27637535333633423,,,,,
realmlp,all,93,0.34570477376965913,0.4978707730770111,0.6225971579551697,0.14107908308506012,0.3862733840942383,0.37799517766517754,0.21526931949398098,0.3687388002872467,0.0,
realmlp,kpx_group_1,93,0.37674738598220486,0.4809243977069855,0.6377860307693481,0.12507271766662598,0.40064483880996704,,,,,
realmlp,kpx_group_2,93,0.3291523706387071,0.4339464604854584,0.6651022434234619,0.15151380002498627,0.48171836137771606,,,,,
realmlp,kpx_group_3,93,0.331214564249796,0.5787414312362671,0.5649030804634094,0.1466507613658905,0.27645695209503174,,,,,
realmlp,all,94,0.34551745565498576,0.49793553352355957,0.6226004958152771,0.14108069241046906,0.386281818151474,0.37785638299058466,0.21559283224975362,0.36875486373901367,0.0,
realmlp,kpx_group_1,94,0.37676433649133234,0.4810805320739746,0.6376087069511414,0.12508070468902588,0.400298148393631,,,,,
realmlp,kpx_group_2,94,0.3289059992222225,0.4339729845523834,0.6652401685714722,0.1515112966299057,0.48199158906936646,,,,,
realmlp,kpx_group_3,94,0.3308820378254442,0.5787530541419983,0.5649527311325073,0.14665012061595917,0.2765556275844574,,,,,
realmlp,all,95,0.34528527627972994,0.4983293116092682,0.622751772403717,0.14104299247264862,0.3865465223789215,0.37763724914368463,0.21567981909303105,0.3687392771244049,0.0,
realmlp,kpx_group_1,95,0.3749995275455363,0.48187240958213806,0.6385952234268188,0.125070720911026,0.4022611081600189,,,,,
realmlp,kpx_group_2,95,0.3288949053077137,0.4338197410106659,0.6659352779388428,0.151510089635849,0.48338067531585693,,,,,
realmlp,kpx_group_3,95,0.33196139642420935,0.5792956948280334,0.5637248158454895,0.14654815196990967,0.27399778366088867,,,,,
realmlp,all,96,0.3448196224430028,0.4978514611721039,0.6226585507392883,0.14119316637516022,0.38651028275489807,0.3772440039936234,0.21616255272837245,0.3692012131214142,0.0,
realmlp,kpx_group_1,96,0.3751443510546404,0.4799707233905792,0.6389316916465759,0.12516096234321594,0.403024286031723,,,,,
realmlp,kpx_group_2,96,0.32863734750186696,0.43384984135627747,0.665237545967102,0.15178033709526062,0.4822554588317871,,,,,
realmlp,kpx_group_3,96,0.33067717184038725,0.5797337889671326,0.563806414604187,0.14663824439048767,0.27425116300582886,,,,,
realmlp,all,97,0.34520238199654746,0.49568215012550354,0.6242127418518066,0.1409176141023636,0.38934311270713806,0.37757034292992425,0.21578636239556706,0.36780858039855957,0.0,
realmlp,kpx_group_1,97,0.3761366176254609,0.47560083866119385,0.6412582993507385,0.12485605478286743,0.40737268328666687,,,,,
realmlp,kpx_group_2,97,0.3279869017355582,0.4327319860458374,0.6662466526031494,0.15141558647155762,0.48390886187553406,,,,,
realmlp,kpx_group_3,97,0.3314836310113178,0.5787134766578674,0.5651333332061768,0.14648115634918213,0.27674776315689087,,,,,
realmlp,all,98,0.34587500463513765,0.4961489140987396,0.6244091987609863,0.14064203202724457,0.38946035504341125,0.3782525492065093,0.21585028530920253,0.3700067698955536,0.0,
realmlp,kpx_group_1,98,0.3764769040486392,0.4794517159461975,0.6405631303787231,0.12481047958135605,0.40593671798706055,,,,,
realmlp,kpx_group_2,98,0.3293278357561897,0.4329379200935364,0.665727436542511,0.15076543390750885,0.482220321893692,,,,,
realmlp,kpx_group_3,98,0.3318202754153925,0.5760570764541626,0.5669369697570801,0.14635016024112701,0.2802240550518036,,,,,
realmlp,all,99,0.34740786648848476,0.49827632308006287,0.6222625374794006,0.14152494072914124,0.3860499858856201,0.37975093503208723,0.21562049472156694,0.3696930408477783,0.0,
realmlp,kpx_group_1,99,0.3786859862944659,0.4824281930923462,0.6380123496055603,0.12570145726203918,0.401726096868515,,,,,
realmlp,kpx_group_2,99,0.32974931290921045,0.43469128012657166,0.663915753364563,0.15208755433559418,0.4799190163612366,,,,,
realmlp,kpx_group_3,99,0.33378831078024473,0.5777093768119812,0.5648596286773682,0.14678581058979034,0.2765049934387207,,,,,
realmlp,all,100,0.34751491686877084,0.5008940100669861,0.6219081878662109,0.1411782056093216,0.38499459624290466,0.37979570863878026,0.21520530191414497,0.3688376247882843,0.0,
realmlp,kpx_group_1,100,0.37628395723945957,0.4873828887939453,0.6366555690765381,0.1255737990140915,0.3988848924636841,,,,,
realmlp,kpx_group_2,100,0.3311057941002004,0.43530237674713135,0.6640794277191162,0.1507536768913269,0.4789125621318817,,,,,
realmlp,kpx_group_3,100,0.3351549918160719,0.5799967646598816,0.5649896264076233,0.14720717072486877,0.27718639373779297,,,,,
realmlp,all,101,0.34726524440681233,0.49608874320983887,0.6236444115638733,0.14055775105953217,0.38784655928611755,0.37958351478857155,0.21545513806974187,0.3686791956424713,0.0,
realmlp,kpx_group_1,101,0.377863586825483,0.47297802567481995,0.6439200043678284,0.1246783509850502,0.41251835227012634,,,,,
realmlp,kpx_group_2,101,0.33024129008545594,0.43769371509552,0.6606351137161255,0.1502143144607544,0.47148454189300537,,,,,
realmlp,kpx_group_3,101,0.3336908528033425,0.577594518661499,0.566378116607666,0.1467805802822113,0.27953678369522095,,,,,
realmlp,all,102,0.3493409796672709,0.5021393895149231,0.6199159622192383,0.14105570316314697,0.38088759779930115,0.38182424008846283,0.21655504975248785,0.373771071434021,0.0,
realmlp,kpx_group_1,102,0.37821831554174423,0.48824089765548706,0.6331343054771423,0.125642329454422,0.39191094040870667,,,,,
realmlp,kpx_group_2,102,0.3327761717578944,0.4358966648578644,0.6629132032394409,0.15100988745689392,0.47683629393577576,,,,,
realmlp,kpx_group_3,102,0.33702845827621575,0.5822808742523193,0.5637003779411316,0.146514892578125,0.2739156484603882,,,,,
realmlp,all,103,0.34933527339907255,0.5012481212615967,0.6190548539161682,0.14223802089691162,0.3803478181362152,0.3817718050935689,0.21624351161367752,0.3734849989414215,0.0,
realmlp,kpx_group_1,103,0.37995654213077884,0.4849245548248291,0.633402407169342,0.12598641216754913,0.3927912414073944,,,,,
realmlp,kpx_group_2,103,0.3305476676015293,0.43668583035469055,0.6618399620056152,0.15255679190158844,0.4762367606163025,,,,,
realmlp,kpx_group_3,103,0.3375016056439456,0.5821340084075928,0.5619222521781921,0.14817091822624207,0.27201545238494873,,,,,
realmlp,all,104,0.35016750719617395,0.49802613258361816,0.6228744387626648,0.1407206654548645,0.38646960258483887,0.3825147734845386,0.2156484484234277,0.3701271116733551,0.0,
realmlp,kpx_group_1,104,0.37956610321998596,0.47564181685447693,0.6422207355499268,0.12479772418737411,0.40923914313316345,,,,,
realmlp,kpx_group_2,104,0.33256761247620864,0.4394618570804596,0.6606775522232056,0.14991910755634308,0.471274197101593,,,,,
realmlp,kpx_group_3,104,0.33836881027502175,0.5789746642112732,0.5657250881195068,0.1474451869726181,0.27889543771743774,,,,,
realmlp,all,105,0.34931407342938814,0.4985332787036896,0.6210198402404785,0.1415647715330124,0.3836044371128082,0.3817215465447482,0.2160498300457702,0.36836203932762146,0.0,
realmlp,kpx_group_1,105,0.3784770461566308,0.47853949666023254,0.6386846303939819,0.12547950446605682,0.4028487205505371,,,,,
realmlp,kpx_group_2,105,0.33203644743737054,0.43742814660072327,0.6623809337615967,0.15215852856636047,0.47692036628723145,,,,,
realmlp,kpx_group_3,105,0.3374287183670437,0.5796322226524353,0.5619940161705017,0.1470562219619751,0.2710442841053009,,,,,
realmlp,all,106,0.35146403838606444,0.4978574216365814,0.6216449737548828,0.14077503979206085,0.3840649127960205,0.38385940737584057,0.21596911659135537,0.37231552600860596,0.0,
realmlp,kpx_group_1,106,0.38101473143872094,0.4778781235218048,0.6407961845397949,0.12414493411779404,0.4057372510433197,,,,,
realmlp,kpx_group_2,106,0.33390001207590103,0.4355764389038086,0.6605840921401978,0.15010951459407806,0.47127777338027954,,,,,
realmlp,kpx_group_3,106,0.33947738610646305,0.5801175832748413,0.5635545253753662,0.14807066321372986,0.2751797139644623,,,,,
realmlp,all,107,0.35121341531767564,0.5027031302452087,0.6207435727119446,0.14205090701580048,0.38353803753852844,0.38373683962751837,0.21682282318087184,0.37051281332969666,0.0,
realmlp,kpx_group_1,107,0.381067160736112,0.49086758494377136,0.6325658559799194,0.1264166682958603,0.3915483355522156,,,,,
realmlp,kpx_group_2,107,0.33162645645001354,0.44011154770851135,0.6619952917098999,0.15083490312099457,0.47482553124427795,,,,,
realmlp,kpx_group_3,107,0.34094663139651804,0.5771302580833435,0.5676695108413696,0.14890116453170776,0.2842402160167694,,,,,
realmlp,all,108,0.3528320188908016,0.4936044216156006,0.6258135437965393,0.14357562363147736,0.39520275592803955,0.38532859744394526,0.2166438234203002,0.37472888827323914,0.0,
realmlp,kpx_group_1,108,0.38101022909669313,0.4641495645046234,0.6522862315177917,0.12592057883739471,0.430493026971817,,,,,
realmlp,kpx_group_2,108,0.33424782884471554,0.43797773122787476,0.6584018468856812,0.15630263090133667,0.47310635447502136,,,,,
realmlp,kpx_group_3,108,0.3432380070581156,0.5786859393119812,0.5667526125907898,0.14850366115570068,0.2820088565349579,,,,,
realmlp,all,109,0.3536935650250491,0.49523821473121643,0.6255751252174377,0.1416005641222,0.3927508294582367,0.38615718790713477,0.216424152474193,0.36285877227783203,0.0,
realmlp,kpx_group_1,109,0.38048961670959697,0.48164042830467224,0.6383488178253174,0.1257196068763733,0.40241727232933044,,,,,
realmlp,kpx_group_2,109,0.33545439120601206,0.4378129541873932,0.6628641486167908,0.15258066356182098,0.4783089756965637,,,,,
realmlp,kpx_group_3,109,0.3451366779558799,0.566261351108551,0.5755122900009155,0.14650142192840576,0.2975260317325592,,,,,
realmlp,all,110,0.3528594383422066,0.5024502277374268,0.6187949180603027,0.14161665737628937,0.3792065680027008,0.3853370446492644,0.21651737808304675,0.37250378727912903,0.0,
realmlp,kpx_group_1,110,0.380781876251978,0.48471081256866455,0.6362428665161133,0.12482545524835587,0.39731115102767944,,,,,
realmlp,kpx_group_2,110,0.33396487770711675,0.43843600153923035,0.6610872745513916,0.15221045911312103,0.4743850827217102,,,,,
realmlp,kpx_group_3,110,0.3438315518638667,0.5842038989067078,0.5590546727180481,0.147814080119133,0.2659234404563904,,,,,
realmlp,all,111,0.35544612302499656,0.4922686517238617,0.6275863647460938,0.14126358926296234,0.39643633365631104,0.38794294394114437,0.2166454603566843,0.3751716613769531,0.0,
realmlp,kpx_group_1,111,0.38434423856875477,0.4647354483604431,0.6526111364364624,0.1249316930770874,0.4301539957523346,,,,,
realmlp,kpx_group_2,111,0.33690647693241343,0.4328307509422302,0.6643673777580261,0.152194082736969,0.48092883825302124,,,,,
realmlp,kpx_group_3,111,0.3450876614626716,0.5792397856712341,0.5657806396484375,0.14666500687599182,0.27822625637054443,,,,,
realmlp,all,112,0.3548223722506972,0.5120584964752197,0.6144954562187195,0.1424170285463333,0.3714078962802887,0.3874096866039669,0.21724876498474793,0.37796053290367126,0.0,
realmlp,kpx_group_1,112,0.38147809400277977,0.502144992351532,0.6254032254219055,0.12667734920978546,0.3774837851524353,,,,,
realmlp,kpx_group_2,112,0.33624821375398073,0.4419984817504883,0.6611167788505554,0.15185979008674622,0.4740932881832123,,,,,
realmlp,kpx_group_3,112,0.34674081162494774,0.5920319557189941,0.5569663047790527,0.14871397614479065,0.26264655590057373,,,,,
realmlp,all,113,0.3557179092484362,0.5040391683578491,0.6172160506248474,0.14192169904708862,0.3763537108898163,0.3881772668922649,0.2163957017747795,0.3619020879268646,0.0,
realmlp,kpx_group_1,113,0.3845716570230091,0.49171242117881775,0.6306852698326111,0.12601903080940247,0.38738957047462463,,,,,
realmlp,kpx_group_2,113,0.33620228574556466,0.43880221247673035,0.6608145236968994,0.15338999032974243,0.47501900792121887,,,,,
realmlp,kpx_group_3,113,0.3463797933038543,0.5816028714179993,0.560148298740387,0.1463560163974762,0.26665258407592773,,,,,
realmlp,all,114,0.3548450767993927,0.49864843487739563,0.6218037605285645,0.14281219244003296,0.3864196538925171,0.3870661206105176,0.21480696626445828,0.3745637834072113,0.0,
realmlp,kpx_group_1,114,0.3828355214175056,0.47680553793907166,0.6420428156852722,0.12577633559703827,0.4098619818687439,,,,,
realmlp,kpx_group_2,114,0.33625147842309056,0.4344554543495178,0.6629011034965515,0.15421654284000397,0.4800187647342682,,,,,
realmlp,kpx_group_3,114,0.34544823362546806,0.5846843123435974,0.5604673027992249,0.14844371378421783,0.26937830448150635,,,,,
realmlp,all,115,0.35558269698830214,0.503682553768158,0.6182200908660889,0.1416403204202652,0.3780805170536041,0.38761309096041846,0.21353598223889575,0.3651498556137085,0.0,
realmlp,kpx_group_1,115,0.3814663681037286,0.49011844396591187,0.6328483819961548,0.12524005770683289,0.39093688130378723,,,,,
realmlp,kpx_group_2,115,0.33730630094514175,0.44064971804618835,0.6603536605834961,0.1519971489906311,0.4727044701576233,,,,,
realmlp,kpx_group_3,115,0.34797542016295824,0.5802794098854065,0.5614582896232605,0.14768370985984802,0.270600289106369,,,,,
realmlp,all,116,0.3548235178870313,0.5128291249275208,0.6116685271263123,0.14321626722812653,0.36655333638191223,0.38705849779002804,0.21489985681631985,0.36389002203941345,0.0,
realmlp,kpx_group_1,116,0.38147129994981427,0.5091695785522461,0.6173055768013,0.12790589034557343,0.36251702904701233,,,,,
realmlp,kpx_group_2,116,0.333753826425356,0.443584144115448,0.6581732630729675,0.15332120656967163,0.4696677327156067,,,,,
realmlp,kpx_group_3,116,0.3492454321068876,0.5857337117195129,0.5595267415046692,0.1484217494726181,0.2674752473831177,,,,,
realmlp,all,117,0.3535393765744041,0.4954209327697754,0.6246644854545593,0.14129149913787842,0.39062047004699707,0.3857048412456232,0.21443642018472447,0.3724763095378876,0.0,
realmlp,kpx_group_1,117,0.381009776802624,0.4656883478164673,0.6516055464744568,0.12426002323627472,0.4274711012840271,,,,,
realmlp,kpx_group_2,117,0.33533214909188885,0.43602439761161804,0.6614167094230652,0.15279284119606018,0.4756262004375458,,,,,
realmlp,kpx_group_3,117,0.34427620119908275,0.5845500230789185,0.5609712600708008,0.14682163298130035,0.26876410841941833,,,,,
realmlp,all,118,0.3534831584376447,0.5056062340736389,0.6179116368293762,0.14053525030612946,0.3763585090637207,0.38544022730168176,0.21304711962447448,0.35971012711524963,0.0,
realmlp,kpx_group_1,118,0.3803940476740108,0.4836065173149109,0.63776034116745,0.12471910566091537,0.4002397358417511,,,,,
realmlp,kpx_group_2,118,0.3348129304016338,0.4413077235221863,0.6605764031410217,0.149292454123497,0.47044530510902405,,,,,
realmlp,kpx_group_3,118,0.34524249986690636,0.5919045209884644,0.555398166179657,0.14759419858455658,0.25839051604270935,,,,,
realmlp,all,119,0.3533167229855762,0.5127003192901611,0.6119110584259033,0.1430022269487381,0.3668243885040283,0.3851250326808761,0.21205540001392365,0.36095762252807617,0.0,
realmlp,kpx_group_1,119,0.37815598004004536,0.5069705247879028,0.6213448643684387,0.12696310877799988,0.3696528971195221,,,,,
realmlp,kpx_group_2,119,0.33472688496112823,0.44119539856910706,0.6564435958862305,0.15496093034744263,0.46784812211990356,,,,,
realmlp,kpx_group_3,119,0.34706729431362715,0.5899350643157959,0.5579447746276855,0.14708270132541656,0.26297226548194885,,,,,
realmlp,all,120,0.350676075062331,0.49223265051841736,0.6249155402183533,0.1407749056816101,0.39060601592063904,0.38251016420476575,0.21222724524490974,0.3737602233886719,0.0,
realmlp,kpx_group_1,120,0.3782878899398972,0.4624417722225189,0.6504068374633789,0.12497635930776596,0.4257899522781372,,,,,
realmlp,kpx_group_2,120,0.33073747026569705,0.4331972897052765,0.6632054448127747,0.1518942266702652,0.4783051013946533,,,,,
realmlp,kpx_group_3,120,0.3430028588456266,0.5810589790344238,0.561134397983551,0.14545415341854095,0.2677229642868042,,,,,
realmlp,all,121,0.3531311588252292,0.5052485466003418,0.6166124939918518,0.14379550516605377,0.3770204484462738,0.3850940698209931,0.21308604584020727,0.36463841795921326,0.0,
realmlp,kpx_group_1,121,0.38086791687151966,0.49024155735969543,0.6321969628334045,0.127887561917305,0.3922814726829529,,,,,
realmlp,kpx_group_2,121,0.33251601282288046,0.43829265236854553,0.6586700081825256,0.1545601338148117,0.47190016508102417,,,,,
realmlp,kpx_group_3,121,0.3460095537935986,0.5872113704681396,0.5589703917503357,0.148938849568367,0.2668796181678772,,,,,
realmlp,all,122,0.35235536887365226,0.4995804727077484,0.619554340839386,0.14426976442337036,0.38337841629981995,0.38422811907880444,0.2124849549111198,0.37762323021888733,0.0,
realmlp,kpx_group_1,122,0.3792755818542312,0.4766826331615448,0.6401345729827881,0.1285180002450943,0.4087871313095093,,,,,
realmlp,kpx_group_2,122,0.3341631376568009,0.43558499217033386,0.6596505641937256,0.15438683331012726,0.4736879765987396,,,,,
realmlp,kpx_group_3,122,0.3436274042024332,0.586473822593689,0.5588778853416443,0.14990441501140594,0.2676601707935333,,,,,
realmlp,all,123,0.35168889384059343,0.4989793002605438,0.6226996779441833,0.13988809287548065,0.38528743386268616,0.38331132250673633,0.21081622164039052,0.36637082695961,0.0,
realmlp,kpx_group_1,123,0.37925878824556575,0.47742727398872375,0.6434527635574341,0.12401403486728668,0.41091954708099365,,,,,
realmlp,kpx_group_2,123,0.33189450160545464,0.4335584044456482,0.6643579006195068,0.14889657497406006,0.47761237621307373,,,,,
realmlp,kpx_group_3,123,0.3439133890411433,0.5859522223472595,0.5602883100509644,0.14675365388393402,0.2673303186893463,,,,,
realmlp,all,124,0.3480038169552298,0.5195948481559753,0.6067309975624084,0.14422939717769623,0.3576914966106415,0.37939131566706824,0.20925001493271658,0.3691953122615814,0.0,
realmlp,kpx_group_1,124,0.3748692388043684,0.5224804282188416,0.6080914735794067,0.12894083559513092,0.3451237082481384,,,,,
realmlp,kpx_group_2,124,0.3279893551679218,0.4426950514316559,0.6571094989776611,0.15612801909446716,0.47034701704978943,,,,,
realmlp,kpx_group_3,124,0.3411528424305074,0.5936089754104614,0.5549921989440918,0.14761938154697418,0.2576037347316742,,,,,
realmlp,all,125,0.34748022433589487,0.4970129430294037,0.6220362782478333,0.1408921331167221,0.3849647343158722,0.3786124823724522,0.207548369817874,0.36019885540008545,0.0,
realmlp,kpx_group_1,125,0.37345871197826724,0.4655243754386902,0.6491746306419373,0.12549734115600586,0.42384660243988037,,,,,
realmlp,kpx_group_2,125,0.3272950005005388,0.4463852643966675,0.6564270853996277,0.14949673414230347,0.46235087513923645,,,,,
realmlp,kpx_group_3,125,0.3416869653498425,0.5791292786598206,0.5605071783065796,0.147682324051857,0.268696665763855,,,,,
realmlp,all,126,0.3453197295174879,0.5036597847938538,0.6175435781478882,0.1404077410697937,0.37549495697021484,0.3764454244690783,0.20750465726151185,0.37642398476600647,0.0,
realmlp,kpx_group_1,126,0.371403232216835,0.4823471009731293,0.6366980075836182,0.12512680888175964,0.39852285385131836,,,,,
realmlp,kpx_group_2,126,0.3266554395942127,0.4360835552215576,0.6622375249862671,0.14956286549568176,0.47403788566589355,,,,,
realmlp,kpx_group_3,126,0.3379005053464104,0.5925487875938416,0.5536953210830688,0.1465335190296173,0.253924161195755,,,,,
realmlp,all,127,0.3441930343123043,0.502717912197113,0.6206390857696533,0.14143699407577515,0.3827150762081146,0.3750620887560003,0.20579367306302576,0.39216873049736023,0.0,
realmlp,kpx_group_1,127,0.37112026573980555,0.48790794610977173,0.6338919401168823,0.1278744786977768,0.3956584334373474,,,,,
realmlp,kpx_group_2,127,0.32424623913624706,0.43461552262306213,0.6657710671424866,0.1493799239397049,0.48092201352119446,,,,,
realmlp,kpx_group_3,127,0.3372125976225909,0.5856302380561829,0.5622540712356567,0.14705653488636017,0.2715647220611572,,,,,
realmlp,all,128,0.3441719084101565,0.503055989742279,0.6194728016853333,0.1408209651708603,0.379766583442688,0.37507518293226466,0.2060218317543759,0.3903141915798187,0.0,
realmlp,kpx_group_1,128,0.3692409295369597,0.4888818562030792,0.6331593990325928,0.12525177001953125,0.3915706276893616,,,,,
realmlp,kpx_group_2,128,0.3246464860789916,0.432987779378891,0.6662508249282837,0.15205709636211395,0.48455876111984253,,,,,
realmlp,kpx_group_3,128,0.33862830172566805,0.5872983336448669,0.5590081214904785,0.14515404403209686,0.2631703317165375,,,,,
realmlp,all,129,0.33944178372621536,0.5088289380073547,0.6142894625663757,0.14256303012371063,0.3711419105529785,0.3696596087778316,0.20145216956734657,0.39035511016845703,0.0,
realmlp,kpx_group_1,129,0.36628441030488296,0.4982885420322418,0.6244055032730103,0.1272275149822235,0.376038521528244,,,,,
realmlp,kpx_group_2,129,0.3203076952520539,0.44151589274406433,0.6590334177017212,0.15317724645137787,0.47124406695365906,,,,,
realmlp,kpx_group_3,129,0.33173324211555366,0.5866823196411133,0.5594293475151062,0.1472843438386917,0.26614299416542053,,,,,
realmlp,all,130,0.33440542615511837,0.5068556666374207,0.6166364550590515,0.14050471782684326,0.3737776577472687,0.36473922343815074,0.20222529264933922,0.373309463262558,0.0,
realmlp,kpx_group_1,130,0.36009931783465776,0.49541378021240234,0.6286654472351074,0.12690535187721252,0.384236216545105,,,,,
realmlp,kpx_group_2,130,0.31638938013245077,0.4394195079803467,0.6601144075393677,0.14887842535972595,0.4691073000431061,,,,,
realmlp,kpx_group_3,130,0.32672758400440216,0.5857337713241577,0.5611295700073242,0.1457303911447525,0.26798948645591736,,,,,
realmlp,all,131,0.33326505738146167,0.5110685229301453,0.6118623614311218,0.14211538434028625,0.3658401072025299,0.3632984617177178,0.20022270039600484,0.3760940730571747,0.0,
realmlp,kpx_group_1,131,0.3573222493424135,0.492007315158844,0.6291800737380981,0.12663106620311737,0.3849911689758301,,,,,
realmlp,kpx_group_2,131,0.3157128266551915,0.44753551483154297,0.652424693107605,0.15364746749401093,0.45849692821502686,,,,,
realmlp,kpx_group_3,131,0.32676009001100764,0.593662679195404,0.5539823770523071,0.14606760442256927,0.2540324032306671,,,,,
realmlp,all,132,0.33154220177846794,0.5148618817329407,0.6105179786682129,0.1425299197435379,0.3635658323764801,0.36132392374908223,0.19854483359000263,0.37834835052490234,0.0,
realmlp,kpx_group_1,132,0.3581743932822171,0.5153799057006836,0.6152544021606445,0.12833192944526672,0.3588407039642334,,,,,
realmlp,kpx_group_2,132,0.3103939737467205,0.4501349627971649,0.6528202891349792,0.15221922099590302,0.4578598141670227,,,,,
realmlp,kpx_group_3,132,0.32605822121395783,0.5790707468986511,0.5634792447090149,0.14703860878944397,0.273997038602829,,,,,
realmlp,all,133,0.3296458208385636,0.5249426364898682,0.6031533479690552,0.14231370389461517,0.3486204445362091,0.3593810152481584,0.1982345751979772,0.3923777639865875,0.0,
realmlp,kpx_group_1,133,0.35377835131743374,0.530987560749054,0.6017720103263855,0.13016346096992493,0.33370742201805115,,,,,
realmlp,kpx_group_2,133,0.3113771089736153,0.4563749134540558,0.6471319198608398,0.15113843977451324,0.44540220499038696,,,,,
realmlp,kpx_group_3,133,0.3237820153727251,0.5874652862548828,0.5605562925338745,0.14563922584056854,0.266751766204834,,,,,
realmlp,all,134,0.32574288021115694,0.5210947394371033,0.6054468750953674,0.14163526892662048,0.35252895951271057,0.3549924142220441,0.1949968885849504,0.38186487555503845,0.0,
realmlp,kpx_group_1,134,0.3506188164739048,0.5130894780158997,0.6139206886291504,0.12838312983512878,0.35622459650039673,,,,,
realmlp,kpx_group_2,134,0.30639752745628357,0.45781707763671875,0.6477813720703125,0.14822837710380554,0.4437911808490753,,,,,
realmlp,kpx_group_3,134,0.320212280487313,0.5923775434494019,0.5546384453773499,0.14829425513744354,0.25757119059562683,,,,,
realmlp,all,135,0.3218188513727749,0.512684166431427,0.6103084683418274,0.14229252934455872,0.36290955543518066,0.3507559860453886,0.19291421814876444,0.3931434154510498,0.0,
realmlp,kpx_group_1,135,0.3457859820302795,0.5027504563331604,0.6196904182434082,0.12844181060791016,0.36782264709472656,,,,,
realmlp,kpx_group_2,135,0.30295325289754305,0.44123756885528564,0.6575326919555664,0.15193510055541992,0.46700042486190796,,,,,
realmlp,kpx_group_3,135,0.3167173279558911,0.5940646529197693,0.5537024736404419,0.14650069177150726,0.25390559434890747,,,,,
realmlp,all,136,0.32122718279852586,0.5212398171424866,0.6054804921150208,0.14174288511276245,0.3527037799358368,0.3500201588167864,0.1919531589921783,0.3985922634601593,0.0,
realmlp,kpx_group_1,136,0.3465545032830799,0.5113191604614258,0.6153889298439026,0.12908782064914703,0.35986563563346863,,,,,
realmlp,kpx_group_2,136,0.30097634783562494,0.4579179286956787,0.6463174223899841,0.1501527726650238,0.44278767704963684,,,,,
realmlp,kpx_group_3,136,0.3161506928941783,0.5944824814796448,0.5547350645065308,0.14598801732063293,0.25545811653137207,,,,,
realmlp,all,137,0.3153224241207628,0.5056516528129578,0.6162636876106262,0.14055199921131134,0.37307941913604736,0.3436385989189148,0.188774467610261,0.39751091599464417,0.0,
realmlp,kpx_group_1,137,0.3405005852965748,0.4914657771587372,0.6310217380523682,0.12723152339458466,0.38927507400512695,,,,,
realmlp,kpx_group_2,137,0.29676657038576465,0.4414021670818329,0.6580526232719421,0.14901171624660492,0.4651169776916504,,,,,
realmlp,kpx_group_3,137,0.30870012062437396,0.5840869545936584,0.5597167015075684,0.14541272819042206,0.26484614610671997,,,,,
realmlp,all,138,0.3118782512405339,0.5296485424041748,0.5986090898513794,0.1428382396697998,0.3400564193725586,0.33993470274350224,0.1870429936577292,0.392753928899765,0.0,
realmlp,kpx_group_1,138,0.34108109903686185,0.5253360271453857,0.6052500009536743,0.12929698824882507,0.3397970497608185,,,,,
realmlp,kpx_group_2,138,0.29225919351858254,0.46614861488342285,0.6382764577865601,0.15106499195098877,0.4276179075241089,,,,,
realmlp,kpx_group_3,138,0.30229446511058244,0.5974609851837158,0.5523008108139038,0.14815273880958557,0.2527543604373932,,,,,
realmlp,all,139,0.31053778835955786,0.5155726671218872,0.6093288064002991,0.14325745403766632,0.36191508173942566,0.33823147854384256,0.18462460005984588,0.38118675351142883,0.0,
realmlp,kpx_group_1,139,0.3360533389975043,0.50677090883255,0.6210878491401672,0.1287441998720169,0.3709198534488678,,,,,
realmlp,kpx_group_2,139,0.29329387624474135,0.44580209255218506,0.6528428196907043,0.15187141299247742,0.4575571119785309,,,,,
realmlp,kpx_group_3,139,0.3022661428241169,0.5941450595855713,0.5540557503700256,0.14915676414966583,0.2572682201862335,,,,,
realmlp,all,140,0.30275941640138626,0.5155795216560364,0.6095147132873535,0.140492245554924,0.3595217168331146,0.33025885811623407,0.18332960719571395,0.4028479754924774,0.0,
realmlp,kpx_group_1,140,0.32835570810472264,0.497094988822937,0.6250081658363342,0.1260714828968048,0.3760877549648285,,,,,
realmlp,kpx_group_2,140,0.28321020831080046,0.4513029456138611,0.6519994735717773,0.14953048527240753,0.453529417514801,,,,,
realmlp,kpx_group_3,140,0.29671234856633577,0.5983406901359558,0.5515366196632385,0.1458747833967209,0.24894799292087555,,,,,
realmlp,all,141,0.2966775854720789,0.5094006061553955,0.6138768792152405,0.14230042695999146,0.37005415558815,0.3237508338163881,0.18048833770787015,0.3953308165073395,0.0,
realmlp,kpx_group_1,141,0.32531005626215653,0.49490028619766235,0.6277920007705688,0.12878766655921936,0.3843716084957123,,,,,
realmlp,kpx_group_2,141,0.27969609069473605,0.441577285528183,0.658237874507904,0.151204913854599,0.4676806628704071,,,,,
realmlp,kpx_group_3,141,0.2850266050766496,0.5917243957519531,0.5556007623672485,0.146908700466156,0.25811025500297546,,,,,
realmlp,all,142,0.2920660972595215,0.5209769010543823,0.6059984564781189,0.14393378794193268,0.3559306859970093,0.3188095960546942,0.17828996348030426,0.39728403091430664,0.0,
realmlp,kpx_group_1,142,0.3197991142378134,0.506877601146698,0.6198260188102722,0.1296226978302002,0.36927470564842224,,,,,
realmlp,kpx_group_2,142,0.2742778711459216,0.46269726753234863,0.6427545547485352,0.15285849571228027,0.43836766481399536,,,,,
realmlp,kpx_group_3,142,0.28212131516021843,0.5933558344841003,0.5554147362709045,0.14932018518447876,0.26014965772628784,,,,,
realmlp,all,143,0.28840703736333284,0.5181377530097961,0.6091299653053284,0.14326255023479462,0.3615224361419678,0.3148189423715367,0.17607935211237738,0.4153960943222046,0.0,
realmlp,kpx_group_1,143,0.31531234918271794,0.5114527344703674,0.6195629239082336,0.12774598598480225,0.36687183380126953,,,,,
realmlp,kpx_group_2,143,0.2720606796005193,0.448020875453949,0.6530547142028809,0.15362177789211273,0.45973122119903564,,,,,
realmlp,kpx_group_3,143,0.2778480885659947,0.5949395895004272,0.5547722578048706,0.14841987192630768,0.2579643130302429,,,,,
realmlp,all,144,0.2841026432373944,0.5268823504447937,0.6018770933151245,0.14109987020492554,0.3448540270328522,0.3102009471725015,0.17398867712301366,0.39039698243141174,0.0,
realmlp,kpx_group_1,144,0.3103331984842525,0.5225010514259338,0.6083348989486694,0.1283329576253891,0.34500283002853394,,,,,
realmlp,kpx_group_2,144,0.2678992741686456,0.4585758447647095,0.6469916105270386,0.14678628742694855,0.4407694339752197,,,,,
realmlp,kpx_group_3,144,0.2740754515809171,0.5995700359344482,0.5503047704696655,0.14818035066127777,0.24878989160060883,,,,,
realmlp,all,145,0.2782304243129842,0.5194432139396667,0.607546329498291,0.1419307142496109,0.3570232689380646,0.3038620659533669,0.17087763504070394,0.4075133800506592,0.0,
realmlp,kpx_group_1,145,0.30412323378464756,0.5061618685722351,0.6214540004730225,0.1282530277967453,0.3711610436439514,,,,,
realmlp,kpx_group_2,145,0.26288464292883873,0.4492689371109009,0.6514269709587097,0.15162430703639984,0.45447826385498047,,,,,
realmlp,kpx_group_3,145,0.2676834003890262,0.6028987169265747,0.5497578978538513,0.14591476321220398,0.245430588722229,,,,,
realmlp,all,146,0.27060392148354473,0.5229220390319824,0.6058861017227173,0.1426115185022354,0.3543836772441864,0.2956889192847645,0.1672333038466818,0.4057791531085968,0.0,
realmlp,kpx_group_1,146,0.2955890880788074,0.5201279520988464,0.6121899485588074,0.12893465161323547,0.35331451892852783,,,,,
realmlp,kpx_group_2,146,0.25831879938350005,0.45630741119384766,0.6471946835517883,0.15242454409599304,0.4468139111995697,,,,,
realmlp,kpx_group_3,146,0.2579038892598713,0.5923308730125427,0.5582736134529114,0.14647535979747772,0.26302263140678406,,,,,
realmlp,all,147,0.2670404569191091,0.5198599100112915,0.6064819097518921,0.14262165129184723,0.3555854558944702,0.2918070655535249,0.16511070136638248,0.4098658561706543,0.0,
realmlp,kpx_group_1,147,0.29368382779990926,0.5109019875526428,0.6191345453262329,0.12869024276733398,0.3669593632221222,,,,,
realmlp,kpx_group_2,147,0.25101697488742714,0.45529332756996155,0.646845817565918,0.15130800008773804,0.4449995756149292,,,,,
realmlp,kpx_group_3,147,0.2564205669743173,0.5933843851089478,0.5534653663635254,0.14786671102046967,0.25479739904403687,,,,,
realmlp,all,148,0.2603196039357606,0.5201813578605652,0.6065206527709961,0.1416415125131607,0.3546828031539917,0.284937561434858,0.16411970446214957,0.41620874404907227,0.0,
realmlp,kpx_group_1,148,0.28908853013725844,0.5073609948158264,0.6206458806991577,0.1281551718711853,0.3694469630718231,,,,,
realmlp,kpx_group_2,148,0.2465184203842107,0.45210957527160645,0.650179922580719,0.1509106159210205,0.4512704908847809,,,,,
realmlp,kpx_group_3,148,0.2453518481377293,0.6010735630989075,0.5487360954284668,0.1458587348461151,0.24333098530769348,,,,,
realmlp,all,149,0.25209784113308964,0.515348494052887,0.610260546207428,0.1430199146270752,0.3635410964488983,0.27588504640495076,0.15858136511900844,0.4326120615005493,0.0,
realmlp,kpx_group_1,149,0.28033706195214214,0.4973180294036865,0.6279065608978271,0.12810640037059784,0.3839195966720581,,,,,
realmlp,kpx_group_2,149,0.2387359716436442,0.45282357931137085,0.6492953300476074,0.1537911742925644,0.45238178968429565,,,,,
realmlp,kpx_group_3,149,0.23722049111829085,0.5959038734436035,0.5535798668861389,0.14716216921806335,0.2543219029903412,,,,,
realmlp,all,150,0.24563676973476128,0.523658812046051,0.6052296757698059,0.1428518146276474,0.3533112108707428,0.26884378098389683,0.15471339839346268,0.43392860889434814,0.0,
realmlp,kpx_group_1,150,0.27384092571104274,0.5105464458465576,0.6198942065238953,0.12812677025794983,0.36791518330574036,,,,,
realmlp,kpx_group_2,150,0.23213829713709214,0.4617989957332611,0.6443988680839539,0.15223103761672974,0.44102874398231506,,,,,
realmlp,kpx_group_3,150,0.23093108022037676,0.5986310243606567,0.5513960123062134,0.14819763600826263,0.25098973512649536,,,,,
realmlp,all,151,0.24169993729275815,0.5222607254981995,0.6057546734809875,0.14110705256462097,0.35261642932891846,0.26480452650610137,0.15403060834197438,0.4372544586658478,0.0,
realmlp,kpx_group_1,151,0.26976817539509607,0.515265941619873,0.6146789789199829,0.12770549952983856,0.35706350207328796,,,,,
realmlp,kpx_group_2,151,0.22875331364133777,0.4491595923900604,0.6527448892593384,0.1499059796333313,0.45539578795433044,,,,,
realmlp,kpx_group_3,151,0.2265783094746225,0.6023566126823425,0.5498402118682861,0.14570966362953186,0.24539005756378174,,,,,
realmlp,all,152,0.2344982323839384,0.5237557291984558,0.6052610874176025,0.1413579285144806,0.3518800735473633,0.2570538661059211,0.15037088643978624,0.4486280679702759,0.0,
realmlp,kpx_group_1,152,0.26123178662622676,0.5151085257530212,0.6184266805648804,0.12902647256851196,0.36587977409362793,,,,,
realmlp,kpx_group_2,152,0.22217109755558126,0.45703473687171936,0.6451448202133179,0.14974036812782288,0.44002997875213623,,,,,
realmlp,kpx_group_3,152,0.22009180902558215,0.5991238355636597,0.5522118210792542,0.14530694484710693,0.24973061680793762,,,,,
realmlp,all,153,0.22813447959282818,0.5184793472290039,0.6087929606437683,0.14049695432186127,0.35808277130126953,0.25013720923486876,0.14668485040173812,0.43512776494026184,0.0,
realmlp,kpx_group_1,153,0.25547002562705207,0.5092622637748718,0.6177798509597778,0.1271882951259613,0.36274799704551697,,,,,
realmlp,kpx_group_2,153,0.21458464532214053,0.4513663947582245,0.6520756483078003,0.1486036777496338,0.45275503396987915,,,,,
realmlp,kpx_group_3,153,0.21434876147438497,0.5948094129562378,0.5565232634544373,0.14569886028766632,0.25874537229537964,,,,,
realmlp,all,154,0.22140358344596975,0.5268428325653076,0.6005004048347473,0.1420019268989563,0.3430028259754181,0.2430214154369691,0.14411887723733396,0.45822107791900635,0.0,
realmlp,kpx_group_1,154,0.2482526690206107,0.527621328830719,0.6030465960502625,0.13014182448387146,0.33623504638671875,,,,,
realmlp,kpx_group_2,154,0.20838849465636647,0.4544793367385864,0.647074282169342,0.14993736147880554,0.4440859258174896,,,,,
realmlp,kpx_group_3,154,0.20756958403131542,0.5984277725219727,0.5513805150985718,0.1459265798330307,0.24868763983249664,,,,,
realmlp,all,155,0.21386292598703327,0.519767701625824,0.6070451140403748,0.1417391002178192,0.3558293282985687,0.23492834541727514,0.14043611671556444,0.45588481426239014,0.0,
realmlp,kpx_group_1,155,0.2404926469659104,0.5118563175201416,0.6165145039558411,0.1287553608417511,0.3617843687534332,,,,,
realmlp,kpx_group_2,155,0.20258803073974216,0.4484046399593353,0.6537087559700012,0.15002641081809998,0.4574439227581024,,,,,
realmlp,kpx_group_3,155,0.19850810639121952,0.5990421772003174,0.5509120225906372,0.14643554389476776,0.24825961887836456,,,,,
realmlp,all,156,0.2088980363572345,0.5197582244873047,0.6075709462165833,0.1417515128850937,0.35689353942871094,0.22951222079641678,0.13742789878126452,0.44914981722831726,0.0,
realmlp,kpx_group_1,156,0.23659426916171522,0.5064762234687805,0.6199594736099243,0.1285601556301117,0.3684791326522827,,,,,
realmlp,kpx_group_2,156,0.1989177035934785,0.45286989212036133,0.6521461606025696,0.14994338154792786,0.45423564314842224,,,,,
realmlp,kpx_group_3,156,0.19118213675477924,0.5999284386634827,0.5506075024604797,0.14675097167491913,0.2479659765958786,,,,,
realmlp,all,157,0.2021319820162128,0.5258424878120422,0.6036921739578247,0.1418953835964203,0.3492797613143921,0.22215719258084016,0.13350140139022293,0.46439608931541443,0.0,
realmlp,kpx_group_1,157,0.2294805843163939,0.5241637229919434,0.6081774830818176,0.12857019901275635,0.344925194978714,,,,,
realmlp,kpx_group_2,157,0.19173160743187456,0.45006605982780457,0.6541993021965027,0.1508466601371765,0.4592452645301819,,,,,
realmlp,kpx_group_3,157,0.18518376438056722,0.6032976508140564,0.5486997961997986,0.1462692767381668,0.2436688393354416,,,,,
realmlp,all,158,0.19612532174762556,0.5229758620262146,0.6045421957969666,0.1419883817434311,0.3510727882385254,0.21565403307185455,0.13019141269957318,0.4713312089443207,0.0,
realmlp,kpx_group_1,158,0.22142048377324552,0.5166621804237366,0.6110166907310486,0.12859882414340973,0.3506321609020233,,,,,
realmlp,kpx_group_2,158,0.186318149242331,0.4475017488002777,0.6536960005760193,0.15063045918941498,0.45802244544029236,,,,,
realmlp,kpx_group_3,158,0.18063732631066265,0.6047635078430176,0.5489139556884766,0.14673583209514618,0.2445637732744217,,,,,
realmlp,all,159,0.18870977903990185,0.522052526473999,0.6057140827178955,0.1414351910352707,0.3528633415699005,0.20785672765444307,0.12764631365151966,0.4736361801624298,0.0,
realmlp,kpx_group_1,159,0.21397515035727444,0.5172562003135681,0.6102479696273804,0.12805868685245514,0.3485546112060547,,,,,
realmlp,kpx_group_2,159,0.17907499083701303,0.4464215636253357,0.6588394045829773,0.15018202364444733,0.4678608477115631,,,,,
realmlp,kpx_group_3,159,0.1730792009655167,0.6024798154830933,0.5480548739433289,0.1460648626089096,0.2421746402978897,,,,,
realmlp,all,160,0.18227220786844983,0.5226898193359375,0.6047728657722473,0.1422632783651352,0.35180893540382385,0.20083176498027408,0.12373038447078537,0.49445080757141113,0.0,
realmlp,kpx_group_1,160,0.20688439949470408,0.5145000219345093,0.6150068044662476,0.12887470424175262,0.35888826847076416,,,,,
realmlp,kpx_group_2,160,0.1748098323450369,0.4484984576702118,0.6527659893035889,0.15098273754119873,0.45651477575302124,,,,,
realmlp,kpx_group_3,160,0.1651223889168571,0.605070948600769,0.5465457439422607,0.14693237841129303,0.24002383649349213,,,,,
realmlp,all,161,0.1761495271588073,0.5233976244926453,0.604371190071106,0.14166861772537231,0.35041093826293945,0.19421336449244442,0.12042554939056144,0.4729165732860565,0.0,
realmlp,kpx_group_1,161,0.20107819665880763,0.5188211798667908,0.6113857626914978,0.12860199809074402,0.351373553276062,,,,,
realmlp,kpx_group_2,161,0.16834166996619282,0.4504128098487854,0.6511795520782471,0.1501132994890213,0.45247235894203186,,,,,
realmlp,kpx_group_3,161,0.15902872405507984,0.6009589433670044,0.5505481958389282,0.14629055559635162,0.2473868876695633,,,,,
realmlp,all,162,0.1698429036666365,0.523601233959198,0.6064682602882385,0.141005277633667,0.35394176840782166,0.1872404546422117,0.11598365534754361,0.49475088715553284,0.0,
realmlp,kpx_group_1,162,0.1927012772682835,0.5127066373825073,0.6181549429893494,0.12772473692893982,0.3640346825122833,,,,,
realmlp,kpx_group_2,162,0.1622800899340826,0.4549943506717682,0.650917649269104,0.14856186509132385,0.4503970742225647,,,,,
realmlp,kpx_group_3,162,0.15454733810004065,0.6031027436256409,0.5503321886062622,0.1467292308807373,0.24739359319210052,,,,,
realmlp,all,163,0.16444782584029086,0.5263688564300537,0.6020007133483887,0.14220760762691498,0.3462091386318207,0.18153425832005107,0.11390954343711629,0.49581387639045715,0.0,
realmlp,kpx_group_1,163,0.18709566926254945,0.5217282176017761,0.6105765700340271,0.1289517879486084,0.3501048982143402,,,,,
realmlp,kpx_group_2,163,0.15658718413289854,0.45097625255584717,0.6501262187957764,0.1506829857826233,0.45093536376953125,,,,,
realmlp,kpx_group_3,163,0.14966062872725375,0.6064020395278931,0.5452995896339417,0.14698804914951324,0.23758716881275177,,,,,
realmlp,all,164,0.15779204688528004,0.5212506651878357,0.6069214344024658,0.14170612394809723,0.3555489778518677,0.17441392799510674,0.1108125347424956,0.5026800632476807,0.0,
realmlp,kpx_group_1,164,0.17909783124923706,0.5151327252388,0.6137775182723999,0.12782429158687592,0.3553793132305145,,,,,
realmlp,kpx_group_2,164,0.15132379553773823,0.4481182396411896,0.6551889777183533,0.15102043747901917,0.4613983631134033,,,,,
realmlp,kpx_group_3,164,0.14295451474540374,0.6005010008811951,0.5517978072166443,0.1462736427783966,0.24986927211284637,,,,,
realmlp,all,165,0.15157107943121126,0.526446521282196,0.6024454832077026,0.14162512123584747,0.3465161621570587,0.1675690774093656,0.10665331002982224,0.5245642066001892,0.0,
realmlp,kpx_group_1,165,0.17257165207582362,0.521889865398407,0.6088995337486267,0.12808355689048767,0.3458826541900635,,,,,
realmlp,kpx_group_2,165,0.14547601057326093,0.4500442445278168,0.6524843573570251,0.14945198595523834,0.45442071557044983,,,,,
realmlp,kpx_group_3,165,0.1366655788220027,0.6074054837226868,0.5459526777267456,0.14733979105949402,0.23924511671066284,,,,,
realmlp,all,166,0.14665021506302497,0.5305539965629578,0.5996629595756531,0.1414193958044052,0.3407452404499054,0.16221433856031475,0.10376082777100451,0.5172784924507141,0.0,
realmlp,kpx_group_1,166,0.16656633663703413,0.5270376801490784,0.605385422706604,0.12863387167453766,0.3394047021865845,,,,,
realmlp,kpx_group_2,166,0.14128222316503525,0.4572002589702606,0.6475383043289185,0.14905673265457153,0.44413334131240845,,,,,
realmlp,kpx_group_3,166,0.13210208549657287,0.6074241399765015,0.546065092086792,0.14656758308410645,0.23869779706001282,,,,,
realmlp,all,167,0.1414312832057476,0.5293033719062805,0.6006394028663635,0.1416703313589096,0.342949241399765,0.1564922111437601,0.10040617657496649,0.5261328220367432,0.0,
realmlp,kpx_group_1,167,0.1603744838605909,0.5246344804763794,0.6078070402145386,0.12852510809898376,0.3441392779350281,,,,,
realmlp,kpx_group_2,167,0.1364842839539051,0.4545387923717499,0.6487525701522827,0.14908389747142792,0.44658905267715454,,,,,
realmlp,kpx_group_3,167,0.12743507862529335,0.6087368726730347,0.5453586578369141,0.14740200340747833,0.2381192445755005,,,,,
realmlp,all,168,0.13472175094134667,0.5289213061332703,0.5994763970375061,0.14180202782154083,0.34075483679771423,0.14931142812266068,0.09726450953851729,0.537660539150238,0.0,
realmlp,kpx_group_1,168,0.1531721195753883,0.5263574123382568,0.6042793989181519,0.1288362294435501,0.337395042181015,,,,,
realmlp,kpx_group_2,168,0.13000265804722028,0.4517556428909302,0.648930549621582,0.1492641717195511,0.44712522625923157,,,,,
realmlp,kpx_group_3,168,0.12099047005176544,0.6086509227752686,0.5452192425727844,0.14730572700500488,0.23774421215057373,,,,,
realmlp,all,169,0.13051160008591764,0.5232111811637878,0.6047935485839844,0.1408699005842209,0.35045692324638367,0.14475122422856443,0.09493083572563003,0.5374966263771057,0.0,
realmlp,kpx_group_1,169,0.14814641567714074,0.5186854004859924,0.6120423078536987,0.1281398981809616,0.35222452878952026,,,,,
realmlp,kpx_group_2,169,0.12604322032455137,0.4498858153820038,0.6517903208732605,0.14882108569145203,0.4524017572402954,,,,,
realmlp,kpx_group_3,169,0.11734516568043653,0.6010621786117554,0.5505478978157043,0.14564873278141022,0.2467445284128189,,,,,
realmlp,all,170,0.12498240074252381,0.5281060934066772,0.6020914912223816,0.14146512746810913,0.34564805030822754,0.13866079839713433,0.09118930918767172,0.5413773059844971,0.0,
realmlp,kpx_group_1,170,0.14078762382268906,0.5216965675354004,0.6100020408630371,0.1286497414112091,0.34865379333496094,,,,,
realmlp,kpx_group_2,170,0.12060125380316201,0.4533182382583618,0.650890052318573,0.14861555397510529,0.4503956437110901,,,,,
realmlp,kpx_group_3,170,0.1135583282174433,0.6093034744262695,0.5453823208808899,0.1471300721168518,0.23789475858211517,,,,,
realmlp,all,171,0.12009557380395777,0.5280749201774597,0.6009333729743958,0.1411658376455307,0.34303250908851624,0.13342713126364877,0.08887705020606518,0.5597202777862549,0.0,
realmlp,kpx_group_1,171,0.13616118711583755,0.5225682258605957,0.6089887619018555,0.1286548674106598,0.34663236141204834,,,,,
realmlp,kpx_group_2,171,0.11643772835240644,0.4526093006134033,0.650139570236206,0.147783562541008,0.4480627477169037,,,,,
realmlp,kpx_group_3,171,0.10768779400078689,0.6090471148490906,0.543671727180481,0.1470590978860855,0.23440247774124146,,,,,
realmlp,all,172,0.11576348422643017,0.5252223014831543,0.6042768359184265,0.14220388233661652,0.3507574796676636,0.1285423179540564,0.08519221962813069,0.5782445073127747,0.0,
realmlp,kpx_group_1,172,0.12977677211165428,0.5178199410438538,0.6149095296859741,0.1287698745727539,0.35858893394470215,,,,,
realmlp,kpx_group_2,172,0.11205980806227993,0.45120173692703247,0.652015745639801,0.15089301764965057,0.4549245238304138,,,,,
realmlp,kpx_group_3,172,0.1054538750254056,0.6066451668739319,0.5459051132202148,0.14694875478744507,0.23875904083251953,,,,,
realmlp,all,173,0.11134055837550584,0.5284250378608704,0.6016615033149719,0.14156021177768707,0.34488335251808167,0.12365776486694813,0.08211470855509534,0.5771899223327637,0.0,
realmlp,kpx_group_1,173,0.12488901089219485,0.5225035548210144,0.6128393411636353,0.1287626326084137,0.35444122552871704,,,,,
realmlp,kpx_group_2,173,0.10823538307757939,0.4564286172389984,0.6459159851074219,0.14902560412883759,0.44085758924484253,,,,,
realmlp,kpx_group_3,173,0.10089728444376413,0.6063429117202759,0.5462294220924377,0.14689244329929352,0.239351287484169,,,,,
realmlp,all,174,0.10721635785611237,0.5281519889831543,0.6011329293251038,0.14104998111724854,0.34331580996513367,0.11911815547329538,0.07934531481827006,0.5798004269599915,0.0,
realmlp,kpx_group_1,174,0.120086061384748,0.5260004997253418,0.607791543006897,0.12908533215522766,0.3446684181690216,,,,,
realmlp,kpx_group_2,174,0.10397722046164905,0.4545222818851471,0.6476067304611206,0.1482069492340088,0.44342041015625,,,,,
realmlp,kpx_group_3,174,0.09758579511852826,0.6039331555366516,0.5480005741119385,0.14585761725902557,0.24185873568058014,,,,,
realmlp,all,175,0.10309715831980985,0.52906733751297,0.6000515818595886,0.1414790153503418,0.34158214926719666,0.11462246155475869,0.07683535807711236,0.5834712386131287,0.0,
realmlp,kpx_group_1,175,0.11406379543683108,0.5245097279548645,0.6083210706710815,0.12886090576648712,0.3455030918121338,,,,,
realmlp,kpx_group_2,175,0.10030435836490463,0.45451819896698,0.64812833070755,0.14852584898471832,0.44478246569633484,,,,,
realmlp,kpx_group_3,175,0.09492331535062369,0.6081740856170654,0.5437052845954895,0.14705027639865875,0.23446084558963776,,,,,
realmlp,all,176,0.10012451318256996,0.5283325910568237,0.6007157564163208,0.14108890295028687,0.34252044558525085,0.11123897957012933,0.0740964346948792,0.6015323996543884,0.0,
realmlp,kpx_group_1,176,0.11044105799759135,0.5216150879859924,0.6102602481842041,0.12882156670093536,0.3493419885635376,,,,,
realmlp,kpx_group_2,176,0.09771844843292937,0.45525801181793213,0.6471890807151794,0.14799024164676666,0.44236841797828674,,,,,
realmlp,kpx_group_3,176,0.09221403191194814,0.6081247925758362,0.5446979999542236,0.14645490050315857,0.23585094511508942,,,,,
realmlp,all,177,0.09592613829847645,0.5300929546356201,0.5995182394981384,0.14142297208309174,0.3404594659805298,0.1065880317679223,0.07107929622425753,0.6034587025642395,0.0,
realmlp,kpx_group_1,177,0.10495117471060332,0.5278581380844116,0.6051880717277527,0.12918636202812195,0.3395625352859497,,,,,
realmlp,kpx_group_2,177,0.09338949445415945,0.45538002252578735,0.647968053817749,0.14853426814079285,0.44447043538093567,,,,,
realmlp,kpx_group_3,177,0.08943773608873873,0.6070405840873718,0.5453985929489136,0.1465482860803604,0.23734541237354279,,,,,
realmlp,all,178,0.09302495825378333,0.529857337474823,0.5988895297050476,0.1417297124862671,0.3395087420940399,0.10333391388549525,0.06872637005632415,0.6163796186447144,0.0,
realmlp,kpx_group_1,178,0.10199427330756888,0.5233967304229736,0.6081200838088989,0.1292584091424942,0.34549856185913086,,,,,
realmlp,kpx_group_2,178,0.09050667592707802,0.4557685852050781,0.6472620964050293,0.14836148917675018,0.44288569688796997,,,,,
realmlp,kpx_group_3,178,0.08657393144334063,0.6104066967964172,0.5412864089012146,0.14756923913955688,0.2301420122385025,,,,,
realmlp,all,179,0.08952768935876734,0.5311964750289917,0.5990641713142395,0.1414363831281662,0.33956465125083923,0.09951040488393868,0.06655143568401828,0.61822909116745,0.0,
realmlp,kpx_group_1,179,0.09676782337619978,0.5262046456336975,0.606445848941803,0.1293274462223053,0.34221914410591125,,,,,
realmlp,kpx_group_2,179,0.08782067237531438,0.4571833908557892,0.6478579640388489,0.1479167342185974,0.44363269209861755,,,,,
realmlp,kpx_group_3,179,0.08399457068127744,0.610201358795166,0.5428886413574219,0.1470649540424347,0.23284214735031128,,,,,
realmlp,all,180,0.0870494012008695,0.5319416522979736,0.5989693999290466,0.14180688560009003,0.33974575996398926,0.09662846925065798,0.06386044676251271,0.6259357333183289,0.0,
realmlp,kpx_group_1,180,0.09361766092479229,0.5305050015449524,0.603715181350708,0.12977798283100128,0.3372083902359009,,,,,
realmlp,kpx_group_2,180,0.08535753628786873,0.4551197290420532,0.6478759050369263,0.14819149672985077,0.4439432621002197,,,,,
realmlp,kpx_group_3,180,0.08217300814302529,0.6102002859115601,0.5453172326087952,0.14745114743709564,0.23808565735816956,,,,,
realmlp,all,181,0.08433682931696668,0.5310328602790833,0.5991754531860352,0.14173801243305206,0.34008893370628357,0.09351460537051454,0.061185178182580895,0.64427250623703,0.0,
realmlp,kpx_group_1,181,0.08976373963934534,0.5269841551780701,0.6053862571716309,0.12967142462730408,0.34044402837753296,,,,,
realmlp,kpx_group_2,181,0.08280250616371632,0.45702365040779114,0.6482582092285156,0.14866602420806885,0.4451824426651001,,,,,
realmlp,kpx_group_3,181,0.08044424554442658,0.6090907454490662,0.543881893157959,0.1468765288591385,0.23464034497737885,,,,,
realmlp,all,182,0.08238477259874344,0.5292806029319763,0.6007338166236877,0.14120544493198395,0.34267306327819824,0.09128631235045545,0.05934360185090233,0.6536290645599365,0.0,
realmlp,kpx_group_1,182,0.08708388413138249,0.5244362950325012,0.6095536947250366,0.12914295494556427,0.34825029969215393,,,,,
realmlp,kpx_group_2,182,0.08093929849565029,0.45333239436149597,0.6489473581314087,0.14779210090637207,0.44568678736686707,,,,,
realmlp,kpx_group_3,182,0.07913113286828294,0.6100732088088989,0.5437004566192627,0.1466812640428543,0.2340821772813797,,,,,
realmlp,all,183,0.08017452532315955,0.5338183045387268,0.596423327922821,0.14193344116210938,0.3347800672054291,0.08874776334885288,0.05715492274612188,0.6584811806678772,0.0,
realmlp,kpx_group_1,183,0.08497802913188934,0.5321551561355591,0.603439450263977,0.1300518959760666,0.3369307816028595,,,,,
realmlp,kpx_group_2,183,0.07856910368975471,0.4567733705043793,0.6467199921607971,0.14844846725463867,0.4418884217739105,,,,,
realmlp,kpx_group_3,183,0.07697643827208701,0.6125262975692749,0.5391104817390442,0.14730000495910645,0.22552096843719482,,,,,
realmlp,all,184,0.07797079500468339,0.5346118807792664,0.5965350866317749,0.14193259179592133,0.3350027799606323,0.08625676055603168,0.0552397742319633,0.6653912663459778,0.0,
realmlp,kpx_group_1,184,0.08168085116673918,0.5330885648727417,0.6020591855049133,0.13018754124641418,0.33430588245391846,,,,,
realmlp,kpx_group_2,184,0.07640717660679537,0.45966002345085144,0.6464333534240723,0.14842438697814941,0.44129109382629395,,,,,
realmlp,kpx_group_3,184,0.07582435997969963,0.611086905002594,0.5411127805709839,0.147185817360878,0.229411318898201,,,,,
realmlp,all,185,0.07616208000656437,0.5324185490608215,0.5984804630279541,0.14186514914035797,0.33882609009742737,0.08415385554818545,0.053278495941091984,0.6778483390808105,0.0,
realmlp,kpx_group_1,185,0.07920029244440444,0.5281663537025452,0.6070318818092346,0.1298539638519287,0.34391775727272034,,,,,
realmlp,kpx_group_2,185,0.07483064010739326,0.45635688304901123,0.64803546667099,0.14839400351047516,0.44446489214897156,,,,,
realmlp,kpx_group_3,185,0.07445530083907001,0.612732470035553,0.5403740406036377,0.14734750986099243,0.22809554636478424,,,,,
realmlp,all,186,0.07448417003102162,0.5341101288795471,0.59660404920578,0.14197863638401031,0.3351867198944092,0.08220818244359072,0.05149341604727156,0.6859725117683411,0.0,
realmlp,kpx_group_1,186,0.07732154593309935,0.5303469896316528,0.6036458015441895,0.13003715872764587,0.33732882142066956,,,,,
realmlp,kpx_group_2,186,0.0731154683539096,0.45855236053466797,0.646865725517273,0.14845262467861176,0.44218409061431885,,,,,
realmlp,kpx_group_3,186,0.07301549197119825,0.6134309768676758,0.5393006205558777,0.1474461704492569,0.2260473519563675,,,,,
realmlp,all,187,0.07305880844154779,0.5342478156089783,0.5963565111160278,0.14222480356693268,0.3349379003047943,0.08055595209931626,0.04998095256879049,0.6979995369911194,0.0,
realmlp,kpx_group_1,187,0.07516659675713848,0.5325945615768433,0.6031522154808044,0.13046972453594208,0.33677414059638977,,,,,
realmlp,kpx_group_2,187,0.07180227279005681,0.4575316607952118,0.6463123559951782,0.14885157346725464,0.44147634506225586,,,,,
realmlp,kpx_group_3,187,0.07220755933838732,0.6126172542572021,0.5396050214767456,0.14735311269760132,0.22656315565109253,,,,,
realmlp,all,188,0.07186044374590411,0.5340070128440857,0.5967633128166199,0.14198178052902222,0.3355083465576172,0.07910380786394372,0.048289088532328606,0.703724205493927,0.0,
realmlp,kpx_group_1,188,0.07384766654714066,0.5327049493789673,0.6025460362434387,0.13044175505638123,0.33553382754325867,,,,,
realmlp,kpx_group_2,188,0.0705720139119555,0.4577743709087372,0.6473336219787598,0.14849719405174255,0.44316449761390686,,,,,
realmlp,kpx_group_3,188,0.07116164617678698,0.6115416288375854,0.5404101610183716,0.14700643718242645,0.22782671451568604,,,,,
realmlp,all,189,0.07071861076880903,0.5344560742378235,0.5960495471954346,0.14218784868717194,0.3342868387699127,0.07774220291963395,0.04682394374600228,0.7124859690666199,0.0,
realmlp,kpx_group_1,189,0.07239570331704967,0.5335983633995056,0.6025790572166443,0.13053596019744873,0.3356940746307373,,,,,
realmlp,kpx_group_2,189,0.06942998568582184,0.4575677216053009,0.6461639404296875,0.1487613320350647,0.4410891830921173,,,,,
realmlp,kpx_group_3,189,0.07033014571403756,0.6122021675109863,0.5394055247306824,0.14726625382900238,0.2260773479938507,,,,,
realmlp,all,190,0.06966544654877747,0.5336666107177734,0.59734708070755,0.14205153286457062,0.33674564957618713,0.07651641701950747,0.04567312794354032,0.7165465354919434,0.0,
realmlp,kpx_group_1,190,0.07115895120317445,0.531277596950531,0.6049833297729492,0.13027603924274445,0.3402426838874817,,,,,
realmlp,kpx_group_2,190,0.06838048512444776,0.4576888084411621,0.6467530131340027,0.14853034913539886,0.44203636050224304,,,,,
realmlp,kpx_group_3,190,0.06945690211346921,0.6120334267616272,0.5403048992156982,0.14734818041324615,0.22795791923999786,,,,,
realmlp,all,191,0.06882082758580937,0.5353955030441284,0.5959545373916626,0.14230048656463623,0.3342096507549286,0.07549228793119683,0.044476399088607114,0.7228080630302429,0.0,
realmlp,kpx_group_1,191,0.0700589686851291,0.5331111550331116,0.6032503247261047,0.13050706684589386,0.33700767159461975,,,,,
realmlp,kpx_group_2,191,0.06758263701682582,0.4593183696269989,0.6463480591773987,0.14858242869377136,0.4412785768508911,,,,,
realmlp,kpx_group_3,191,0.06882087952073883,0.6137570738792419,0.5382653474807739,0.14781196415424347,0.22434265911579132,,,,,
realmlp,all,192,0.06781912978519411,0.5355203747749329,0.5958957076072693,0.14237408339977264,0.33416542410850525,0.07434609959668972,0.0435131345053806,0.727348804473877,0.0,
realmlp,kpx_group_1,192,0.06873895978445516,0.5335994362831116,0.6026768684387207,0.13077199459075928,0.3361257016658783,,,,,
realmlp,kpx_group_2,192,0.06671020114684806,0.4598335325717926,0.6459356546401978,0.14871858060359955,0.440589964389801,,,,,
realmlp,kpx_group_3,192,0.06800822721903815,0.6131282448768616,0.5390744209289551,0.1476317197084427,0.22578054666519165,,,,,
realmlp,all,193,0.06720469020964469,0.5359368920326233,0.5956304669380188,0.14240558445453644,0.3336665630340576,0.07359361977261655,0.04259285681387957,0.731684684753418,0.0,
realmlp,kpx_group_1,193,0.0678889542708502,0.5348964929580688,0.6021572351455688,0.13080242276191711,0.3351168632507324,,,,,
realmlp,kpx_group_2,193,0.06605654724818819,0.4594484865665436,0.645978569984436,0.14871186017990112,0.4406689703464508,,,,,
realmlp,kpx_group_3,193,0.06766856396022965,0.6134659051895142,0.5387556552886963,0.14770251512527466,0.22521385550498962,,,,,
realmlp,all,194,0.06661835252581273,0.5362340211868286,0.5953702926635742,0.14254730939865112,0.33328789472579956,0.07289142923100907,0.04182050508611342,0.7347452044487,0.0,
realmlp,kpx_group_1,194,0.06742174917941585,0.5361183285713196,0.6006466746330261,0.13099566102027893,0.3322889506816864,,,,,
realmlp,kpx_group_2,194,0.06558799184858799,0.4588831663131714,0.6463866233825684,0.14879953861236572,0.44157275557518005,,,,,
realmlp,kpx_group_3,194,0.0668453093727722,0.6137006878852844,0.5390775799751282,0.14784671366214752,0.22600190341472626,,,,,
realmlp,all,195,0.06625358946621418,0.5360884666442871,0.595366895198822,0.14251478016376495,0.3332485854625702,0.07242792149019592,0.04116221068098264,0.7370092868804932,0.0,
realmlp,kpx_group_1,195,0.06674298879635684,0.5348618626594543,0.6008796095848083,0.13092420995235443,0.3326834440231323,,,,,
realmlp,kpx_group_2,195,0.06511078605099636,0.4596042037010193,0.6465030312538147,0.1487635374069214,0.44176962971687317,,,,,
realmlp,kpx_group_3,195,0.0669069887851091,0.6137992739677429,0.538718044757843,0.14785660803318024,0.2252926528453827,,,,,
realmlp,all,196,0.06590657582616105,0.5365117788314819,0.5952792167663574,0.14254792034626007,0.3331063687801361,0.07202654058004127,0.04079976439585581,0.7390504479408264,0.0,
realmlp,kpx_group_1,196,0.06620271306704073,0.5363561511039734,0.6004390120506287,0.13109761476516724,0.33197563886642456,,,,,
realmlp,kpx_group_2,196,0.06471773867002305,0.45942452549934387,0.646094024181366,0.14873075485229492,0.44091883301734924,,,,,
realmlp,kpx_group_3,196,0.06679926703081411,0.6137546896934509,0.5393046736717224,0.14781542122364044,0.22642473876476288,,,,,
realmlp,all,197,0.06549359354026177,0.5361687541007996,0.5954434871673584,0.14258606731891632,0.33347299695014954,0.07155643556924428,0.04041894486940959,0.7400648593902588,0.0,
realmlp,kpx_group_1,197,0.06596350248026497,0.5354251861572266,0.6009733080863953,0.1310023069381714,0.3329489529132843,,,,,
realmlp,kpx_group_2,197,0.06447600869133192,0.4592200815677643,0.6460955142974854,0.1488543301820755,0.441045343875885,,,,,
realmlp,kpx_group_3,197,0.06604126851786585,0.6138610243797302,0.5392615795135498,0.14790156483650208,0.22642473876476288,,,,,
realmlp,all,198,0.0654118160771973,0.5363762974739075,0.5954055786132812,0.14258278906345367,0.333393931388855,0.07143336594762172,0.04014366054359604,0.7407928109169006,0.0,
realmlp,kpx_group_1,198,0.06584959909977282,0.5357314348220825,0.6007319688796997,0.13103923201560974,0.33250313997268677,,,,,
realmlp,kpx_group_2,198,0.0644283424515058,0.4594919681549072,0.6458665132522583,0.1488022655248642,0.4405352473258972,,,,,
realmlp,kpx_group_3,198,0.0659575066255296,0.6139054894447327,0.5396183133125305,0.14790689945220947,0.2271435409784317,,,,,
realmlp,all,199,0.06536082857671906,0.536400318145752,0.5952482223510742,0.14260618388652802,0.3331025540828705,0.07137132041594561,0.0400699455948437,0.7411615252494812,0.0,
realmlp,kpx_group_1,199,0.06563965998151723,0.5358829498291016,0.6002386808395386,0.13107022643089294,0.3315475583076477,,,,,
realmlp,kpx_group_2,199,0.06432960116687943,0.45940786600112915,0.6458524465560913,0.1488303542137146,0.4405352473258972,,,,,
realmlp,kpx_group_3,199,0.06611323362106786,0.6139101386070251,0.539653480052948,0.1479179859161377,0.2272249013185501,,,,,
realmlp,all,200,0.06523707393995103,0.5364119410514832,0.5952531695365906,0.14260569214820862,0.333111971616745,0.07123181897708598,0.03996497014647021,0.741219699382782,0.0,
realmlp,kpx_group_1,200,0.06550226760480334,0.535925567150116,0.6005567908287048,0.13107427954673767,0.3321879208087921,,,,,
realmlp,kpx_group_2,200,0.0641297698020935,0.4594266414642334,0.6458520889282227,0.14883098006248474,0.4405352473258972,,,,,
realmlp,kpx_group_3,200,0.06607917663367356,0.6138836741447449,0.5393505096435547,0.14791180193424225,0.22661276161670685,,,,,
