model,target,step,train_loss,validation_loss,validation_score,validation_nmae,validation_ficr,training_objective_loss,activity_train_loss,activity_validation_loss,boundary_consistency_train_loss,boundary_consistency_validation_loss
realmlp,all,1,1.0087690791663002,0.6867020726203918,0.4987676441669464,0.2467980831861496,0.2443334311246872,1.138260972850463,0.8632793338859782,0.5525531768798828,0.0,
realmlp,kpx_group_1,1,1.022427489652353,0.6776123642921448,0.5052645802497864,0.22248128056526184,0.2330104261636734,,,,,
realmlp,kpx_group_2,1,0.9923766860190559,0.6462746262550354,0.5127973556518555,0.2135666459798813,0.23916135728359222,,,,,
realmlp,kpx_group_3,1,1.0115030390374802,0.736219048500061,0.47824105620384216,0.3043462932109833,0.26082843542099,,,,,
realmlp,all,2,0.9521135363508674,0.7228779792785645,0.4507273733615875,0.27581703662872314,0.1772717833518982,1.037733610938577,0.5708004139802035,0.4223366975784302,0.0,
realmlp,kpx_group_1,2,0.9646161540466196,0.646112859249115,0.507584810256958,0.19695599377155304,0.21212564408779144,,,,,
realmlp,kpx_group_2,2,0.9154942456413718,0.6740897297859192,0.5335778594017029,0.2207813709974289,0.28793707489967346,,,,,
realmlp,kpx_group_3,2,0.976230221636155,0.8484312295913696,0.3110194802284241,0.4097136855125427,0.031752657145261765,,,,,
realmlp,all,3,0.9304312616586685,0.7193136811256409,0.4347743093967438,0.2579496204853058,0.12749828398227692,0.9994912226410473,0.46039967063595266,0.40093231201171875,0.0,
realmlp,kpx_group_1,3,0.9465793932185453,0.7740052342414856,0.37275633215904236,0.3323509991168976,0.07786364108324051,,,,,
realmlp,kpx_group_2,3,0.9022757244460723,0.7017892599105835,0.4590003490447998,0.22044506669044495,0.13844573497772217,,,,,
realmlp,kpx_group_3,3,0.9424386927310158,0.6821465492248535,0.4725663363933563,0.2210528403520584,0.16618548333644867,,,,,
realmlp,all,4,0.9053121989264208,0.6620715260505676,0.5078479647636414,0.24101316928863525,0.25670915842056274,0.9695802234551486,0.428453530458843,0.38003459572792053,0.0,
realmlp,kpx_group_1,4,0.9110879801652011,0.5780235528945923,0.6035669445991516,0.18866463005542755,0.3957985043525696,,,,,
realmlp,kpx_group_2,4,0.8757441929158043,0.6380783319473267,0.5355560183525085,0.22872433066368103,0.2998363971710205,,,,,
realmlp,kpx_group_3,4,0.9291044272044126,0.7701127529144287,0.3844210207462311,0.30565062165260315,0.07449263334274292,,,,,
realmlp,all,5,0.8803056180477142,0.6187978386878967,0.5256912112236023,0.19356177747249603,0.24494417011737823,0.9409771324957118,0.40447673376868754,0.39630845189094543,0.0,
realmlp,kpx_group_1,5,0.8884088186656728,0.5936501622200012,0.5432007312774658,0.18424329161643982,0.2706448435783386,,,,,
realmlp,kpx_group_2,5,0.8421254009008408,0.6371479034423828,0.5103502869606018,0.19488264620304108,0.2155831903219223,,,,,
realmlp,kpx_group_3,5,0.9103826372062459,0.6255955100059509,0.5235225558280945,0.20155936479568481,0.24860446155071259,,,,,
realmlp,all,6,0.8242197422420278,0.6505764126777649,0.5014327168464661,0.19339728355407715,0.1962626725435257,0.8815940671107348,0.38249551461023445,0.4090712368488312,0.0,
realmlp,kpx_group_1,6,0.8243967811850941,0.6292803883552551,0.5220040678977966,0.1721959412097931,0.21620403230190277,,,,,
realmlp,kpx_group_2,6,0.800258655758465,0.656844973564148,0.49999910593032837,0.18954962491989136,0.1895478069782257,,,,,
realmlp,kpx_group_3,6,0.8480037775109796,0.6656038761138916,0.4822949469089508,0.21844631433486938,0.1830361932516098,,,,,
realmlp,all,7,0.7756863245192696,0.6149353981018066,0.5269173979759216,0.18867067992687225,0.24250555038452148,0.8300435972564361,0.36238186543478684,0.3903379440307617,0.0,
realmlp,kpx_group_1,7,0.7839484346263549,0.6167941093444824,0.5311551094055176,0.17693708837032318,0.23924726247787476,,,,,
realmlp,kpx_group_2,7,0.7361623381867128,0.5633887052536011,0.5651277303695679,0.17597144842147827,0.3062268793582916,,,,,
realmlp,kpx_group_3,7,0.80694820951013,0.6646233201026917,0.48446953296661377,0.21310345828533173,0.18204255402088165,,,,,
realmlp,all,8,0.721778987961657,0.56703120470047,0.5586612224578857,0.1880950927734375,0.305417537689209,0.7744885726886637,0.35139722683850455,0.39945945143699646,0.0,
realmlp,kpx_group_1,8,0.7227022849461612,0.5676436424255371,0.5707651376724243,0.1500377357006073,0.29156798124313354,,,,,
realmlp,kpx_group_2,8,0.6869726882261389,0.4975743293762207,0.6035135388374329,0.19371305406093597,0.4007401764392853,,,,,
realmlp,kpx_group_3,8,0.7556619819472817,0.6358757615089417,0.5017049312591553,0.2205345183610916,0.22394438087940216,,,,,
realmlp,all,9,0.680640277617118,0.5484251976013184,0.581514835357666,0.15884506702423096,0.3218747079372406,0.7310302169883952,0.3359328863375327,0.4006931781768799,0.0,
realmlp,kpx_group_1,9,0.6766350365736905,0.5326148867607117,0.600246787071228,0.13440115749835968,0.33489465713500977,,,,,
realmlp,kpx_group_2,9,0.652096729944734,0.4949174225330353,0.6101002097129822,0.1758643537759781,0.39606478810310364,,,,,
realmlp,kpx_group_3,9,0.7131890593206182,0.6177432537078857,0.5341975092887878,0.1662696748971939,0.234664648771286,,,,,
realmlp,all,10,0.6456844315809362,0.532413899898529,0.5909971594810486,0.16994911432266235,0.3519434630870819,0.6946641145383611,0.32653123359469804,0.42382967472076416,0.0,
realmlp,kpx_group_1,10,0.6451723698307487,0.6197033524513245,0.5382803678512573,0.14640338718891144,0.2229640632867813,,,,,
realmlp,kpx_group_2,10,0.6125089938149733,0.4701252281665802,0.6350835561752319,0.16955268383026123,0.4397198557853699,,,,,
realmlp,kpx_group_3,10,0.679371937232859,0.5074132084846497,0.5996275544166565,0.1938912719488144,0.3931463956832886,,,,,
realmlp,all,11,0.6171917626086403,0.5350396037101746,0.5949937701225281,0.1476358324289322,0.33762332797050476,0.665161990944077,0.3198015198988073,0.40015313029289246,0.0,
realmlp,kpx_group_1,11,0.6215092224233291,0.5512839555740356,0.5895885825157166,0.13281674683094025,0.31199386715888977,,,,,
realmlp,kpx_group_2,11,0.5865301665137795,0.45395344495773315,0.646686851978302,0.1606145054101944,0.4539881646633148,,,,,
realmlp,kpx_group_3,11,0.6435358734691844,0.5998813509941101,0.5487058162689209,0.14947624504566193,0.24688786268234253,,,,,
realmlp,all,12,0.5968083572738311,0.5303003787994385,0.5983929634094238,0.14606355130672455,0.342849463224411,0.6437630092396456,0.31303093450910907,0.4163137972354889,0.0,
realmlp,kpx_group_1,12,0.6002283411867478,0.5419046878814697,0.597594141960144,0.13138894736766815,0.32657724618911743,,,,,
realmlp,kpx_group_2,12,0.5680462419986725,0.45764145255088806,0.6421444416046143,0.15994787216186523,0.44423672556877136,,,,,
realmlp,kpx_group_3,12,0.6221504877595341,0.59135502576828,0.5554403066635132,0.14685383439064026,0.25773441791534424,,,,,
realmlp,all,13,0.5878343941534266,0.5184716582298279,0.6049939393997192,0.14670027792453766,0.35668811202049255,0.6344990151769975,0.3110974562518737,0.41109541058540344,0.0,
realmlp,kpx_group_1,13,0.5943191638764214,0.5241624712944031,0.607759952545166,0.12988165020942688,0.3454015552997589,,,,,
realmlp,kpx_group_2,13,0.5602010120363796,0.45251786708831787,0.645199716091156,0.1610807478427887,0.4514801800251007,,,,,
realmlp,kpx_group_3,13,0.6089830170659458,0.5787345767021179,0.5620220899581909,0.1491384506225586,0.2731826603412628,,,,,
realmlp,all,14,0.5856628488091862,0.5211166143417358,0.6037304401397705,0.14659981429576874,0.3540606200695038,0.6321293615243014,0.30977674924275456,0.410501629114151,0.0,
realmlp,kpx_group_1,14,0.5922720642650828,0.531782329082489,0.6037002801895142,0.12987974286079407,0.3372803032398224,,,,,
realmlp,kpx_group_2,14,0.5583656123455834,0.45168688893318176,0.6468446850776672,0.16155539453029633,0.4552447497844696,,,,,
realmlp,kpx_group_3,14,0.6063508689403534,0.5798805952072144,0.5606461763381958,0.14836432039737701,0.2696567177772522,,,,,
realmlp,all,15,0.5858230389216367,0.520598828792572,0.6055271625518799,0.1471746563911438,0.3582289516925812,0.6324240591596154,0.31067340032142754,0.4115722179412842,0.0,
realmlp,kpx_group_1,15,0.5927324733313393,0.5191336274147034,0.6113282442092896,0.12977422773838043,0.35243064165115356,,,,,
realmlp,kpx_group_2,15,0.5589663868441301,0.45190051198005676,0.6492044925689697,0.1655796766281128,0.46398860216140747,,,,,
realmlp,kpx_group_3,15,0.6057702793794519,0.5907622575759888,0.5560488700866699,0.14617009460926056,0.25826776027679443,,,,,
realmlp,all,16,0.5871456642361248,0.5176830887794495,0.6070459485054016,0.14581961929798126,0.3599114716053009,0.6338590111802606,0.31142230419551625,0.4051876962184906,0.0,
realmlp,kpx_group_1,16,0.5908453122657888,0.5167704224586487,0.6147425174713135,0.12821725010871887,0.35770219564437866,,,,,
realmlp,kpx_group_2,16,0.5591284010340186,0.44858118891716003,0.6482943892478943,0.164874866604805,0.4614636301994324,,,,,
realmlp,kpx_group_3,16,0.6114632811616448,0.5876976251602173,0.5581009387969971,0.14436674118041992,0.26056861877441406,,,,,
realmlp,all,17,0.5903768819921157,0.5187994837760925,0.6049931049346924,0.14743049442768097,0.35741671919822693,0.6372430666404612,0.3124411991413902,0.41565272212028503,0.0,
realmlp,kpx_group_1,17,0.5985133586560979,0.5147571563720703,0.6137151718139648,0.12977036833763123,0.3572008013725281,,,,,
realmlp,kpx_group_2,17,0.5596317885553136,0.45919620990753174,0.6420139074325562,0.1605270802974701,0.44455498456954956,,,,,
realmlp,kpx_group_3,17,0.6129855005180135,0.582444965839386,0.5592501163482666,0.15199404954910278,0.27049434185028076,,,,,
realmlp,all,18,0.5971499216907165,0.5108197331428528,0.6095419526100159,0.15844178199768066,0.3775257170200348,0.6440227505038766,0.3124855248367085,0.42441287636756897,0.0,
realmlp,kpx_group_1,18,0.6022117488524493,0.43978726863861084,0.6662878394126892,0.141023650765419,0.47359928488731384,,,,,
realmlp,kpx_group_2,18,0.5637470106868183,0.48966655135154724,0.6133741140365601,0.18707925081253052,0.41382741928100586,,,,,
realmlp,kpx_group_3,18,0.6254910107921151,0.6030054092407227,0.5489640831947327,0.14722244441509247,0.245150625705719,,,,,
realmlp,all,19,0.60770503913655,0.5374320149421692,0.5936950445175171,0.150140181183815,0.3375302851200104,0.6552431557108375,0.31692080857122645,0.39766034483909607,0.0,
realmlp,kpx_group_1,19,0.6105242187485975,0.5483288764953613,0.5891388058662415,0.13681495189666748,0.3150925636291504,,,,,
realmlp,kpx_group_2,19,0.5710960556479061,0.45130300521850586,0.6494455337524414,0.1623675376176834,0.4612586498260498,,,,,
realmlp,kpx_group_3,19,0.6414948237292907,0.6126642823219299,0.5425007939338684,0.15123803913593292,0.23623965680599213,,,,,
realmlp,all,20,0.6082826879094628,0.5514591336250305,0.5801242589950562,0.15412156283855438,0.3143700659275055,0.6560062766075134,0.31815721664358587,0.3944227397441864,0.0,
realmlp,kpx_group_1,20,0.610526837846812,0.5869812369346619,0.5606023073196411,0.13426221907138824,0.2554667592048645,,,,,
realmlp,kpx_group_2,20,0.5666764886940227,0.4514506161212921,0.6447659730911255,0.16929160058498383,0.458823561668396,,,,,
realmlp,kpx_group_3,20,0.6476447477060205,0.6159455180168152,0.5350044965744019,0.15881085395812988,0.2288198322057724,,,,,
realmlp,all,21,0.5990731418132782,0.5313836932182312,0.5996192693710327,0.14302651584148407,0.3422650396823883,0.6471249101793065,0.32034511162954216,0.4061940610408783,0.0,
realmlp,kpx_group_1,21,0.6013934463262558,0.548760712146759,0.5894759893417358,0.1294022798538208,0.3083542287349701,,,,,
realmlp,kpx_group_2,21,0.5606793621007133,0.45292186737060547,0.6533424258232117,0.1513344645500183,0.45801931619644165,,,,,
realmlp,kpx_group_3,21,0.6351466126301709,0.5924685597419739,0.5560394525527954,0.14834272861480713,0.26042166352272034,,,,,
realmlp,all,22,0.5918204188346863,0.5717134475708008,0.5687723755836487,0.15182338654994965,0.2893681228160858,0.6402659056817784,0.3229699034024687,0.38560113310813904,0.0,
realmlp,kpx_group_1,22,0.5937797523596707,0.6241680383682251,0.5372242331504822,0.14569194614887238,0.22014041244983673,,,,,
realmlp,kpx_group_2,22,0.5549550196703743,0.49917805194854736,0.6168562173843384,0.15554466843605042,0.3892570436000824,,,,,
realmlp,kpx_group_3,22,0.6267265055109473,0.5917942523956299,0.5522366762161255,0.15423354506492615,0.25870686769485474,,,,,
realmlp,all,23,0.5869336066877141,0.552814245223999,0.5805354714393616,0.15446966886520386,0.3155406415462494,0.6344950882827535,0.31707650861319375,0.40501222014427185,0.0,
realmlp,kpx_group_1,23,0.5913644178825266,0.599899411201477,0.5495295524597168,0.14344850182533264,0.24250756204128265,,,,,
realmlp,kpx_group_2,23,0.5447608828544617,0.4665064811706543,0.6331484913825989,0.17448630928993225,0.44078323245048523,,,,,
realmlp,kpx_group_3,23,0.624675519326154,0.5920369625091553,0.5589285492897034,0.14547418057918549,0.26333126425743103,,,,,
realmlp,all,24,0.5770231231170542,0.5385576486587524,0.5915822982788086,0.15164516866207123,0.3348097801208496,0.6241780598373974,0.314366254298126,0.4137899577617645,0.0,
realmlp,kpx_group_1,24,0.5794635783223545,0.5762585997581482,0.5721572041511536,0.13351166248321533,0.27782610058784485,,,,,
realmlp,kpx_group_2,24,0.5314576599527808,0.45518410205841064,0.6422233581542969,0.1741636097431183,0.4586103558540344,,,,,
realmlp,kpx_group_3,24,0.6201481205575606,0.5842301845550537,0.5603662729263306,0.14726024866104126,0.26799285411834717,,,,,
realmlp,all,25,0.5663311770733666,0.5058740973472595,0.6158918738365173,0.14790499210357666,0.3796887695789337,0.6133030249791986,0.31314561822835135,0.39502695202827454,0.0,
realmlp,kpx_group_1,25,0.5665973074295941,0.4679833650588989,0.6453397870063782,0.13177862763404846,0.4224582016468048,,,,,
realmlp,kpx_group_2,25,0.5216044910690364,0.4480869174003601,0.6508674025535583,0.1628216803073883,0.464556485414505,,,,,
realmlp,kpx_group_3,25,0.6107917217647328,0.6015519499778748,0.5514684915542603,0.14911462366580963,0.25205156207084656,,,,,
realmlp,all,26,0.5584799200296402,0.5132179856300354,0.6104119420051575,0.1420540064573288,0.3628779351711273,0.6054822820074418,0.31334904712789197,0.40794679522514343,0.0,
realmlp,kpx_group_1,26,0.5574389029951656,0.5243093967437744,0.6058913469314575,0.12670022249221802,0.33848294615745544,,,,,
realmlp,kpx_group_2,26,0.5168227820711977,0.44686466455459595,0.6527142524719238,0.15474626421928406,0.4601748287677765,,,,,
realmlp,kpx_group_3,26,0.6011780947446823,0.5684798955917358,0.5726302266120911,0.1447155624628067,0.28997600078582764,,,,,
realmlp,all,27,0.5477790771161809,0.5009012222290039,0.6158645749092102,0.14763519167900085,0.37936434149742126,0.5938602361608954,0.30720772594213486,0.4049356281757355,0.0,
realmlp,kpx_group_1,27,0.5559434207046733,0.4912014305591583,0.6287739276885986,0.1267724633216858,0.3843202590942383,,,,,
realmlp,kpx_group_2,27,0.5093736127018929,0.45148953795433044,0.6425470113754272,0.1729240119457245,0.45801812410354614,,,,,
realmlp,kpx_group_3,27,0.578020205392557,0.560012698173523,0.5762727856636047,0.1432090848684311,0.29575470089912415,,,,,
realmlp,all,28,0.5387536059407627,0.46064862608909607,0.6441286206245422,0.15489651262760162,0.4431537687778473,0.5844377068912282,0.3045606363345595,0.3990537226200104,0.0,
realmlp,kpx_group_1,28,0.5412595403545043,0.430245578289032,0.6747359037399292,0.1262013167142868,0.47567319869995117,,,,,
realmlp,kpx_group_2,28,0.49655819158343706,0.4506898820400238,0.6472396850585938,0.1685854196548462,0.4630647599697113,,,,,
realmlp,kpx_group_3,28,0.5784430845695383,0.5010103583335876,0.6104103326797485,0.16990281641483307,0.39072340726852417,,,,,
realmlp,all,29,0.5338351402212592,0.48111268877983093,0.6316879391670227,0.14732569456100464,0.4107015132904053,0.5789967380902347,0.30107730583232994,0.4201923608779907,0.0,
realmlp,kpx_group_1,29,0.537900414536981,0.44203272461891174,0.6657232046127319,0.1276172697544098,0.45906367897987366,,,,,
realmlp,kpx_group_2,29,0.494665685821982,0.44461309909820557,0.6535131931304932,0.16408495604991913,0.4711112976074219,,,,,
realmlp,kpx_group_3,29,0.5689393194282756,0.5566922426223755,0.5758273601531982,0.15027490258216858,0.3019295632839203,,,,,
realmlp,all,30,0.5258992621127296,0.47622355818748474,0.6338617205619812,0.1492443084716797,0.4169677197933197,0.5708328012157889,0.2995568960905075,0.3955106735229492,0.0,
realmlp,kpx_group_1,30,0.5312431016389061,0.4503132104873657,0.6579959392547607,0.12806198000907898,0.44405385851860046,,,,,
realmlp,kpx_group_2,30,0.4855344006243874,0.4495949149131775,0.6471913456916809,0.16851752996444702,0.46290022134780884,,,,,
realmlp,kpx_group_3,30,0.5609202989760567,0.5287626385688782,0.5963977575302124,0.15115341544151306,0.34394896030426025,,,,,
realmlp,all,31,0.5175157829242594,0.47137102484703064,0.6379753947257996,0.14672814309597015,0.42267894744873047,0.5617864727973938,0.2951379146646051,0.4052322804927826,0.0,
realmlp,kpx_group_1,31,0.5213853664257947,0.46562835574150085,0.647646427154541,0.12452515214681625,0.4198179543018341,,,,,
realmlp,kpx_group_2,31,0.4751970969578799,0.4494822323322296,0.6469507813453674,0.17039981484413147,0.46430134773254395,,,,,
realmlp,kpx_group_3,31,0.5559648862656426,0.49900248646736145,0.619329035282135,0.14525942504405975,0.38391751050949097,,,,,
realmlp,all,32,0.5127618185737554,0.4882107675075531,0.6268585324287415,0.14828617870807648,0.4020031988620758,0.5566113407120985,0.29233015986049876,0.40113767981529236,0.0,
realmlp,kpx_group_1,32,0.518741200951969,0.47996610403060913,0.6413056254386902,0.12612763047218323,0.4087388515472412,,,,,
realmlp,kpx_group_2,32,0.4738580921993536,0.4463230073451996,0.6490116119384766,0.16875484585762024,0.46677806973457336,,,,,
realmlp,kpx_group_3,32,0.5456861546810936,0.5383431315422058,0.5902583599090576,0.14997602999210358,0.33049267530441284,,,,,
realmlp,all,33,0.5058474067379447,0.471535325050354,0.6382163166999817,0.1445443481206894,0.4209768772125244,0.5493179130203584,0.2898033471668468,0.3893137276172638,0.0,
realmlp,kpx_group_1,33,0.5071207048261867,0.4422048032283783,0.6656379699707031,0.12551811337471008,0.45679402351379395,,,,,
realmlp,kpx_group_2,33,0.4659019200240864,0.4418301582336426,0.6538496017456055,0.16518501937389374,0.4728842079639435,,,,,
realmlp,kpx_group_3,33,0.5445195870364413,0.5305709838867188,0.5951612591743469,0.14292988181114197,0.3332524597644806,,,,,
realmlp,all,34,0.4984352071495617,0.4827449321746826,0.6325691342353821,0.14111407101154327,0.406252384185791,0.5414828982423333,0.2869846557869631,0.3958014249801636,0.0,
realmlp,kpx_group_1,34,0.5020460613510188,0.47357338666915894,0.6448158025741577,0.12140960991382599,0.4110412299633026,,,,,
realmlp,kpx_group_2,34,0.460771851679858,0.43837523460388184,0.6582427024841309,0.16156481206417084,0.47805020213127136,,,,,
realmlp,kpx_group_3,34,0.532487706226461,0.5362861752510071,0.594649076461792,0.140367791056633,0.3296658992767334,,,,,
realmlp,all,35,0.4909633840708172,0.470201700925827,0.6402305960655212,0.14392824470996857,0.42438939213752747,0.5336718085934135,0.28472281554166007,0.3971434533596039,0.0,
realmlp,kpx_group_1,35,0.49565304728115306,0.43732750415802,0.6725062131881714,0.1239033192396164,0.46891579031944275,,,,,
realmlp,kpx_group_2,35,0.4533435136956327,0.4441836178302765,0.6511235237121582,0.16736331582069397,0.4696103632450104,,,,,
realmlp,kpx_group_3,35,0.5238935890443185,0.529093861579895,0.5970619320869446,0.14051814377307892,0.3346420228481293,,,,,
realmlp,all,36,0.48820947855710983,0.4646904170513153,0.6435117125511169,0.14582335948944092,0.43284669518470764,0.5306317131308949,0.2828148958437583,0.4042781889438629,0.0,
realmlp,kpx_group_1,36,0.49014605932375965,0.4433211088180542,0.6662290692329407,0.12332276999950409,0.455780953168869,,,,,
realmlp,kpx_group_2,36,0.4506731059621362,0.44393494725227356,0.6523797512054443,0.1679830551147461,0.47274249792099,,,,,
realmlp,kpx_group_3,36,0.523809255046003,0.5068150758743286,0.6119261980056763,0.14616423845291138,0.3700166940689087,,,,,
realmlp,all,37,0.48385002727017684,0.4624464511871338,0.6454620957374573,0.1442030519247055,0.43512722849845886,0.5259719420881832,0.2808128012453808,0.40205278992652893,0.0,
realmlp,kpx_group_1,37,0.49024877478094664,0.4399014711380005,0.6680269837379456,0.12412365525960922,0.46017760038375854,,,,,
realmlp,kpx_group_2,37,0.44493555672028484,0.44198012351989746,0.6530086994171143,0.16578881442546844,0.47180619835853577,,,,,
realmlp,kpx_group_3,37,0.5163657380377545,0.5054576992988586,0.615350604057312,0.14269666373729706,0.37339791655540466,,,,,
realmlp,all,38,0.4785401093609193,0.46053269505500793,0.6466091275215149,0.14621302485466003,0.4394312798976898,0.5204925835132599,0.27968315451460724,0.3993929326534271,0.0,
realmlp,kpx_group_1,38,0.48476098039570975,0.4413330554962158,0.6677380800247192,0.12389971315860748,0.45937579870224,,,,,
realmlp,kpx_group_2,38,0.44169241540572224,0.4450885057449341,0.649237334728241,0.16843082010746002,0.46690550446510315,,,,,
realmlp,kpx_group_3,38,0.5091669449911398,0.4951765835285187,0.6228519678115845,0.1463085263967514,0.39201250672340393,,,,,
realmlp,all,39,0.4780888154226191,0.461203932762146,0.6460174322128296,0.14547215402126312,0.4375070035457611,0.5199788173331934,0.2792666760437629,0.3961573541164398,0.0,
realmlp,kpx_group_1,39,0.48465760841089134,0.44614285230636597,0.6641362905502319,0.12345929443836212,0.45173192024230957,,,,,
realmlp,kpx_group_2,39,0.44196220005259795,0.44455477595329285,0.649477481842041,0.1678144633769989,0.46676939725875854,,,,,
realmlp,kpx_group_3,39,0.5076466439401403,0.49291419982910156,0.624438464641571,0.14514271914958954,0.3940196931362152,,,,,
realmlp,all,40,0.4760877161341555,0.46163761615753174,0.6460153460502625,0.14548246562480927,0.4375131130218506,0.5179744617027395,0.2792449562865145,0.3961500823497772,0.0,
realmlp,kpx_group_1,40,0.4807637846645187,0.44556641578674316,0.6650800704956055,0.12369374185800552,0.453853964805603,,,,,
realmlp,kpx_group_2,40,0.44145723563783307,0.4446328580379486,0.6496434211730957,0.16786926984786987,0.46715614199638367,,,,,
realmlp,kpx_group_3,40,0.5060421425630065,0.49471357464790344,0.6233224868774414,0.14488433301448822,0.39152926206588745,,,,,
realmlp,all,41,0.477107394267531,0.46175098419189453,0.6458785533905029,0.14547693729400635,0.4372340738773346,0.5189222228877685,0.2787655232583775,0.3962150514125824,0.0,
realmlp,kpx_group_1,41,0.4822101842831163,0.4452824294567108,0.6649266481399536,0.12363079935312271,0.45348405838012695,,,,,
realmlp,kpx_group_2,41,0.44060107627335715,0.44512271881103516,0.6494392156600952,0.16809140145778656,0.46696987748146057,,,,,
realmlp,kpx_group_3,41,0.508510922684389,0.49484774470329285,0.62326979637146,0.14470866322517395,0.3912481963634491,,,,,
realmlp,all,42,0.47687312390874415,0.46318793296813965,0.6441226005554199,0.14472612738609314,0.43297138810157776,0.5186927108203664,0.2787972636082593,0.39552760124206543,0.0,
realmlp,kpx_group_1,42,0.48318373324239955,0.4452911913394928,0.6625442504882812,0.12384365499019623,0.44893211126327515,,,,,
realmlp,kpx_group_2,42,0.4399565388174618,0.4442424476146698,0.6501949429512024,0.16724064946174622,0.467630535364151,,,,,
realmlp,kpx_group_3,42,0.5074790869565571,0.5000301599502563,0.6196287274360657,0.14309409260749817,0.38235148787498474,,,,,
realmlp,all,43,0.47722433989538865,0.46526145935058594,0.6425606608390808,0.14446252584457397,0.42958375811576843,0.5191428678877213,0.27945684816907435,0.3968871831893921,0.0,
realmlp,kpx_group_1,43,0.4836164861917496,0.4486384987831116,0.6618342399597168,0.12329874187707901,0.4469672441482544,,,,,
realmlp,kpx_group_2,43,0.44010788158458825,0.44456514716148376,0.6503874659538269,0.16768567264080048,0.4684606194496155,,,,,
realmlp,kpx_group_3,43,0.5079486562925226,0.5025807023048401,0.6154600381851196,0.14240318536758423,0.3733232915401459,,,,,
realmlp,all,44,0.47875495211166497,0.4580378830432892,0.6486351490020752,0.14640779793262482,0.4436780512332916,0.5206166996675379,0.27907826269374175,0.3930603563785553,0.0,
realmlp,kpx_group_1,44,0.4838603436946869,0.44235602021217346,0.6673375368118286,0.12324478477239609,0.45791977643966675,,,,,
realmlp,kpx_group_2,44,0.4421823278946035,0.4490334987640381,0.6460108160972595,0.17048802971839905,0.4625096619129181,,,,,
realmlp,kpx_group_3,44,0.5102221873753211,0.48272407054901123,0.632557213306427,0.14549054205417633,0.41060492396354675,,,,,
realmlp,all,45,0.48099492884734096,0.4582441747188568,0.6473546624183655,0.14463458955287933,0.43934401869773865,0.5229765816646463,0.2798776609056136,0.3926590383052826,0.0,
realmlp,kpx_group_1,45,0.48692936274935217,0.4334525167942047,0.6696540713310242,0.12359366565942764,0.46290186047554016,,,,,
realmlp,kpx_group_2,45,0.4441726532052545,0.447857141494751,0.6483703851699829,0.16785015165805817,0.46459096670150757,,,,,
realmlp,kpx_group_3,45,0.5118827653281829,0.49342280626296997,0.6240396499633789,0.14245997369289398,0.3905392289161682,,,,,
realmlp,all,46,0.48180806855945024,0.47170186042785645,0.6377424597740173,0.14576154947280884,0.42124655842781067,0.5238674230435315,0.2803957107312539,0.3875957727432251,0.0,
realmlp,kpx_group_1,46,0.4876600192750202,0.46810421347618103,0.6448380351066589,0.12415091693401337,0.41382700204849243,,,,,
realmlp,kpx_group_2,46,0.4442906217540012,0.4430272579193115,0.6541122794151306,0.16701273620128632,0.47523730993270874,,,,,
realmlp,kpx_group_3,46,0.5134735681554851,0.5039740800857544,0.6142772436141968,0.14612098038196564,0.3746754229068756,,,,,
realmlp,all,47,0.48427177439717684,0.4670160710811615,0.6430777907371521,0.143061563372612,0.42921721935272217,0.526480445967001,0.28139112626805024,0.3916502296924591,0.0,
realmlp,kpx_group_1,47,0.4894503372557023,0.4423540532588959,0.6669641137123108,0.1245155930519104,0.45844385027885437,,,,,
realmlp,kpx_group_2,47,0.44582757835879044,0.43951696157455444,0.655773401260376,0.16378523409366608,0.47533202171325684,,,,,
realmlp,kpx_group_3,47,0.5175374093301156,0.5191771984100342,0.6064959168434143,0.14088386297225952,0.3538757264614105,,,,,
realmlp,all,48,0.4863335503374829,0.453821063041687,0.6520641446113586,0.14434461295604706,0.4484729766845703,0.5284297632820466,0.2806413949412458,0.37808957695961,0.0,
realmlp,kpx_group_1,48,0.49112750808982286,0.43620774149894714,0.6726062297821045,0.1232093796133995,0.4684218466281891,,,,,
realmlp,kpx_group_2,48,0.44968770049950657,0.442903995513916,0.6520929336547852,0.1654355376958847,0.469621479511261,,,,,
realmlp,kpx_group_3,48,0.5181854446144665,0.48235151171684265,0.6314932703971863,0.14438889920711517,0.4073754847049713,,,,,
realmlp,all,49,0.48867430669419903,0.48534178733825684,0.6282587647438049,0.14472879469394684,0.4012462794780731,0.531272762838532,0.28398970821324515,0.3936503827571869,0.0,
realmlp,kpx_group_1,49,0.492358795421965,0.4761371910572052,0.642720103263855,0.12455196678638458,0.40999212861061096,,,,,
realmlp,kpx_group_2,49,0.45132022394853477,0.4448851943016052,0.6498605012893677,0.16679151356220245,0.466512531042099,,,,,
realmlp,kpx_group_3,49,0.5223439024651751,0.5350029468536377,0.5921956300735474,0.14284290373325348,0.32723408937454224,,,,,
realmlp,all,50,0.48817942422979016,0.4751376211643219,0.6364206671714783,0.1444041132926941,0.417245477437973,0.5306249278433183,0.28297003270948634,0.3878696858882904,0.0,
realmlp,kpx_group_1,50,0.49247193687102375,0.45804300904273987,0.6555731296539307,0.12459542602300644,0.435741662979126,,,,,
realmlp,kpx_group_2,50,0.4511333217515665,0.4437311589717865,0.6525887250900269,0.1653168499469757,0.47049424052238464,,,,,
realmlp,kpx_group_3,50,0.5209330215173609,0.5236386060714722,0.6011002063751221,0.14330005645751953,0.34550049901008606,,,,,
realmlp,all,51,0.48981810624108596,0.4596196711063385,0.648445188999176,0.1463053971529007,0.44319573044776917,0.5324042255387587,0.2839074660749996,0.39289745688438416,0.0,
realmlp,kpx_group_1,51,0.49134720949565663,0.4405714273452759,0.6704080104827881,0.12343563139438629,0.46425169706344604,,,,,
realmlp,kpx_group_2,51,0.45456911404343214,0.4454328119754791,0.6499890685081482,0.1671198308467865,0.46709802746772766,,,,,
realmlp,kpx_group_3,51,0.5235379881718579,0.4928547441959381,0.624938428401947,0.1483607441186905,0.39823755621910095,,,,,
realmlp,all,52,0.49163104637580757,0.48059579730033875,0.6311333775520325,0.14744704961776733,0.4097137749195099,0.5340338454527014,0.2826853330959292,0.39626434445381165,0.0,
realmlp,kpx_group_1,52,0.4963681658401209,0.4557158350944519,0.654737651348114,0.12612776458263397,0.4356030523777008,,,,,
realmlp,kpx_group_2,52,0.4521571792223874,0.44573765993118286,0.649529218673706,0.17035414278507233,0.46941259503364563,,,,,
realmlp,kpx_group_3,52,0.5263677905587589,0.5403337478637695,0.5891333222389221,0.1458592563867569,0.32412585616111755,,,,,
realmlp,all,53,0.4964403027997297,0.48972225189208984,0.6263322234153748,0.14092129468917847,0.3935857117176056,0.5394832807428697,0.2869531727012466,0.37858232855796814,0.0,
realmlp,kpx_group_1,53,0.49846362410222783,0.5258679389953613,0.6075147986412048,0.1243736520409584,0.33940327167510986,,,,,
realmlp,kpx_group_2,53,0.4600619682494332,0.432511568069458,0.6602829694747925,0.15910743176937103,0.47967344522476196,,,,,
realmlp,kpx_group_3,53,0.5307953142944504,0.510787308216095,0.6111987829208374,0.13928279280662537,0.36168041825294495,,,,,
realmlp,all,54,0.49336688702597337,0.47935089468955994,0.632761538028717,0.14469744265079498,0.4102206230163574,0.5361625815139097,0.2853046326952822,0.37011265754699707,0.0,
realmlp,kpx_group_1,54,0.49648502074620304,0.5037974119186401,0.6202727556228638,0.12523281574249268,0.36577826738357544,,,,,
realmlp,kpx_group_2,54,0.45782903055934343,0.4384048581123352,0.6555595397949219,0.16053608059883118,0.47165510058403015,,,,,
realmlp,kpx_group_3,54,0.5257866137167987,0.49585041403770447,0.6224525570869446,0.1483234018087387,0.39322853088378906,,,,,
realmlp,all,55,0.4917637157966109,0.4775223731994629,0.6339321136474609,0.14676861464977264,0.4146328270435333,0.5343055725097656,0.2836123748737223,0.3732825517654419,0.0,
realmlp,kpx_group_1,55,0.49855856071500215,0.4913727641105652,0.6308714151382446,0.12676653265953064,0.3885093629360199,,,,,
realmlp,kpx_group_2,55,0.4531755705966669,0.4382162094116211,0.6534935235977173,0.16167981922626495,0.4686669111251831,,,,,
realmlp,kpx_group_3,55,0.523557008627583,0.5029780864715576,0.6174314022064209,0.15185944736003876,0.38672226667404175,,,,,
realmlp,all,56,0.4915890939095441,0.49184679985046387,0.6249149441719055,0.1431245654821396,0.39295443892478943,0.5338604213560328,0.2818088106372777,0.376468688249588,0.0,
realmlp,kpx_group_1,56,0.49462929718634663,0.5101685523986816,0.6179434061050415,0.12402544915676117,0.35991227626800537,,,,,
realmlp,kpx_group_2,56,0.4550970358883633,0.44775259494781494,0.6495379209518433,0.16400733590126038,0.46308308839797974,,,,,
realmlp,kpx_group_3,56,0.525040955227964,0.517619252204895,0.6072635054588318,0.14134089648723602,0.3558679223060608,,,,,
realmlp,all,57,0.4934433023719227,0.45759984850883484,0.6484224796295166,0.15229035913944244,0.44913533329963684,0.536260212168974,0.28544603200519786,0.3992696702480316,0.0,
realmlp,kpx_group_1,57,0.49766150905805473,0.44320812821388245,0.6674360632896423,0.1264401525259018,0.46131232380867004,,,,,
realmlp,kpx_group_2,57,0.45565033704042435,0.445273756980896,0.6479883193969727,0.17175081372261047,0.4677274525165558,,,,,
realmlp,kpx_group_3,57,0.5270180636469055,0.48431774973869324,0.6298431158065796,0.15868012607097626,0.418366402387619,,,,,
realmlp,all,58,0.49360953446696787,0.4888289272785187,0.6252463459968567,0.14658094942569733,0.3970736563205719,0.5364650873576894,0.28570365686627,0.3621806800365448,0.0,
realmlp,kpx_group_1,58,0.4968308276113342,0.483266681432724,0.6376149654388428,0.12291689962148666,0.39814677834510803,,,,,
realmlp,kpx_group_2,58,0.4573930690393728,0.4455919861793518,0.6485759019851685,0.16889061033725739,0.4660424292087555,,,,,
realmlp,kpx_group_3,58,0.5266047063119271,0.5376281142234802,0.5895482301712036,0.14793536067008972,0.32703182101249695,,,,,
realmlp,all,59,0.4938724019071635,0.47980666160583496,0.6323886513710022,0.1459883153438568,0.41076555848121643,0.5365722047932008,0.2846653592937133,0.36128345131874084,0.0,
realmlp,kpx_group_1,59,0.49674921263666716,0.4444100558757782,0.6604902744293213,0.12893986701965332,0.4499203860759735,,,,,
realmlp,kpx_group_2,59,0.4576302749269149,0.43733447790145874,0.6575402617454529,0.16479778289794922,0.4798782765865326,,,,,
realmlp,kpx_group_3,59,0.5272377050098251,0.5576754808425903,0.5791354179382324,0.1442272961139679,0.30249807238578796,,,,,
realmlp,all,60,0.4940256191527142,0.4690568447113037,0.6407110095024109,0.14218448102474213,0.42360642552375793,0.5365112695623847,0.28323765887933616,0.35976099967956543,0.0,
realmlp,kpx_group_1,60,0.49417627953431187,0.4622145891189575,0.6512606143951416,0.12291707843542099,0.4254383444786072,,,,,
realmlp,kpx_group_2,60,0.45583019361776467,0.43124452233314514,0.6620898246765137,0.1584404557943344,0.4826200604438782,,,,,
realmlp,kpx_group_3,60,0.5320703816764495,0.5137115716934204,0.6087824702262878,0.1451958864927292,0.36276084184646606,,,,,
realmlp,all,61,0.49007757183383494,0.48404884338378906,0.625810444355011,0.1486693024635315,0.4002901315689087,0.5321997184963787,0.2808143128367031,0.3653913736343384,0.0,
realmlp,kpx_group_1,61,0.4924018571481985,0.4708716571331024,0.6414042115211487,0.12571249902248383,0.4085209369659424,,,,,
realmlp,kpx_group_2,61,0.4557162501356181,0.4489438831806183,0.64500892162323,0.17028549313545227,0.46030327677726746,,,,,
realmlp,kpx_group_3,61,0.5221145841128686,0.5323310494422913,0.5910181403160095,0.15000993013381958,0.332046240568161,,,,,
realmlp,all,62,0.48664654353085685,0.4722854793071747,0.6366434097290039,0.1486595869064331,0.4219464063644409,0.5286933674531824,0.28031214348533573,0.3576297461986542,0.0,
realmlp,kpx_group_1,62,0.48726579283966737,0.4349361062049866,0.6687086820602417,0.13314160704612732,0.4705590605735779,,,,,
realmlp,kpx_group_2,62,0.4497423978412853,0.43680763244628906,0.6586692333221436,0.16246247291564941,0.4798009395599365,,,,,
realmlp,kpx_group_3,62,0.5229314377202707,0.5451126098632812,0.5825523734092712,0.15037468075752258,0.3154793977737427,,,,,
realmlp,all,63,0.4816158505923608,0.47524014115333557,0.6351944804191589,0.1493244767189026,0.41971340775489807,0.5234698846059687,0.27902687034186197,0.3674345910549164,0.0,
realmlp,kpx_group_1,63,0.4847466792253887,0.444146066904068,0.6659837365150452,0.12776777148246765,0.45973530411720276,,,,,
realmlp,kpx_group_2,63,0.44617193805820804,0.44918355345726013,0.6453428268432617,0.1723049432039261,0.46299058198928833,,,,,
realmlp,kpx_group_3,63,0.5139289222219411,0.5323907732963562,0.5942568778991699,0.14790073037147522,0.3364144265651703,,,,,
realmlp,all,64,0.48310573223759146,0.49018415808677673,0.6251795291900635,0.1443743258714676,0.3947334289550781,0.5251193397185382,0.28009068878257976,0.3736138641834259,0.0,
realmlp,kpx_group_1,64,0.485443841008579,0.5029609799385071,0.6200728416442871,0.1263512820005417,0.3664969503879547,,,,,
realmlp,kpx_group_2,64,0.4465942067258498,0.4367823004722595,0.6591230630874634,0.16236570477485657,0.48061177134513855,,,,,
realmlp,kpx_group_3,64,0.5172791467869983,0.5308091640472412,0.5963428020477295,0.1444060057401657,0.3370916545391083,,,,,
realmlp,all,65,0.4793105221846524,0.45323410630226135,0.6547942757606506,0.1415751725435257,0.45116379857063293,0.5210949208806542,0.27856265753507614,0.36250972747802734,0.0,
realmlp,kpx_group_1,65,0.4839619748732623,0.43785396218299866,0.6723269820213318,0.12146230787038803,0.4661162495613098,,,,,
realmlp,kpx_group_2,65,0.4447740649475771,0.43370264768600464,0.6623069643974304,0.15716280043125153,0.48177671432495117,,,,,
realmlp,kpx_group_3,65,0.5091955280479263,0.48814570903778076,0.629749059677124,0.14610041677951813,0.4055984616279602,,,,,
realmlp,all,66,0.4756033727351357,0.4651799201965332,0.6443448662757874,0.14572010934352875,0.4344099462032318,0.516783714732703,0.27453558453742194,0.3439255952835083,0.0,
realmlp,kpx_group_1,66,0.4775156391894116,0.46903449296951294,0.6487785577774048,0.12242251634597778,0.41997960209846497,,,,,
realmlp,kpx_group_2,66,0.44036613667712493,0.4335998296737671,0.6603237390518188,0.16233417391777039,0.48298171162605286,,,,,
realmlp,kpx_group_3,66,0.5089283340117511,0.4929054379463196,0.623932421207428,0.15240363776683807,0.40026846528053284,,,,,
realmlp,all,67,0.4722757216762094,0.4930715560913086,0.6240543723106384,0.14556649327278137,0.3936752378940582,0.5136385415406788,0.2757520903559292,0.3511359393596649,0.0,
realmlp,kpx_group_1,67,0.4776536313926472,0.485531747341156,0.6346068382263184,0.12525589764118195,0.3944695293903351,,,,,
realmlp,kpx_group_2,67,0.4337775724775651,0.4445400834083557,0.654043436050415,0.16404509544372559,0.47213196754455566,,,,,
realmlp,kpx_group_3,67,0.5053959800040021,0.5491428971290588,0.5835129022598267,0.14739851653575897,0.3144242763519287,,,,,
realmlp,all,68,0.4705510336686583,0.47385668754577637,0.6389002203941345,0.14596743881702423,0.4237678349018097,0.5116711898761637,0.27413442073499455,0.3535870611667633,0.0,
realmlp,kpx_group_1,68,0.4719272177009022,0.4587145447731018,0.6557748317718506,0.1269887387752533,0.43853840231895447,,,,,
realmlp,kpx_group_2,68,0.4340491172145395,0.44093871116638184,0.6579403877258301,0.1618267297744751,0.47770756483078003,,,,,
realmlp,kpx_group_3,68,0.5056767503128332,0.5219168663024902,0.6029854416847229,0.1490868628025055,0.3550576865673065,,,,,
realmlp,all,69,0.46185654708567786,0.4766724109649658,0.6361073851585388,0.1490585058927536,0.42127323150634766,0.5025348514318466,0.2711887092274778,0.3524031639099121,0.0,
realmlp,kpx_group_1,69,0.46620895625913844,0.47587820887565613,0.6427124738693237,0.13115088641643524,0.41657590866088867,,,,,
realmlp,kpx_group_2,69,0.42651135255308714,0.439375638961792,0.6568213701248169,0.16421569883823395,0.47785836458206177,,,,,
realmlp,kpx_group_3,69,0.49284933288307753,0.5147634148597717,0.608788251876831,0.151808962225914,0.36938542127609253,,,,,
realmlp,all,70,0.4585573703927152,0.48919644951820374,0.6266636252403259,0.1422089785337448,0.3955361843109131,0.49857984132626476,0.26681645389865427,0.34937432408332825,0.0,
realmlp,kpx_group_1,70,0.46608881301739635,0.4771728217601776,0.6402902007102966,0.12332046031951904,0.4039008617401123,,,,,
realmlp,kpx_group_2,70,0.4244922092732261,0.44549012184143066,0.6535618901252747,0.16118218004703522,0.46830591559410095,,,,,
realmlp,kpx_group_3,70,0.48509109020233154,0.5449263453483582,0.5861387252807617,0.14212433993816376,0.3144018352031708,,,,,
realmlp,all,71,0.4537632408387521,0.4729739725589752,0.6383107304573059,0.1490994691848755,0.4257209002971649,0.49363258305717916,0.26579563166288767,0.33839845657348633,0.0,
realmlp,kpx_group_1,71,0.46161118018276553,0.4346980154514313,0.6716363430023193,0.12695878744125366,0.47023147344589233,,,,,
realmlp,kpx_group_2,71,0.41968635031405616,0.45719653367996216,0.6439802646636963,0.16902245581150055,0.45698297023773193,,,,,
realmlp,kpx_group_3,71,0.47999219421078176,0.527027428150177,0.5993155241012573,0.15131717920303345,0.3499481976032257,,,,,
realmlp,all,72,0.44786526394240994,0.4837892949581146,0.6295349597930908,0.14691561460494995,0.4059855043888092,0.4873903985409176,0.2635008927215548,0.33906352519989014,0.0,
realmlp,kpx_group_1,72,0.4543386916903889,0.4524538516998291,0.6581648588180542,0.12476426362991333,0.44109392166137695,,,,,
realmlp,kpx_group_2,72,0.4151010828859666,0.4488203227519989,0.6471914052963257,0.1692729890346527,0.4636557996273041,,,,,
realmlp,kpx_group_3,72,0.4741560041027911,0.5500937104225159,0.5832486152648926,0.14670957624912262,0.3132067322731018,,,,,
realmlp,all,73,0.4427834622123662,0.4759736955165863,0.6372634172439575,0.14513231813907623,0.41965916752815247,0.48172691508251075,0.259622976403026,0.332784503698349,0.0,
realmlp,kpx_group_1,73,0.4494811410413069,0.4486038088798523,0.6604095697402954,0.1277456432580948,0.4485648274421692,,,,,
realmlp,kpx_group_2,73,0.41156597961397734,0.44178420305252075,0.6553745269775391,0.1617322564125061,0.4724813401699066,,,,,
realmlp,kpx_group_3,73,0.46730327650028114,0.5375329256057739,0.5960061550140381,0.1459190547466278,0.3379313349723816,,,,,
realmlp,all,74,0.4346797071835574,0.4822024405002594,0.6331557631492615,0.14279188215732574,0.40910327434539795,0.47336648492252126,0.2579118282917668,0.33195099234580994,0.0,
realmlp,kpx_group_1,74,0.44210073790129495,0.4738486409187317,0.6441395282745361,0.12381003051996231,0.4120890498161316,,,,,
realmlp,kpx_group_2,74,0.402520060977515,0.43997135758399963,0.658501386642456,0.1596769243478775,0.4766796827316284,,,,,
realmlp,kpx_group_3,74,0.4594183178508983,0.5327872633934021,0.5968261957168579,0.1448887288570404,0.3385412096977234,,,,,
realmlp,all,75,0.43040387902189703,0.48540055751800537,0.6321480870246887,0.14398927986621857,0.40828561782836914,0.4686008008087383,0.2546461253043483,0.32687148451805115,0.0,
realmlp,kpx_group_1,75,0.4377295729868552,0.47779402136802673,0.6432920694351196,0.12573590874671936,0.4123200476169586,,,,,
realmlp,kpx_group_2,75,0.39865713610368614,0.4421655237674713,0.6566963195800781,0.16155552864074707,0.4749481976032257,,,,,
realmlp,kpx_group_3,75,0.45482490693821626,0.5362421274185181,0.5964561104774475,0.14467637240886688,0.3375885784626007,,,,,
realmlp,all,76,0.4257884994149208,0.47688865661621094,0.6370303630828857,0.14234797656536102,0.4164087474346161,0.4638344987350352,0.2536399743574507,0.3327527344226837,0.0,
realmlp,kpx_group_1,76,0.43359416065847173,0.4638848304748535,0.6523483395576477,0.12469764798879623,0.42939433455467224,,,,,
realmlp,kpx_group_2,76,0.39621776955969196,0.4382840692996979,0.6585288047790527,0.15798383951187134,0.4750414490699768,,,,,
realmlp,kpx_group_3,76,0.4475535785450655,0.5284969210624695,0.6002140045166016,0.14436239004135132,0.3447904586791992,,,,,
realmlp,all,77,0.41900515512508507,0.4769972860813141,0.6365625858306885,0.1467646211385727,0.4198896884918213,0.4564874413258889,0.24988186775761492,0.338223934173584,0.0,
realmlp,kpx_group_1,77,0.42800971515038433,0.46089643239974976,0.6522312164306641,0.12600162625312805,0.430463969707489,,,,,
realmlp,kpx_group_2,77,0.3910011885797276,0.4440144896507263,0.6547030210494995,0.1666267216205597,0.47603273391723633,,,,,
realmlp,kpx_group_3,77,0.43800458399688497,0.5260809063911438,0.6027534604072571,0.14766551554203033,0.3531724512577057,,,,,
realmlp,all,78,0.41114314777009625,0.4745384752750397,0.6403730511665344,0.14318734407424927,0.4239334166049957,0.44864320886485715,0.25000038940240354,0.33351659774780273,0.0,
realmlp,kpx_group_1,78,0.4220730565926608,0.46410253643989563,0.6534172892570496,0.12577985227108002,0.43261441588401794,,,,,
realmlp,kpx_group_2,78,0.3820968344807625,0.43229153752326965,0.6639194488525391,0.15646488964557648,0.4843038022518158,,,,,
realmlp,kpx_group_3,78,0.4292595548664822,0.5272215604782104,0.6037824153900146,0.1473173052072525,0.35488206148147583,,,,,
realmlp,all,79,0.4052340169163311,0.47180643677711487,0.6400882601737976,0.14431346952915192,0.4244900047779083,0.4422576304744272,0.24682405722491882,0.33050772547721863,0.0,
realmlp,kpx_group_1,79,0.41564972041284337,0.4609116315841675,0.6500464677810669,0.12720781564712524,0.42730075120925903,,,,,
realmlp,kpx_group_2,79,0.37785354519591613,0.4349770247936249,0.6632726192474365,0.15636061131954193,0.4829058051109314,,,,,
realmlp,kpx_group_3,79,0.4221988004796645,0.5195305347442627,0.6069457530975342,0.14937202632427216,0.36326348781585693,,,,,
realmlp,all,80,0.3996878980713732,0.4817471504211426,0.6344607472419739,0.14551664888858795,0.4144381582736969,0.43639201758538976,0.24469411241657593,0.3336962163448334,0.0,
realmlp,kpx_group_1,80,0.41184720966745825,0.48607200384140015,0.6364959478378296,0.1282348334789276,0.4012267291545868,,,,,
realmlp,kpx_group_2,80,0.37273353119106856,0.43146225810050964,0.6657902002334595,0.1592240184545517,0.49080437421798706,,,,,
realmlp,kpx_group_3,80,0.4144829625592512,0.5277071595191956,0.6010960936546326,0.14909106492996216,0.3512832820415497,,,,,
realmlp,all,81,0.39423539358026843,0.471012681722641,0.642626941204071,0.14242517948150635,0.42767906188964844,0.43060488385312695,0.24246323459288655,0.335376501083374,0.0,
realmlp,kpx_group_1,81,0.4047815484159133,0.4594351649284363,0.6554622650146484,0.12452912330627441,0.4354536831378937,,,,,
realmlp,kpx_group_2,81,0.36924392686170693,0.43265387415885925,0.6665222644805908,0.1572081595659256,0.49025261402130127,,,,,
realmlp,kpx_group_3,81,0.4086807089693406,0.5209489464759827,0.6058962941169739,0.14553828537464142,0.3573308289051056,,,,,
realmlp,all,82,0.3886344906161813,0.47504332661628723,0.6372960209846497,0.14601044356822968,0.42060256004333496,0.4248720438164823,0.24158367646091125,0.33061397075653076,0.0,
realmlp,kpx_group_1,82,0.40098205427913103,0.4540952742099762,0.6567549705505371,0.12787456810474396,0.4413844645023346,,,,,
realmlp,kpx_group_2,82,0.3646488119574154,0.43654191493988037,0.6613048911094666,0.16049166023731232,0.48310139775276184,,,,,
realmlp,kpx_group_3,82,0.40027260254411134,0.5344928503036499,0.5938283205032349,0.14966508746147156,0.33732178807258606,,,,,
realmlp,all,83,0.38422862571828503,0.47468218207359314,0.6395909190177917,0.14332562685012817,0.4225074350833893,0.4201308409957325,0.23934809052768877,0.3309648334980011,0.0,
realmlp,kpx_group_1,83,0.3976210395202917,0.4678955078125,0.6498405337333679,0.12535184621810913,0.42503294348716736,,,,,
realmlp,kpx_group_2,83,0.36100433723014946,0.43301913142204285,0.6645286083221436,0.1587815284729004,0.4878387451171875,,,,,
realmlp,kpx_group_3,83,0.394060496459989,0.5231318473815918,0.604403555393219,0.1458435207605362,0.354650616645813,,,,,
realmlp,all,84,0.3790637789403691,0.4727707803249359,0.6397291421890259,0.14335213601589203,0.422810435295105,0.41475729162202163,0.2379567024900633,0.330010324716568,0.0,
realmlp,kpx_group_1,84,0.3940490146770197,0.4514804482460022,0.6597751379013062,0.12580057978630066,0.44535091519355774,,,,,
realmlp,kpx_group_2,84,0.35640628679710273,0.4344005882740021,0.6623802185058594,0.15738904476165771,0.4821494519710541,,,,,
realmlp,kpx_group_3,84,0.38673605200122385,0.5324314832687378,0.5970320701599121,0.14686675369739532,0.34093084931373596,,,,,
realmlp,all,85,0.3757438541335218,0.4723755419254303,0.6403688788414001,0.14307262003421783,0.42381027340888977,0.4113140724161092,0.23713476977804127,0.32664763927459717,0.0,
realmlp,kpx_group_1,85,0.38996437060482364,0.4567287862300873,0.6535884141921997,0.1267831027507782,0.4339599311351776,,,,,
realmlp,kpx_group_2,85,0.35303358120076794,0.4340863525867462,0.6653440594673157,0.1567937582731247,0.48748189210891724,,,,,
realmlp,kpx_group_3,85,0.3842336092801655,0.5263116955757141,0.6021740436553955,0.1456410437822342,0.34998905658721924,,,,,
realmlp,all,86,0.3724830124308081,0.4719284474849701,0.6408800482749939,0.14169366657733917,0.4234537184238434,0.40782082519110513,0.235585404888672,0.329789400100708,0.0,
realmlp,kpx_group_1,86,0.3872419267016299,0.45593881607055664,0.6558785438537598,0.12528052926063538,0.43703755736351013,,,,,
realmlp,kpx_group_2,86,0.35128455214640675,0.43158623576164246,0.6672376394271851,0.1547968089580536,0.4892721474170685,,,,,
realmlp,kpx_group_3,86,0.37892256414189057,0.5282604098320007,0.5995239019393921,0.14500370621681213,0.3440514802932739,,,,,
realmlp,all,87,0.3681941032409668,0.4753078520298004,0.6380172371864319,0.14280693233013153,0.41884148120880127,0.4034183209433275,0.23482810705900192,0.3293134868144989,0.0,
realmlp,kpx_group_1,87,0.3843902949901188,0.4597832262516022,0.652051568031311,0.12687508761882782,0.4309782087802887,,,,,
realmlp,kpx_group_2,87,0.3457999860539156,0.4348011314868927,0.6642903089523315,0.1556837260723114,0.4842643141746521,,,,,
realmlp,kpx_group_3,87,0.3743920334998299,0.5313393473625183,0.5977098941802979,0.14586198329925537,0.34128183126449585,,,,,
realmlp,all,88,0.3667185911360909,0.47370457649230957,0.6393784880638123,0.14277611672878265,0.42153310775756836,0.4017690626137397,0.23366978852187886,0.3301341235637665,0.0,
realmlp,kpx_group_1,88,0.3814222519012058,0.4576519727706909,0.6554790139198303,0.12631452083587646,0.4372725188732147,,,,,
realmlp,kpx_group_2,88,0.34599657926489324,0.43348705768585205,0.6635059714317322,0.1562938243150711,0.48330578207969666,,,,,
realmlp,kpx_group_3,88,0.37273694443352084,0.529974639415741,0.5991504788398743,0.1457200050354004,0.3440209925174713,,,,,
realmlp,all,89,0.3645641672260621,0.47585391998291016,0.6382296681404114,0.1427435725927353,0.41920289397239685,0.39952852883759665,0.23309573070967898,0.32833313941955566,0.0,
realmlp,kpx_group_1,89,0.38080040803726983,0.46187514066696167,0.6524105072021484,0.12636686861515045,0.4311878979206085,,,,,
realmlp,kpx_group_2,89,0.34402622633120594,0.4337042570114136,0.6645418405532837,0.1562807708978653,0.4853644371032715,,,,,
realmlp,kpx_group_3,89,0.36886586336528554,0.5319824814796448,0.597736656665802,0.14558307826519012,0.3410564064979553,,,,,
realmlp,all,90,0.3622299213619793,0.47368136048316956,0.6384101510047913,0.1431247740983963,0.41994503140449524,0.39718615219873543,0.23304155074498234,0.3295237123966217,0.0,
realmlp,kpx_group_1,90,0.3789748479338253,0.4583548307418823,0.6533267498016357,0.12664122879505157,0.4332946836948395,,,,,
realmlp,kpx_group_2,90,0.3428369335391942,0.4339005947113037,0.6644673943519592,0.15686824917793274,0.4858030080795288,,,,,
realmlp,kpx_group_3,90,0.36487797253272114,0.5287888646125793,0.597436249256134,0.1458648443222046,0.34073737263679504,,,,,
realmlp,all,91,0.36113885790109634,0.4726985991001129,0.6401244401931763,0.14301618933677673,0.4232650697231293,0.3959951646187726,0.23237539893564055,0.32941770553588867,0.0,
realmlp,kpx_group_1,91,0.37834181680398826,0.45704561471939087,0.6549820899963379,0.1266639679670334,0.4366281032562256,,,,,
realmlp,kpx_group_2,91,0.34207210470648375,0.4336056113243103,0.6652177572250366,0.15635521709918976,0.48679065704345703,,,,,
realmlp,kpx_group_3,91,0.3630026491249309,0.5274446606636047,0.6001734733581543,0.14602935314178467,0.34637632966041565,,,,,
realmlp,all,92,0.36027185005300183,0.47445714473724365,0.6387763023376465,0.14272359013557434,0.4202762544155121,0.3951534181833267,0.23254378227626576,0.3292585611343384,0.0,
realmlp,kpx_group_1,92,0.3782153375008527,0.45930126309394836,0.6533478498458862,0.1264503449201584,0.4331461191177368,,,,,
realmlp,kpx_group_2,92,0.3404092749252039,0.43355998396873474,0.6654444932937622,0.15606911480426788,0.4869581162929535,,,,,
realmlp,kpx_group_3,92,0.3621909342267934,0.5305103063583374,0.597536563873291,0.14565132558345795,0.34072446823120117,,,,,
realmlp,all,93,0.35972917079925537,0.47483158111572266,0.6388102769851685,0.14271028339862823,0.42033085227012634,0.3946289051981533,0.23266488050713258,0.32929208874702454,0.0,
realmlp,kpx_group_1,93,0.37760765587582307,0.4597342312335968,0.6536335945129395,0.12644162774085999,0.4337088465690613,,,,,
realmlp,kpx_group_2,93,0.339755575884791,0.4336235523223877,0.6645511388778687,0.15610922873020172,0.48521146178245544,,,,,
realmlp,kpx_group_3,93,0.36182428501984654,0.5311369895935059,0.5982460975646973,0.145579993724823,0.3420722186565399,,,,,
realmlp,all,94,0.3596091932233642,0.4748014509677887,0.638597309589386,0.14271853864192963,0.4199131429195404,0.394429063095766,0.2321324411998777,0.32930922508239746,0.0,
realmlp,kpx_group_1,94,0.377328778452733,0.4597591459751129,0.6536331176757812,0.12644270062446594,0.4337088465690613,,,,,
realmlp,kpx_group_2,94,0.3411257117986679,0.43363264203071594,0.6644648909568787,0.15611977875232697,0.4850495457649231,,,,,
realmlp,kpx_group_3,94,0.3603730902952306,0.5310125946998596,0.597693920135498,0.1455930918455124,0.3409809470176697,,,,,
realmlp,all,95,0.3602527669247459,0.47506436705589294,0.6386477947235107,0.14268258213996887,0.41997814178466797,0.39516708123333316,0.23276212482767947,0.32929763197898865,0.0,
realmlp,kpx_group_1,95,0.3766111271346317,0.4599587321281433,0.6536007523536682,0.1264330893754959,0.43363454937934875,,,,,
realmlp,kpx_group_2,95,0.3418910560362479,0.4337001144886017,0.6644539833068848,0.15613968670368195,0.4850476086139679,,,,,
realmlp,kpx_group_3,95,0.36225610094911914,0.5315341949462891,0.5978886485099792,0.14547492563724518,0.3412521779537201,,,,,
realmlp,all,96,0.3590726598220713,0.4745231568813324,0.639155924320221,0.14256137609481812,0.4208733141422272,0.3939826536704512,0.23273329612086802,0.3294871151447296,0.0,
realmlp,kpx_group_1,96,0.37571479336303826,0.45983362197875977,0.6537166237831116,0.12636074423789978,0.4337940514087677,,,,,
realmlp,kpx_group_2,96,0.3403094147934633,0.4335887134075165,0.6649550795555115,0.15593738853931427,0.4858475625514984,,,,,
realmlp,kpx_group_3,96,0.36119377788375406,0.5301472544670105,0.5987961292266846,0.14538602530956268,0.342978298664093,,,,,
realmlp,all,97,0.3605257360374226,0.4741349220275879,0.638887882232666,0.14261563122272491,0.42039135098457336,0.3954367896213251,0.23274031544432922,0.3304564952850342,0.0,
realmlp,kpx_group_1,97,0.37765136404949073,0.45917147397994995,0.6543985605239868,0.12621691823005676,0.4350139796733856,,,,,
realmlp,kpx_group_2,97,0.34131697959759655,0.4333587884902954,0.6645680069923401,0.15615497529506683,0.4852909743785858,,,,,
realmlp,kpx_group_3,97,0.3626088762984556,0.5298746228218079,0.5976970195770264,0.14547501504421234,0.34086912870407104,,,,,
realmlp,all,98,0.36106307804584503,0.4751166105270386,0.6378591060638428,0.14304925501346588,0.4187674820423126,0.396014165790642,0.23300719830919714,0.3298879861831665,0.0,
realmlp,kpx_group_1,98,0.37826524105142145,0.4611230790615082,0.6518528461456299,0.1265762895345688,0.43028199672698975,,,,,
realmlp,kpx_group_2,98,0.341674986131051,0.43430912494659424,0.6636884212493896,0.15630044043064117,0.48367732763290405,,,,,
realmlp,kpx_group_3,98,0.3632490174735294,0.5299175977706909,0.5980360507965088,0.14627107977867126,0.34234318137168884,,,,,
realmlp,all,99,0.36152518365313024,0.4740912914276123,0.6392019987106323,0.14345909655094147,0.42186304926872253,0.3964131465729545,0.23258639148929539,0.33057093620300293,0.0,
realmlp,kpx_group_1,99,0.3787915189476574,0.45461633801460266,0.6567724943161011,0.12627705931663513,0.43982213735580444,,,,,
realmlp,kpx_group_2,99,0.34091903751387315,0.434044748544693,0.6639232635498047,0.1576705276966095,0.4855169653892517,,,,,
realmlp,kpx_group_3,99,0.3648650032632491,0.5336127877235413,0.5969101190567017,0.14642974734306335,0.34025001525878906,,,,,
realmlp,all,100,0.3616645020597121,0.4779170751571655,0.6357319951057434,0.1429222971200943,0.4143863618373871,0.3966020740130368,0.23291713810142348,0.3301827907562256,0.0,
realmlp,kpx_group_1,100,0.37850847182904973,0.4667815566062927,0.6460425853729248,0.1265784204006195,0.41866356134414673,,,,,
realmlp,kpx_group_2,100,0.34194644146105824,0.43406611680984497,0.6647414565086365,0.1558128148317337,0.48529574275016785,,,,,
realmlp,kpx_group_3,100,0.3645385906976812,0.5329036116600037,0.596411943435669,0.14637568593025208,0.33919957280158997,,,,,
realmlp,all,101,0.3609861034680815,0.4744699001312256,0.6390936374664307,0.14354301989078522,0.4217303693294525,0.39587562049136443,0.2325967736542225,0.3329606056213379,0.0,
realmlp,kpx_group_1,101,0.37737181432106914,0.4555162191390991,0.6566988825798035,0.12691709399223328,0.4403148889541626,,,,,
realmlp,kpx_group_2,101,0.34224045145161014,0.4337368607521057,0.6648553609848022,0.1573866754770279,0.4870973527431488,,,,,
realmlp,kpx_group_3,101,0.36334604112540975,0.5341566205024719,0.595726728439331,0.14632529020309448,0.3377786874771118,,,,,
realmlp,all,102,0.3633688745253226,0.47932887077331543,0.6352114081382751,0.14205628633499146,0.41247913241386414,0.39841577848967386,0.23364602095063994,0.3310241401195526,0.0,
realmlp,kpx_group_1,102,0.37973396699218187,0.46520450711250305,0.6487104296684265,0.12641826272010803,0.4238390624523163,,,,,
realmlp,kpx_group_2,102,0.3446227027212872,0.43190065026283264,0.6665704250335693,0.15434935688972473,0.48749011754989624,,,,,
realmlp,kpx_group_3,102,0.36574995912173214,0.5408816933631897,0.5903534889221191,0.1454012095928192,0.3261081874370575,,,,,
realmlp,all,103,0.3636740910656312,0.4766755998134613,0.6377207636833191,0.1429903358221054,0.4184318780899048,0.39873307373593836,0.23372656873920383,0.32800421118736267,0.0,
realmlp,kpx_group_1,103,0.37980322934248867,0.45600461959838867,0.6570819616317749,0.12550249695777893,0.43966642022132874,,,,,
realmlp,kpx_group_2,103,0.34486614518305836,0.43550968170166016,0.6642755270004272,0.1565711945295334,0.48512232303619385,,,,,
realmlp,kpx_group_3,103,0.3663528934121132,0.5385125279426575,0.5918047428131104,0.1468973308801651,0.3305068612098694,,,,,
realmlp,all,104,0.36384426890050664,0.48087406158447266,0.6346421837806702,0.14227794110774994,0.41156241297721863,0.3987557708340533,0.23274334717322798,0.33123746514320374,0.0,
realmlp,kpx_group_1,104,0.379891475333887,0.46337395906448364,0.6515670418739319,0.12645621597766876,0.42959025502204895,,,,,
realmlp,kpx_group_2,104,0.344157098847277,0.4324735999107361,0.6646220684051514,0.1555425375699997,0.48478662967681885,,,,,
realmlp,kpx_group_3,104,0.36748423383516426,0.5467745661735535,0.5877375602722168,0.14483508467674255,0.32031017541885376,,,,,
realmlp,all,105,0.36472902534639134,0.4730125963687897,0.6401028037071228,0.1429324597120285,0.4231380522251129,0.3996872915064587,0.23305508603944497,0.3309641182422638,0.0,
realmlp,kpx_group_1,105,0.38064556831822677,0.4532400369644165,0.6585968732833862,0.12652519345283508,0.44371896982192993,,,,,
realmlp,kpx_group_2,105,0.34309907739653306,0.43568313121795654,0.6646537780761719,0.15607160329818726,0.485379159450531,,,,,
realmlp,kpx_group_3,105,0.3704424377749948,0.5301147103309631,0.5970577001571655,0.1462005376815796,0.34031587839126587,,,,,
realmlp,all,106,0.3663376578513314,0.470536470413208,0.6412035226821899,0.14339067041873932,0.425797700881958,0.40131837611689286,0.23320476820363717,0.32893672585487366,0.0,
realmlp,kpx_group_1,106,0.3817485601586454,0.4525776505470276,0.6580384969711304,0.1263585388660431,0.44243547320365906,,,,,
realmlp,kpx_group_2,106,0.34580104009193535,0.43568673729896545,0.6632985472679138,0.15733785927295685,0.4839349091053009,,,,,
realmlp,kpx_group_3,106,0.3714633772478384,0.5233449339866638,0.6022735238075256,0.1464756280183792,0.3510226905345917,,,,,
realmlp,all,107,0.3665979877114296,0.4824592173099518,0.6321219801902771,0.14303238689899445,0.40727636218070984,0.4016111497493351,0.23342109383905635,0.32796764373779297,0.0,
realmlp,kpx_group_1,107,0.381175902836463,0.4757402837276459,0.6408491730690002,0.12640252709388733,0.4081008732318878,,,,,
realmlp,kpx_group_2,107,0.3469926241566153,0.4382215142250061,0.6600689888000488,0.1562909036874771,0.4764288663864136,,,,,
realmlp,kpx_group_3,107,0.37162543438813267,0.5334157347679138,0.5954477787017822,0.1464037299156189,0.33729928731918335,,,,,
realmlp,all,108,0.36576831779059243,0.47883760929107666,0.6356844305992126,0.14295296370983124,0.41432178020477295,0.4007713948102558,0.2333538335035829,0.3262704908847809,0.0,
realmlp,kpx_group_1,108,0.38192283405977134,0.4622182846069336,0.6528328657150269,0.1268036663532257,0.43246933817863464,,,,,
realmlp,kpx_group_2,108,0.3451265061602873,0.43769603967666626,0.660887598991394,0.15537430346012115,0.47714948654174805,,,,,
realmlp,kpx_group_3,108,0.37025562016402974,0.5365984439849854,0.5933327674865723,0.14668092131614685,0.33334648609161377,,,,,
realmlp,all,109,0.366406909244902,0.4823380410671234,0.6345418691635132,0.14240877330303192,0.41149255633354187,0.4013066243599443,0.23266476327005556,0.3269847631454468,0.0,
realmlp,kpx_group_1,109,0.38091956911718144,0.46976134181022644,0.6470553874969482,0.1271914392709732,0.4213022291660309,,,,,
realmlp,kpx_group_2,109,0.3461066054947236,0.4378081262111664,0.6620166301727295,0.15446384251117706,0.47849708795547485,,,,,
realmlp,kpx_group_3,109,0.37219454391914253,0.5394445657730103,0.5945535898208618,0.14557109773159027,0.3346782326698303,,,,,
realmlp,all,110,0.3666670379393241,0.4760045111179352,0.6386630535125732,0.14213022589683533,0.4194563627243042,0.40159288355532813,0.23283901810646057,0.3315054476261139,0.0,
realmlp,kpx_group_1,110,0.38100266456604004,0.4503350853919983,0.6620723009109497,0.12712563574314117,0.451270192861557,,,,,
realmlp,kpx_group_2,110,0.3483839346205487,0.4350112974643707,0.6638957858085632,0.15482009947299957,0.48261162638664246,,,,,
realmlp,kpx_group_3,110,0.3706145045511863,0.5426673293113708,0.5900211334228516,0.14444491267204285,0.32448720932006836,,,,,
realmlp,all,111,0.3671419537242721,0.48324450850486755,0.6322575211524963,0.14150720834732056,0.40602222084999084,0.4020952468409258,0.23302196689388333,0.3288165330886841,0.0,
realmlp,kpx_group_1,111,0.3806469282683204,0.46714353561401367,0.6465744972229004,0.12747791409492493,0.42062681913375854,,,,,
realmlp,kpx_group_2,111,0.34474296122789383,0.4384133219718933,0.6613390445709229,0.1538645327091217,0.47654253244400024,,,,,
realmlp,kpx_group_3,111,0.37603595633717146,0.5441765785217285,0.5888590216636658,0.14317916333675385,0.32089725136756897,,,,,
realmlp,all,112,0.3666115451384993,0.48360908031463623,0.6333717107772827,0.14099645614624023,0.40773987770080566,0.4015981905600604,0.23324430273736224,0.3269186317920685,0.0,
realmlp,kpx_group_1,112,0.381737537243787,0.47039565443992615,0.6478202939033508,0.12564167380332947,0.4212823212146759,,,,,
realmlp,kpx_group_2,112,0.3452586584231433,0.43775635957717896,0.6621953248977661,0.1526595503091812,0.477050244808197,,,,,
realmlp,kpx_group_3,112,0.37283843711895104,0.542675256729126,0.5900994539260864,0.14468811452388763,0.3248870074748993,,,,,
realmlp,all,113,0.36830003997858834,0.48057714104652405,0.6341490745544434,0.14335785806179047,0.4116559326648712,0.4031532266560723,0.2323545796029708,0.3334898054599762,0.0,
realmlp,kpx_group_1,113,0.38190031183116574,0.4624379277229309,0.6530381441116333,0.1256166249513626,0.431692898273468,,,,,
realmlp,kpx_group_2,113,0.34578670517486687,0.43751290440559387,0.6617345213890076,0.15690575540065765,0.48037484288215637,,,,,
realmlp,kpx_group_3,113,0.37721309898530736,0.5417805910110474,0.5876744389533997,0.14755116403102875,0.32290002703666687,,,,,
realmlp,all,114,0.3698110247359556,0.4843328893184662,0.6324968934059143,0.14228172600269318,0.407275527715683,0.40478862515267205,0.23318398546646624,0.3271045982837677,0.0,
realmlp,kpx_group_1,114,0.3832721999462913,0.46838241815567017,0.6487398147583008,0.12722334265708923,0.42470306158065796,,,,,
realmlp,kpx_group_2,114,0.34782710364636255,0.43524181842803955,0.6634317636489868,0.15239854156970978,0.479262113571167,,,,,
realmlp,kpx_group_3,114,0.37833377587444644,0.5493743419647217,0.5853190422058105,0.1472233086824417,0.31786131858825684,,,,,
realmlp,all,115,0.3697774015805301,0.4753166139125824,0.6398831009864807,0.14062049984931946,0.4203866422176361,0.4046957659370759,0.23278911521329598,0.3321584165096283,0.0,
realmlp,kpx_group_1,115,0.3847790860077914,0.4561811089515686,0.6578915119171143,0.12638790905475616,0.4421708583831787,,,,,
realmlp,kpx_group_2,115,0.349433356348206,0.4339911937713623,0.6655817031860352,0.15056923031806946,0.4817326068878174,,,,,
realmlp,kpx_group_3,115,0.37511977290405946,0.5357775092124939,0.596176028251648,0.14490436017513275,0.33725646138191223,,,,,
realmlp,all,116,0.3692820080939461,0.48484858870506287,0.6311187148094177,0.14228735864162445,0.40452471375465393,0.40416039877078114,0.23252259874168565,0.32735368609428406,0.0,
realmlp,kpx_group_1,116,0.3834020723314846,0.47553908824920654,0.6414369344711304,0.12751896679401398,0.41039279103279114,,,,,
realmlp,kpx_group_2,116,0.3469606313635321,0.4386758804321289,0.6590611934661865,0.15368841588497162,0.4718107581138611,,,,,
realmlp,kpx_group_3,116,0.3774833240929772,0.5403308272361755,0.5928579568862915,0.14565469324588776,0.3313705623149872,,,,,
realmlp,all,117,0.37251431933220697,0.4904010593891144,0.6272613406181335,0.14237256348133087,0.396895170211792,0.40725354455849705,0.23159481059102452,0.3272949755191803,0.0,
realmlp,kpx_group_1,117,0.386331484598272,0.4818621575832367,0.6383399963378906,0.1271757334470749,0.40385568141937256,,,,,
realmlp,kpx_group_2,117,0.35040551380199547,0.4372135102748871,0.6604488492012024,0.1541258692741394,0.4750235974788666,,,,,
realmlp,kpx_group_3,117,0.38080596047289234,0.552127480506897,0.5829950571060181,0.14581608772277832,0.31180626153945923,,,,,
realmlp,all,118,0.36946171259178834,0.48866212368011475,0.6287595629692078,0.14103694260120392,0.3985559940338135,0.4040457908721531,0.23056052647092762,0.32813170552253723,0.0,
realmlp,kpx_group_1,118,0.38141411279930787,0.4745665490627289,0.6448776721954346,0.1266196221113205,0.41637495160102844,,,,,
realmlp,kpx_group_2,118,0.3473534649785827,0.442464143037796,0.6592932939529419,0.15271110832691193,0.4712977409362793,,,,,
realmlp,kpx_group_3,118,0.37961755912093553,0.5489556789398193,0.5821075439453125,0.14378014206886292,0.3079952299594879,,,,,
realmlp,all,119,0.3681585087495692,0.49248456954956055,0.6256566643714905,0.14479736983776093,0.3961106836795807,0.40269415562643723,0.23023763583863482,0.3310493230819702,0.0,
realmlp,kpx_group_1,119,0.3833244789172621,0.4789856970310211,0.6397073268890381,0.12693354487419128,0.40634825825691223,,,,,
realmlp,kpx_group_2,119,0.3443414494395256,0.44753003120422363,0.6529385447502136,0.16021409630775452,0.466091126203537,,,,,
realmlp,kpx_group_3,119,0.37680960358942256,0.5509378910064697,0.5843241214752197,0.14724446833133698,0.31589266657829285,,,,,
realmlp,all,120,0.36614245351623087,0.4896751642227173,0.6296120285987854,0.14179299771785736,0.40101704001426697,0.4007696434855461,0.23084796680247083,0.3323952853679657,0.0,
realmlp,kpx_group_1,120,0.37754208901349234,0.4537104368209839,0.6603918075561523,0.12491706758737564,0.4457007050514221,,,,,
realmlp,kpx_group_2,120,0.3431410956032136,0.4329371154308319,0.6662240028381348,0.15336045622825623,0.4858085513114929,,,,,
realmlp,kpx_group_3,120,0.3777441737406394,0.5823779702186584,0.5622202157974243,0.147101491689682,0.2715419828891754,,,,,
realmlp,all,121,0.3664642419008648,0.49002358317375183,0.6283941864967346,0.14144694805145264,0.3982352912425995,0.40069690171410055,0.2282176883343388,0.32969942688941956,0.0,
realmlp,kpx_group_1,121,0.3789600589696099,0.48361536860466003,0.6363421082496643,0.12708623707294464,0.39977043867111206,,,,,
realmlp,kpx_group_2,121,0.3432558463776813,0.43921011686325073,0.6616318821907043,0.15412624180316925,0.47738996148109436,,,,,
realmlp,kpx_group_3,121,0.37717682298491984,0.5472452640533447,0.5872085690498352,0.14312835037708282,0.31754544377326965,,,,,
realmlp,all,122,0.3654117286205292,0.49615731835365295,0.6229116320610046,0.1423725038766861,0.3881957530975342,0.39955392173107934,0.227614626288414,0.33138108253479004,0.0,
realmlp,kpx_group_1,122,0.37747027681154366,0.508367657661438,0.6181989908218384,0.12782995402812958,0.3642279803752899,,,,,
realmlp,kpx_group_2,122,0.34220872512635064,0.43603670597076416,0.6621279120445251,0.1547807902097702,0.4790366590023041,,,,,
realmlp,kpx_group_3,122,0.3765561826088849,0.5440678000450134,0.5884079337120056,0.1445068120956421,0.32132264971733093,,,,,
realmlp,all,123,0.3631737784427755,0.49305665493011475,0.6260051131248474,0.14099830389022827,0.3930084705352783,0.39723723644719405,0.2270896745955243,0.33077362179756165,0.0,
realmlp,kpx_group_1,123,0.3759467698195401,0.4968131184577942,0.6283641457557678,0.1277017891407013,0.38443005084991455,,,,,
realmlp,kpx_group_2,123,0.3405312965897953,0.439497172832489,0.6606858372688293,0.15246935188770294,0.47384098172187805,,,,,
realmlp,kpx_group_3,123,0.37304327593130227,0.5428597331047058,0.5889652967453003,0.14282375574111938,0.32075440883636475,,,,,
realmlp,all,124,0.36344489674357805,0.49059030413627625,0.6280662417411804,0.14378951489925385,0.3999220132827759,0.3974102582125103,0.2264357513802893,0.32915541529655457,0.0,
realmlp,kpx_group_1,124,0.3744223705109428,0.4734380841255188,0.6457738280296326,0.1277163177728653,0.41926395893096924,,,,,
realmlp,kpx_group_2,124,0.3419610353953698,0.4479812681674957,0.6537708044052124,0.15916872024536133,0.4667103588581085,,,,,
realmlp,kpx_group_3,124,0.3739512803799966,0.5503515601158142,0.5846540927886963,0.1444835215806961,0.31379175186157227,,,,,
realmlp,all,125,0.36138303051976595,0.4955264627933502,0.6235335469245911,0.14646874368190765,0.393535852432251,0.3951585327877718,0.2251700366682866,0.33775973320007324,0.0,
realmlp,kpx_group_1,125,0.3767697911928682,0.48148074746131897,0.6394684910774231,0.12867471575737,0.4076117277145386,,,,,
realmlp,kpx_group_2,125,0.33994569673257713,0.4453307092189789,0.6550049185752869,0.1616356372833252,0.4716454744338989,,,,,
realmlp,kpx_group_3,125,0.3674335974980803,0.5597679615020752,0.576127290725708,0.14909587800502777,0.30135050415992737,,,,,
realmlp,all,126,0.360242020119639,0.48166951537132263,0.6334229111671448,0.14306238293647766,0.40990814566612244,0.3938243617029751,0.22388227064819896,0.3333195447921753,0.0,
realmlp,kpx_group_1,126,0.37290921456673565,0.4717280864715576,0.6442618370056152,0.1279141902923584,0.41643789410591125,,,,,
realmlp,kpx_group_2,126,0.33779191926998253,0.4431236982345581,0.6571652293205261,0.15372729301452637,0.4680577218532562,,,,,
realmlp,kpx_group_3,126,0.3700249195098877,0.5301567912101746,0.5988415479660034,0.14754565060138702,0.34522876143455505,,,,,
realmlp,all,127,0.36095548114355874,0.5016208291053772,0.6201117038726807,0.14141373336315155,0.3816371262073517,0.39455120090176077,0.2239714582615039,0.34055817127227783,0.0,
realmlp,kpx_group_1,127,0.37570034449591355,0.5098080039024353,0.6189222931861877,0.12731531262397766,0.36515986919403076,,,,,
realmlp,kpx_group_2,127,0.3354872355566305,0.4501669704914093,0.6513283848762512,0.1529218852519989,0.4555787146091461,,,,,
realmlp,kpx_group_3,127,0.3716788541744737,0.5448876023292542,0.590084433555603,0.1440039724111557,0.3241729140281677,,,,,
realmlp,all,128,0.357260983218165,0.4866143465042114,0.6299996972084045,0.14147503674030304,0.40147438645362854,0.3905958669150577,0.2222325556418475,0.34022292494773865,0.0,
realmlp,kpx_group_1,128,0.3685580873314072,0.4734828472137451,0.6424643397331238,0.12714603543281555,0.41207465529441833,,,,,
realmlp,kpx_group_2,128,0.3358344571555362,0.4392848610877991,0.6619611978530884,0.15229563415050507,0.47621801495552063,,,,,
realmlp,kpx_group_3,128,0.3673904051675516,0.5470751523971558,0.5855735540390015,0.14498348534107208,0.31613054871559143,,,,,
realmlp,all,129,0.3572474770686206,0.49547040462493896,0.6247654557228088,0.14238688349723816,0.39191779494285583,0.39029916025259914,0.22034457062973695,0.3386290967464447,0.0,
realmlp,kpx_group_1,129,0.3692859634757042,0.4810025990009308,0.6397337913513184,0.12881071865558624,0.40827834606170654,,,,,
realmlp,kpx_group_2,129,0.3347700365325984,0.4497060477733612,0.6528875827789307,0.15466129779815674,0.46043646335601807,,,,,
realmlp,kpx_group_3,129,0.3676864303210202,0.5557025671005249,0.5816749930381775,0.14368858933448792,0.3070385456085205,,,,,
realmlp,all,130,0.35180842701126547,0.4887438714504242,0.6285682320594788,0.144043430685997,0.4011799395084381,0.3850788250565529,0.22180265144390218,0.3382129371166229,0.0,
realmlp,kpx_group_1,130,0.36403534736703425,0.49264946579933167,0.6307876110076904,0.12934724986553192,0.3909224569797516,,,,,
realmlp,kpx_group_2,130,0.3294447682359639,0.4489279091358185,0.6523959636688232,0.1560201644897461,0.46081212162971497,,,,,
realmlp,kpx_group_3,130,0.36194516981349273,0.5246541500091553,0.6025212407112122,0.14676284790039062,0.35180529952049255,,,,,
realmlp,all,131,0.34879692994496403,0.4915757179260254,0.6267598867416382,0.14078624546527863,0.394305944442749,0.3813541645512861,0.21704819732729128,0.34293413162231445,0.0,
realmlp,kpx_group_1,131,0.36094024821239357,0.4777999520301819,0.641822338104248,0.12479648739099503,0.40844112634658813,,,,,
realmlp,kpx_group_2,131,0.329008994733586,0.44538450241088867,0.6534055471420288,0.15604518353939056,0.46285632252693176,,,,,
realmlp,kpx_group_3,131,0.35644154908025966,0.5515426397323608,0.5850516557693481,0.1415170580148697,0.3116203248500824,,,,,
realmlp,all,132,0.3466530003968407,0.5039082169532776,0.6176705956459045,0.14412714540958405,0.3794683516025543,0.3790591061115265,0.21604068796424306,0.33878472447395325,0.0,
realmlp,kpx_group_1,132,0.36092007992898717,0.5199141502380371,0.6101952791213989,0.13097605109214783,0.35136669874191284,,,,,
realmlp,kpx_group_2,132,0.3265722591210814,0.4433782696723938,0.6565053462982178,0.15406085550785065,0.467071533203125,,,,,
realmlp,kpx_group_3,132,0.3524666529367952,0.5484322905540466,0.5863111615180969,0.14734452962875366,0.3199668824672699,,,,,
realmlp,all,133,0.34411486676510644,0.5083357691764832,0.6144652366638184,0.14281326532363892,0.3717438280582428,0.3760293226908235,0.21276304257266662,0.34114059805870056,0.0,
realmlp,kpx_group_1,133,0.35541345398215685,0.5062406659126282,0.6171544194221497,0.12981662154197693,0.36412549018859863,,,,,
realmlp,kpx_group_2,133,0.32133852208361907,0.44531846046447754,0.6552186608314514,0.15426377952098846,0.4647010862827301,,,,,
realmlp,kpx_group_3,133,0.35559261371107664,0.5734481811523438,0.5710228085517883,0.14435936510562897,0.28640493750572205,,,,,
realmlp,all,134,0.3443193834494142,0.5106280446052551,0.6134312748908997,0.14236938953399658,0.3692319393157959,0.37631551439271255,0.21330752004595363,0.3428999185562134,0.0,
realmlp,kpx_group_1,134,0.35355548911234913,0.5208610892295837,0.6105018854141235,0.1300506591796875,0.3510543704032898,,,,,
realmlp,kpx_group_2,134,0.32405943686471267,0.4443191885948181,0.6563714742660522,0.15376804769039154,0.466511070728302,,,,,
realmlp,kpx_group_3,134,0.35534321078482795,0.5667037963867188,0.573420524597168,0.1432894468307495,0.29013049602508545,,,,,
realmlp,all,135,0.33899015582659664,0.5086885094642639,0.6147036552429199,0.14190919697284698,0.371316522359848,0.370432746322716,0.20961726215832374,0.34240755438804626,0.0,
realmlp,kpx_group_1,135,0.3505645815063925,0.5103429555892944,0.6178213357925415,0.1307763308286667,0.36641907691955566,,,,,
realmlp,kpx_group_2,135,0.31569059719057646,0.4512577950954437,0.6520513296127319,0.15231049060821533,0.4564130902290344,,,,,
realmlp,kpx_group_3,135,0.3507152944803238,0.5644647479057312,0.5742383003234863,0.14264079928398132,0.291117399930954,,,,,
realmlp,all,136,0.3335815264898188,0.493056982755661,0.6273001432418823,0.13854098320007324,0.3931412696838379,0.36468931331354026,0.2073852518463836,0.3495276868343353,0.0,
realmlp,kpx_group_1,136,0.3438364793272579,0.49402719736099243,0.6306283473968506,0.12517870962619781,0.3864353895187378,,,,,
realmlp,kpx_group_2,136,0.3131006197894321,0.4381588399410248,0.6601586937904358,0.14906394481658936,0.46938133239746094,,,,,
realmlp,kpx_group_3,136,0.3438074816675747,0.546984851360321,0.5911134481430054,0.14138029515743256,0.3236072063446045,,,,,
realmlp,all,137,0.33109957067405477,0.4955045282840729,0.6231581568717957,0.1415070742368698,0.3878233730792999,0.36170848196043687,0.2040594147846979,0.3398225009441376,0.0,
realmlp,kpx_group_1,137,0.3428659167359857,0.49639156460762024,0.6277757287025452,0.1271948516368866,0.38274630904197693,,,,,
realmlp,kpx_group_2,137,0.30861952550270977,0.4486919641494751,0.6521494388580322,0.153420552611351,0.45771950483322144,,,,,
realmlp,kpx_group_3,137,0.34181326627731323,0.5414299368858337,0.5895493030548096,0.14390580356121063,0.3230043649673462,,,,,
realmlp,all,138,0.3247065592338057,0.4965256154537201,0.6245786547660828,0.1415587216615677,0.3907160460948944,0.35516869890339237,0.2030808954116176,0.33688172698020935,0.0,
realmlp,kpx_group_1,138,0.33728522675878864,0.5093021392822266,0.6185691952705383,0.12954631447792053,0.3666846454143524,,,,,
realmlp,kpx_group_2,138,0.30552014007287864,0.4426586627960205,0.6591939926147461,0.15109816193580627,0.4694860875606537,,,,,
realmlp,kpx_group_3,138,0.3313143121845582,0.537615954875946,0.5959728360176086,0.14403168857097626,0.3359774053096771,,,,,
realmlp,all,139,0.32090303082676497,0.4986887276172638,0.6225059628486633,0.14092965424060822,0.38594159483909607,0.35085821852964516,0.19970124368281925,0.342736154794693,0.0,
realmlp,kpx_group_1,139,0.33076250290169434,0.492391437292099,0.6306567192077637,0.1281842291355133,0.3894975781440735,,,,,
realmlp,kpx_group_2,139,0.30369193457505284,0.4428001046180725,0.6578681468963623,0.15165185928344727,0.4673881232738495,,,,,
realmlp,kpx_group_3,139,0.3282546440468115,0.5608747601509094,0.5789930820465088,0.14295285940170288,0.30093908309936523,,,,,
realmlp,all,140,0.31716881210313125,0.5033316612243652,0.620045006275177,0.14218007028102875,0.38227009773254395,0.3469945350114037,0.19883812481866164,0.3521808683872223,0.0,
realmlp,kpx_group_1,140,0.3273690325372359,0.5004516243934631,0.627037525177002,0.12795348465442657,0.3820285499095917,,,,,
realmlp,kpx_group_2,140,0.29753736976314993,0.446878582239151,0.6559582352638245,0.15360718965530396,0.46552368998527527,,,,,
realmlp,kpx_group_3,140,0.3266000524163246,0.562664806842804,0.5771392583847046,0.1449795365333557,0.29925811290740967,,,,,
realmlp,all,141,0.31208018344991345,0.49853968620300293,0.6243449449539185,0.1412522941827774,0.3899421989917755,0.3413776216261527,0.19531622616683736,0.35222911834716797,0.0,
realmlp,kpx_group_1,141,0.32585372731966133,0.49527791142463684,0.6304846405982971,0.12687814235687256,0.3878474533557892,,,,,
realmlp,kpx_group_2,141,0.29326749110923095,0.44850707054138184,0.6556862592697144,0.1519785374403,0.4633510410785675,,,,,
realmlp,kpx_group_3,141,0.31711933542700377,0.5518340468406677,0.5868639945983887,0.14490017294883728,0.318628191947937,,,,,
realmlp,all,142,0.3057977153974421,0.4902063310146332,0.6258606910705566,0.14244544506072998,0.39416685700416565,0.33467139610472846,0.1924912039847935,0.35225173830986023,0.0,
realmlp,kpx_group_1,142,0.31918590165236416,0.47965797781944275,0.6366604566574097,0.127563014626503,0.40088385343551636,,,,,
realmlp,kpx_group_2,142,0.28947624345036116,0.4410971701145172,0.6591737270355225,0.15488854050636292,0.4732360243797302,,,,,
realmlp,kpx_group_3,142,0.30873099451555924,0.5498639345169067,0.5817478895187378,0.14488479495048523,0.3083806037902832,,,,,
realmlp,all,143,0.3007074086105122,0.501707136631012,0.620433509349823,0.14132530987262726,0.382192462682724,0.3291918854503071,0.18989650707911043,0.3487628698348999,0.0,
realmlp,kpx_group_1,143,0.3141537922270158,0.502912163734436,0.6248438358306885,0.1278214156627655,0.37750905752182007,,,,,
realmlp,kpx_group_2,143,0.2842502458130612,0.44302505254745483,0.6579238176345825,0.15290327370166779,0.468750923871994,,,,,
realmlp,kpx_group_3,143,0.3037181965568486,0.5591842532157898,0.5785330533981323,0.1432512402534485,0.30031734704971313,,,,,
realmlp,all,144,0.29644258145023794,0.4933041036128998,0.6265782117843628,0.1404716819524765,0.3936280906200409,0.32469474874875126,0.18834778009092107,0.3479744493961334,0.0,
realmlp,kpx_group_1,144,0.3092390049029799,0.47426003217697144,0.6440460681915283,0.12397779524326324,0.4120698869228363,,,,,
realmlp,kpx_group_2,144,0.2804775891058585,0.4502819776535034,0.6526142358779907,0.1537468135356903,0.45897534489631653,,,,,
realmlp,kpx_group_3,144,0.2996111472739893,0.5553702116012573,0.5830742120742798,0.14369046688079834,0.3098388910293579,,,,,
realmlp,all,145,0.29388415594311323,0.5046164393424988,0.6189095377922058,0.14028428494930267,0.3781033456325531,0.3216157849220669,0.18487751681138487,0.36114802956581116,0.0,
realmlp,kpx_group_1,145,0.30641987832153544,0.4949307441711426,0.631132960319519,0.12749478220939636,0.3897607624530792,,,,,
realmlp,kpx_group_2,145,0.27591904252767563,0.451587975025177,0.6512451171875,0.15137585997581482,0.45386606454849243,,,,,
realmlp,kpx_group_3,145,0.2993135452270508,0.5673306584358215,0.5743504762649536,0.14198222756385803,0.29068320989608765,,,,,
realmlp,all,146,0.28650939026299643,0.5077417492866516,0.6167226433753967,0.14208213984966278,0.3755274713039398,0.31384941453442855,0.18226682197521715,0.36430788040161133,0.0,
realmlp,kpx_group_1,146,0.300108894267503,0.5033602118492126,0.6248834133148193,0.12818387150764465,0.37795066833496094,,,,,
realmlp,kpx_group_2,146,0.26894241330378194,0.4535823464393616,0.6489737629890442,0.15479572117328644,0.45274320244789124,,,,,
realmlp,kpx_group_3,146,0.29047685226096825,0.5662828087806702,0.5763108730316162,0.14326682686805725,0.2958884835243225,,,,,
realmlp,all,147,0.2815152257680893,0.5055258274078369,0.6187849640846252,0.14061270654201508,0.37818264961242676,0.30807314900790944,0.1770528105690199,0.3588944375514984,0.0,
realmlp,kpx_group_1,147,0.2959780745646533,0.5016611218452454,0.6248447299003601,0.1282261461019516,0.3779155910015106,,,,,
realmlp,kpx_group_2,147,0.2654111593523446,0.4483726918697357,0.65428227186203,0.14956393837928772,0.458128422498703,,,,,
realmlp,kpx_group_3,147,0.2831564501804464,0.5665435791015625,0.5772279500961304,0.14404800534248352,0.29850393533706665,,,,,
realmlp,all,148,0.27322038000120835,0.504887044429779,0.6171658635139465,0.1418798714876175,0.37621161341667175,0.2994692189728512,0.174992276903461,0.36605706810951233,0.0,
realmlp,kpx_group_1,148,0.28851937940892053,0.4995495080947876,0.6261975169181824,0.1270311176776886,0.37942612171173096,,,,,
realmlp,kpx_group_2,148,0.2580518856206361,0.4478505253791809,0.6528622508049011,0.15263308584690094,0.4583575427532196,,,,,
realmlp,kpx_group_3,148,0.2730898703722393,0.5672611594200134,0.5724378824234009,0.14597542583942413,0.2908511161804199,,,,,
realmlp,all,149,0.267821065204985,0.5066690444946289,0.6174355149269104,0.1408521682024002,0.3757232427597046,0.2935865889577305,0.17177015301935813,0.3651665151119232,0.0,
realmlp,kpx_group_1,149,0.28153687584049564,0.5035258531570435,0.6231366395950317,0.12784913182258606,0.37412241101264954,,,,,
realmlp,kpx_group_2,149,0.25219892929582033,0.4458785653114319,0.6564064621925354,0.15083879232406616,0.46365171670913696,,,,,
realmlp,kpx_group_3,149,0.2697273882872918,0.5706027150154114,0.5727635025978088,0.1438686102628708,0.28939563035964966,,,,,
realmlp,all,150,0.2627597249606076,0.5081197619438171,0.6160998344421387,0.14212292432785034,0.3743227422237396,0.2881198030184297,0.1690671724431655,0.3773343861103058,0.0,
realmlp,kpx_group_1,150,0.27658621309434667,0.49323245882987976,0.6288955211639404,0.12759676575660706,0.38538771867752075,,,,,
realmlp,kpx_group_2,150,0.24962011264527545,0.4554326832294464,0.6505087614059448,0.15339374542236328,0.4544113278388977,,,,,
realmlp,kpx_group_3,150,0.2620728487039314,0.57569420337677,0.5688953995704651,0.14537829160690308,0.28316909074783325,,,,,
realmlp,all,151,0.25495170779964504,0.5068464875221252,0.6171110272407532,0.14076609909534454,0.3749881684780121,0.2795952952959958,0.1642905572319732,0.3704909384250641,0.0,
realmlp,kpx_group_1,151,0.2720937459346126,0.5057968497276306,0.6216086149215698,0.12874718010425568,0.3719644546508789,,,,,
realmlp,kpx_group_2,151,0.24213158229694648,0.44275712966918945,0.659826934337616,0.14917373657226562,0.46882757544517517,,,,,
realmlp,kpx_group_3,151,0.2506297920994899,0.5719854831695557,0.5698975324630737,0.14437741041183472,0.28417253494262695,,,,,
realmlp,all,152,0.24944094152135007,0.5097059607505798,0.6141265034675598,0.13972389698028564,0.36797699332237244,0.2735183795585352,0.16051624759155161,0.37406036257743835,0.0,
realmlp,kpx_group_1,152,0.26388558570076437,0.510360062122345,0.6160457730293274,0.12745843827724457,0.35954999923706055,,,,,
realmlp,kpx_group_2,152,0.23635114050086806,0.4563578963279724,0.6494764089584351,0.15015055239200592,0.4491034150123596,,,,,
realmlp,kpx_group_3,152,0.24808609551366637,0.5623998641967773,0.5768574476242065,0.14156271517276764,0.2952776253223419,,,,,
realmlp,all,153,0.24113944874090307,0.5175526738166809,0.6094269156455994,0.14056618511676788,0.3594200611114502,0.26476366554989533,0.15749476565157666,0.37449225783348083,0.0,
realmlp,kpx_group_1,153,0.25656205678687377,0.5243253111839294,0.6070000529289246,0.1284920871257782,0.3424921929836273,,,,,
realmlp,kpx_group_2,153,0.23044773300780969,0.4482124149799347,0.6578338146209717,0.14954765141010284,0.4652152955532074,,,,,
realmlp,kpx_group_3,153,0.23640856694649248,0.580120325088501,0.5634469389915466,0.143658846616745,0.27055275440216064,,,,,
realmlp,all,154,0.23607272676685276,0.5078828930854797,0.6163816452026367,0.14094573259353638,0.37370896339416504,0.2592770080356037,0.1546951957485255,0.38148555159568787,0.0,
realmlp,kpx_group_1,154,0.2516171485185623,0.5047920346260071,0.6218596696853638,0.12771639227867126,0.3714357912540436,,,,,
realmlp,kpx_group_2,154,0.22415115289828358,0.4493611752986908,0.6545577049255371,0.15056253969669342,0.4596779942512512,,,,,
realmlp,kpx_group_3,154,0.23244987537755685,0.5694955587387085,0.5727274417877197,0.14455826580524445,0.2900131940841675,,,,,
realmlp,all,155,0.22915758104885325,0.5105759501457214,0.6148362159729004,0.14047643542289734,0.37014880776405334,0.2517508765792145,0.15062197253984563,0.38935616612434387,0.0,
realmlp,kpx_group_1,155,0.2449805830769679,0.513042151927948,0.6139024496078491,0.1282164305448532,0.35602128505706787,,,,,
realmlp,kpx_group_2,155,0.2189954878652797,0.4452916383743286,0.6596513986587524,0.14862918853759766,0.46793195605278015,,,,,
realmlp,kpx_group_3,155,0.22349667965489275,0.5733941793441772,0.5709547996520996,0.14458367228507996,0.2864932417869568,,,,,
realmlp,all,156,0.22065767273306847,0.5159111618995667,0.6104560494422913,0.14192244410514832,0.36283454298973083,0.2426318287411157,0.14649436162675128,0.3789723813533783,0.0,
realmlp,kpx_group_1,156,0.23636704201207442,0.5119850635528564,0.6144042015075684,0.12799331545829773,0.3568017780780792,,,,,
realmlp,kpx_group_2,156,0.21125791813520825,0.45230403542518616,0.6547274589538574,0.15182872116565704,0.46128368377685547,,,,,
realmlp,kpx_group_3,156,0.2143480613389436,0.5834444761276245,0.5622364282608032,0.14594528079032898,0.2704181373119354,,,,,
realmlp,all,157,0.2152818579445867,0.5172262191772461,0.6103304028511047,0.1395948827266693,0.36025571823120117,0.23685492816216805,0.14382045869441593,0.3853781223297119,0.0,
realmlp,kpx_group_1,157,0.23026949364472837,0.5206812024116516,0.6105069518089294,0.1274089366197586,0.3484228253364563,,,,,
realmlp,kpx_group_2,157,0.20662225432255688,0.4474179148674011,0.6576149463653564,0.14762556552886963,0.46285542845726013,,,,,
realmlp,kpx_group_3,157,0.20895383200224707,0.5835795998573303,0.5628693699836731,0.1437501311302185,0.2694888710975647,,,,,
realmlp,all,158,0.20829007927985752,0.5145799517631531,0.6108396649360657,0.14139527082443237,0.3630746603012085,0.22923502895761938,0.13963302290614912,0.38783541321754456,0.0,
realmlp,kpx_group_1,158,0.22197812927119873,0.5117223858833313,0.613921046257019,0.12853161990642548,0.35637369751930237,,,,,
realmlp,kpx_group_2,158,0.19863364955081658,0.4476515054702759,0.657442033290863,0.14981991052627563,0.4647039473056793,,,,,
realmlp,kpx_group_3,158,0.20425845594967112,0.5843658447265625,0.5611560344696045,0.14583425223827362,0.2681463062763214,,,,,
realmlp,all,159,0.2015224636039313,0.5152761936187744,0.6109153032302856,0.1408682018518448,0.3626987934112549,0.2219074754153981,0.13590006124885642,0.394358366727829,0.0,
realmlp,kpx_group_1,159,0.21699836499550762,0.5147842764854431,0.6118738651275635,0.12713272869586945,0.35088038444519043,,,,,
realmlp,kpx_group_2,159,0.193376568310401,0.44822603464126587,0.6566286683082581,0.15039685368537903,0.46365413069725037,,,,,
realmlp,kpx_group_3,159,0.19419245071270885,0.5828182697296143,0.5642433762550354,0.1450750231742859,0.2735617756843567,,,,,
realmlp,all,160,0.19602779386674657,0.5218198299407959,0.6069360375404358,0.14021214842796326,0.3540842533111572,0.21590395008816438,0.1325077174560112,0.388576865196228,0.0,
realmlp,kpx_group_1,160,0.21196426429292736,0.5227567553520203,0.6087868213653564,0.12794622778892517,0.3455198407173157,,,,,
realmlp,kpx_group_2,160,0.1869562408503364,0.455419659614563,0.6510676145553589,0.14735481142997742,0.44949012994766235,,,,,
realmlp,kpx_group_3,160,0.18916286637677865,0.5872831344604492,0.5609537363052368,0.145335391163826,0.26724278926849365,,,,,
realmlp,all,161,0.18899501312304945,0.5155776143074036,0.6107697486877441,0.13977670669555664,0.3613162040710449,0.2082801989334471,0.12856791957336314,0.4060978889465332,0.0,
realmlp,kpx_group_1,161,0.2031120896777686,0.514857828617096,0.6131913065910339,0.12707939743995667,0.35346198081970215,,,,,
realmlp,kpx_group_2,161,0.18191850798971512,0.45241087675094604,0.6527631282806396,0.14819081127643585,0.45371711254119873,,,,,
realmlp,kpx_group_3,161,0.1819544384146438,0.5794640779495239,0.5663548111915588,0.14405988156795502,0.2767694890499115,,,,,
realmlp,all,162,0.18353311827077584,0.5132548213005066,0.6126253604888916,0.14061744511127472,0.3658682107925415,0.20238270983099937,0.12566393153632388,0.41217705607414246,0.0,
realmlp,kpx_group_1,162,0.1990548703162109,0.5095900893211365,0.6170343160629272,0.12747177481651306,0.36154037714004517,,,,,
realmlp,kpx_group_2,162,0.17600284648292205,0.44977012276649475,0.656475305557251,0.15006093680858612,0.4630115330219269,,,,,
realmlp,kpx_group_3,162,0.17554163823232932,0.5804042220115662,0.5643665194511414,0.14431966841220856,0.27305272221565247,,,,,
realmlp,all,163,0.176736741381533,0.5162598490715027,0.6097257733345032,0.14080126583576202,0.3602527678012848,0.1950072168427355,0.12180317138486049,0.416983038187027,0.0,
realmlp,kpx_group_1,163,0.19136031607494636,0.5153756737709045,0.6136514544487,0.12792913615703583,0.3552320897579193,,,,,
realmlp,kpx_group_2,163,0.1698328578735099,0.44776105880737305,0.6568398475646973,0.14970771968364716,0.4633873999118805,,,,,
realmlp,kpx_group_3,163,0.16901705348316362,0.5856428742408752,0.5586858987808228,0.14476695656776428,0.2621387541294098,,,,,
realmlp,all,164,0.17014089358203552,0.5149713158607483,0.6097725629806519,0.1407030075788498,0.3602481782436371,0.18785145922618754,0.11807043707984335,0.42037439346313477,0.0,
realmlp,kpx_group_1,164,0.18391847610473633,0.506868302822113,0.6206183433532715,0.12725992500782013,0.3684965968132019,,,,,
realmlp,kpx_group_2,164,0.1633573290618027,0.45454686880111694,0.6488693952560425,0.14999066293239594,0.44772952795028687,,,,,
realmlp,kpx_group_3,164,0.16314688127707033,0.5834986567497253,0.5598299503326416,0.1448584645986557,0.2645183503627777,,,,,
realmlp,all,165,0.16477792359450283,0.5168185234069824,0.6102021336555481,0.14105325937271118,0.361457496881485,0.1818885220324292,0.11407063309760655,0.4287305772304535,0.0,
realmlp,kpx_group_1,165,0.17903338438447783,0.5184962153434753,0.6122441291809082,0.12836331129074097,0.35285162925720215,,,,,
realmlp,kpx_group_2,165,0.15779267514453216,0.450921893119812,0.6546601057052612,0.14994260668754578,0.4592628479003906,,,,,
realmlp,kpx_group_3,165,0.1575077222112347,0.5810374617576599,0.5637020468711853,0.1448538452386856,0.2722579538822174,,,,,
realmlp,all,166,0.15903870345038526,0.515672504901886,0.6110754609107971,0.14057041704654694,0.36272132396698,0.1756685119779671,0.11086538894211545,0.436596155166626,0.0,
realmlp,kpx_group_1,166,0.17296130801824963,0.514289140701294,0.6121879816055298,0.1275918036699295,0.35196778178215027,,,,,
realmlp,kpx_group_2,166,0.15272588918314262,0.4519992470741272,0.6566998958587646,0.14980272948741913,0.463202565908432,,,,,
realmlp,kpx_group_3,166,0.15142891314976356,0.580729067325592,0.5643384456634521,0.14431673288345337,0.2729935944080353,,,,,
realmlp,all,167,0.15416837198769345,0.5148513317108154,0.6109331846237183,0.14038126170635223,0.36224761605262756,0.1701811389888034,0.10675177766996272,0.43979668617248535,0.0,
realmlp,kpx_group_1,167,0.16717538018436992,0.51097172498703,0.6160989999771118,0.12735572457313538,0.359553724527359,,,,,
realmlp,kpx_group_2,167,0.14822334160699563,0.45109155774116516,0.6538097858428955,0.1491694152355194,0.4567890167236328,,,,,
realmlp,kpx_group_3,167,0.14710640030748703,0.5824907422065735,0.5628907084465027,0.14461863040924072,0.2704000771045685,,,,,
realmlp,all,168,0.1478525575469522,0.5183714032173157,0.6092443466186523,0.14093279838562012,0.35942158102989197,0.16355984482695074,0.10471523914705305,0.4404616355895996,0.0,
realmlp,kpx_group_1,168,0.16034494471900604,0.521376371383667,0.6102985739707947,0.12854191660881042,0.34913912415504456,,,,,
realmlp,kpx_group_2,168,0.14187844382489428,0.4489428699016571,0.6555195450782776,0.14936436712741852,0.4604034721851349,,,,,
realmlp,kpx_group_3,168,0.14133428311085,0.5847950577735901,0.5619149804115295,0.14489209651947021,0.2687220275402069,,,,,
realmlp,all,169,0.14244266314541593,0.5184712409973145,0.6083824038505554,0.1402329057455063,0.3569977283477783,0.15745210450361757,0.10006294530980728,0.45440980792045593,0.0,
realmlp,kpx_group_1,169,0.1536841208443922,0.5177838802337646,0.6126222610473633,0.12768206000328064,0.35292667150497437,,,,,
realmlp,kpx_group_2,169,0.137358813710949,0.45049309730529785,0.6541531085968018,0.14837341010570526,0.4566796123981476,,,,,
realmlp,kpx_group_3,169,0.1362850521417225,0.5871366858482361,0.5583718419075012,0.14464323222637177,0.261386901140213,,,,,
realmlp,all,170,0.13806255709599047,0.5209125876426697,0.6063180565834045,0.14147721230983734,0.35411325097084045,0.15258337053305962,0.09680543708450653,0.4619349539279938,0.0,
realmlp,kpx_group_1,170,0.1491305448991411,0.525770902633667,0.6081446409225464,0.12885180115699768,0.3451409935951233,,,,,
realmlp,kpx_group_2,170,0.13243511100025737,0.4512721598148346,0.6521610021591187,0.15048174560070038,0.45480379462242126,,,,,
realmlp,kpx_group_3,170,0.1326220154981403,0.5856946706771851,0.5586484670639038,0.14509807527065277,0.2623949646949768,,,,,
realmlp,all,171,0.13371160023790948,0.5184516906738281,0.607331395149231,0.14039002358913422,0.35505279898643494,0.14779486112734852,0.0938884075731039,0.46417510509490967,0.0,
realmlp,kpx_group_1,171,0.14421483501791954,0.5208556056022644,0.6073344349861145,0.12788987159729004,0.34255871176719666,,,,,
realmlp,kpx_group_2,171,0.12833669299588485,0.4505099952220917,0.6535096764564514,0.1489798128604889,0.4559991657733917,,,,,
realmlp,kpx_group_3,171,0.12858326787896016,0.5839895009994507,0.5611501932144165,0.14430032670497894,0.26660069823265076,,,,,
realmlp,all,172,0.12834273377323852,0.5178939700126648,0.609864354133606,0.1408979892730713,0.3606267273426056,0.14193052316413207,0.0905852513935636,0.4724009931087494,0.0,
realmlp,kpx_group_1,172,0.13827340151457226,0.5183908343315125,0.6126028895378113,0.12816444039344788,0.35337015986442566,,,,,
realmlp,kpx_group_2,172,0.12333286969977267,0.4499042332172394,0.6550618410110474,0.14949281513690948,0.4596165418624878,,,,,
realmlp,kpx_group_3,172,0.12342192900969702,0.5853866934776306,0.561928391456604,0.1450367122888565,0.2688934803009033,,,,,
realmlp,all,173,0.12409427740118083,0.5237385630607605,0.6051850914955139,0.1408848762512207,0.35125496983528137,0.1371347449500771,0.08693645642522503,0.48592615127563477,0.0,
realmlp,kpx_group_1,173,0.13319711058455355,0.5317714810371399,0.6026647090911865,0.12938115000724792,0.33471056818962097,,,,,
realmlp,kpx_group_2,173,0.11901299754048095,0.4505007266998291,0.6550807356834412,0.14894141256809235,0.4591028392314911,,,,,
realmlp,kpx_group_3,173,0.12007272396894063,0.588943600654602,0.5578097701072693,0.14433208107948303,0.2599515914916992,,,,,
realmlp,all,174,0.11979997431968942,0.524315357208252,0.6038843989372253,0.14121179282665253,0.348980575799942,0.13240470090771422,0.08403150857809712,0.4884754717350006,0.0,
realmlp,kpx_group_1,174,0.12857449383420103,0.5301468968391418,0.602462649345398,0.12920811772346497,0.3341333866119385,,,,,
realmlp,kpx_group_2,174,0.11445292655159445,0.4524192810058594,0.6521759033203125,0.1491885483264923,0.45354026556015015,,,,,
realmlp,kpx_group_3,174,0.11637250235413804,0.5903798937797546,0.5570147037506104,0.1452387124300003,0.2592681348323822,,,,,
realmlp,all,175,0.11598302840309985,0.5222489237785339,0.6060817837715149,0.14108987152576447,0.35325348377227783,0.12812307444127166,0.0809336372596376,0.5015440583229065,0.0,
realmlp,kpx_group_1,175,0.12415464277214863,0.5289762616157532,0.6037617921829224,0.12894925475120544,0.33647286891937256,,,,,
realmlp,kpx_group_2,175,0.11087965318823562,0.4509255886077881,0.6545924544334412,0.14975933730602264,0.45894429087638855,,,,,
realmlp,kpx_group_3,175,0.11291478650973123,0.5868449211120605,0.5598911046981812,0.1445610374212265,0.26434326171875,,,,,
realmlp,all,176,0.11201200590414159,0.5221596360206604,0.6053220629692078,0.14084966480731964,0.35149383544921875,0.1237073520965436,0.07796896260012598,0.5155673623085022,0.0,
realmlp,kpx_group_1,176,0.11947036841336418,0.5251763463020325,0.6056544184684753,0.1287769377231598,0.3400857448577881,,,,,
realmlp,kpx_group_2,176,0.10719368179493091,0.452048659324646,0.6525617837905884,0.14872293174266815,0.4538465142250061,,,,,
realmlp,kpx_group_3,176,0.10937196410754148,0.5892539024353027,0.5577501058578491,0.1450491100549698,0.26054924726486206,,,,,
realmlp,all,177,0.10863802297150388,0.5246589183807373,0.6040148735046387,0.14126767218112946,0.3492973744869232,0.11987609416246414,0.07492047356551185,0.516768217086792,0.0,
realmlp,kpx_group_1,177,0.11578555164091728,0.5321275591850281,0.6021038293838501,0.1294415444135666,0.3336491584777832,,,,,
realmlp,kpx_group_2,177,0.10330117965007529,0.45188018679618835,0.6528981328010559,0.14883112907409668,0.4546274244785309,,,,,
realmlp,kpx_group_3,177,0.1068273323642857,0.5899689197540283,0.5570425987243652,0.1455303132534027,0.2596155107021332,,,,,
realmlp,all,178,0.10523365481811411,0.5258844494819641,0.6025864481925964,0.141286239027977,0.34645912051200867,0.11607878184055581,0.07230083469082327,0.5275065898895264,0.0,
realmlp,kpx_group_1,178,0.11217716730692807,0.5301661491394043,0.600821852684021,0.12948612868785858,0.33112984895706177,,,,,
realmlp,kpx_group_2,178,0.10001355727367542,0.4560079574584961,0.6500952839851379,0.14879503846168518,0.44898560643196106,,,,,
realmlp,kpx_group_3,178,0.10351023965460412,0.5914792418479919,0.5568422079086304,0.1455775648355484,0.25926196575164795,,,,,
realmlp,all,179,0.10231786352746627,0.5239304900169373,0.6045055985450745,0.14120618999004364,0.3502174913883209,0.11274202518603381,0.06949440559701008,0.5361659526824951,0.0,
realmlp,kpx_group_1,179,0.10867153787437607,0.5269969701766968,0.6035715937614441,0.1291581094264984,0.336301326751709,,,,,
realmlp,kpx_group_2,179,0.09659264488693546,0.45448747277259827,0.6507857441902161,0.14905329048633575,0.4506247937679291,,,,,
realmlp,kpx_group_3,179,0.10168940497233588,0.5903071761131287,0.5591596364974976,0.14540715515613556,0.26372644305229187,,,,,
realmlp,all,180,0.0997285965610953,0.5243136286735535,0.6049335598945618,0.1409137099981308,0.35078081488609314,0.10976380613796852,0.06690139389213394,0.539292573928833,0.0,
realmlp,kpx_group_1,180,0.10553326578262974,0.5299036502838135,0.602758526802063,0.12901762127876282,0.3345347046852112,,,,,
realmlp,kpx_group_2,180,0.09431086535401204,0.45170870423316956,0.6532012224197388,0.1485745906829834,0.45497703552246094,,,,,
realmlp,kpx_group_3,180,0.0993416599710198,0.5913283228874207,0.5588408708572388,0.14514891803264618,0.2628307044506073,,,,,
realmlp,all,181,0.09690151341697749,0.526874303817749,0.6022565364837646,0.1414301097393036,0.3459432125091553,0.10656990461489733,0.06445594433256809,0.5533408522605896,0.0,
realmlp,kpx_group_1,181,0.10197073769043474,0.5331396460533142,0.5999698042869568,0.1295670121908188,0.32950666546821594,,,,,
realmlp,kpx_group_2,181,0.09163888949243461,0.45512905716896057,0.651565432548523,0.1489390879869461,0.4520699977874756,,,,,
realmlp,kpx_group_3,181,0.09709490802796449,0.5923542976379395,0.5552343130111694,0.14578422904014587,0.25625288486480713,,,,,
realmlp,all,182,0.09486827758305214,0.5261521935462952,0.6033036112785339,0.1413898915052414,0.34799709916114807,0.10417719645535245,0.06205945434596609,0.5619789958000183,0.0,
realmlp,kpx_group_1,182,0.09955228602184969,0.532126247882843,0.6008453369140625,0.12965896725654602,0.3313496708869934,,,,,
realmlp,kpx_group_2,182,0.08935414649107877,0.45500850677490234,0.6511502265930176,0.14899441599845886,0.451294869184494,,,,,
realmlp,kpx_group_3,182,0.09569839596310083,0.5913219451904297,0.5579152703285217,0.1455163061618805,0.26134681701660156,,,,,
realmlp,all,183,0.09247208660578027,0.5273473262786865,0.6019617319107056,0.14162702858448029,0.3455505073070526,0.10137722937061507,0.05936761129209224,0.5709162354469299,0.0,
realmlp,kpx_group_1,183,0.09669928581399076,0.5340185165405273,0.5986598134040833,0.12993372976779938,0.3272533714771271,,,,,
realmlp,kpx_group_2,183,0.08677735026268397,0.45500144362449646,0.6526011824607849,0.14915063977241516,0.4543529748916626,,,,,
realmlp,kpx_group_3,183,0.09393962516504176,0.5930220484733582,0.5546241998672485,0.1457967609167099,0.2550451159477234,,,,,
realmlp,all,184,0.09055860570686705,0.5281956195831299,0.6010727286338806,0.14179867506027222,0.34394407272338867,0.09918908292756361,0.05753651595510104,0.5766100883483887,0.0,
realmlp,kpx_group_1,184,0.09441647623829982,0.533627986907959,0.5987176299095154,0.13006968796253204,0.3275049030780792,,,,,
realmlp,kpx_group_2,184,0.08484502509236336,0.45677676796913147,0.6512438058853149,0.14908058941364288,0.4515681266784668,,,,,
realmlp,kpx_group_3,184,0.09241432050133452,0.5941822528839111,0.5532567501068115,0.14624570310115814,0.25275927782058716,,,,,
realmlp,all,185,0.08863859349752173,0.525845468044281,0.6037358641624451,0.14151619374752045,0.3489878177642822,0.09696320334778112,0.05549740161308471,0.5784104466438293,0.0,
realmlp,kpx_group_1,185,0.09208001634653877,0.530208945274353,0.6037026643753052,0.12945520877838135,0.3368604779243469,,,,,
realmlp,kpx_group_2,185,0.0831418783568284,0.45408937335014343,0.652775764465332,0.1492544561624527,0.4548059403896332,,,,,
realmlp,kpx_group_3,185,0.09069388776141055,0.5932379364967346,0.5547290444374084,0.1458388864994049,0.2552969455718994,,,,,
realmlp,all,186,0.08710427089210819,0.5269739031791687,0.6022503972053528,0.14167769253253937,0.34617844223976135,0.09516509808599949,0.053738847813185525,0.5891289710998535,0.0,
realmlp,kpx_group_1,186,0.09023154844694278,0.534575343132019,0.5991864204406738,0.1299269199371338,0.3282998204231262,,,,,
realmlp,kpx_group_2,186,0.08152465850991361,0.45378321409225464,0.6539574861526489,0.1492556780576706,0.45717066526412964,,,,,
realmlp,kpx_group_3,186,0.08955660035066745,0.5925629734992981,0.553607165813446,0.14585046470165253,0.2530648112297058,,,,,
realmlp,all,187,0.08576704550753622,0.5274724960327148,0.6020197868347168,0.14170990884304047,0.34574949741363525,0.09355230048737105,0.05190169729073258,0.5984472036361694,0.0,
realmlp,kpx_group_1,187,0.08861743845045567,0.5324655175209045,0.6003907322883606,0.12994278967380524,0.33072423934936523,,,,,
realmlp,kpx_group_2,187,0.07997892479247906,0.4561728239059448,0.6526829600334167,0.14904603362083435,0.4544120132923126,,,,,
realmlp,kpx_group_3,187,0.08870477853890728,0.5937791466712952,0.552985668182373,0.1461409330368042,0.2521122694015503,,,,,
realmlp,all,188,0.08420998570235337,0.5276755690574646,0.6017476916313171,0.14180085062980652,0.3452962636947632,0.09175808190861169,0.05032064080895746,0.6061906218528748,0.0,
realmlp,kpx_group_1,188,0.08674872239284656,0.532800555229187,0.5986272096633911,0.1299317181110382,0.32718613743782043,,,,,
realmlp,kpx_group_2,188,0.07844227607197621,0.45605218410491943,0.6526261568069458,0.14937463402748108,0.4546269178390503,,,,,
realmlp,kpx_group_3,188,0.0874389607240172,0.5941741466522217,0.5539897680282593,0.14609619975090027,0.2540757656097412,,,,,
realmlp,all,189,0.08303843088009778,0.5284071564674377,0.6024828553199768,0.14196071028709412,0.3469264507293701,0.09035290405154228,0.048763156649382675,0.6117404699325562,0.0,
realmlp,kpx_group_1,189,0.08531858454294064,0.5340012311935425,0.5994122624397278,0.1301615983247757,0.3289860785007477,,,,,
realmlp,kpx_group_2,189,0.07740754858755014,0.4564746022224426,0.6536647081375122,0.14945660531520844,0.45678606629371643,,,,,
realmlp,kpx_group_3,189,0.08638915857848,0.5947457551956177,0.5543715953826904,0.14626392722129822,0.25500714778900146,,,,,
realmlp,all,190,0.08200082719764289,0.5283293724060059,0.602921187877655,0.14196249842643738,0.3478049337863922,0.0891041170586558,0.04735526809578433,0.618372917175293,0.0,
realmlp,kpx_group_1,190,0.08424610907540601,0.5341720581054688,0.600681722164154,0.1301102340221405,0.331473708152771,,,,,
realmlp,kpx_group_2,190,0.07616010001477073,0.45577988028526306,0.6545940637588501,0.1493818759918213,0.45857006311416626,,,,,
realmlp,kpx_group_3,190,0.08559627644717693,0.5950362086296082,0.5534877777099609,0.14639538526535034,0.25337091088294983,,,,,
realmlp,all,191,0.08093601388528067,0.5290027856826782,0.6017858386039734,0.14197660982608795,0.3455483913421631,0.08786909413688324,0.04622053141322206,0.6233451962471008,0.0,
realmlp,kpx_group_1,191,0.08292586356401443,0.5346776247024536,0.5995060801506042,0.13024935126304626,0.32926154136657715,,,,,
realmlp,kpx_group_2,191,0.07526088955209535,0.4575732946395874,0.6518360376358032,0.14947737753391266,0.4531494975090027,,,,,
realmlp,kpx_group_3,191,0.08462127714472659,0.5947573781013489,0.5540154576301575,0.14620313048362732,0.25423410534858704,,,,,
realmlp,all,192,0.07997755552915965,0.5299474596977234,0.6009678244590759,0.14217792451381683,0.3441135883331299,0.08674874605939668,0.04514126161880353,0.6277498602867126,0.0,
realmlp,kpx_group_1,192,0.08199883712565198,0.5361248850822449,0.5966851711273193,0.1304882913827896,0.3238586187362671,,,,,
realmlp,kpx_group_2,192,0.07423759996891022,0.4580461382865906,0.6518787145614624,0.1495477259159088,0.45330512523651123,,,,,
realmlp,kpx_group_3,192,0.08369622697286747,0.5956714153289795,0.5543396472930908,0.14649781584739685,0.2551771104335785,,,,,
realmlp,all,193,0.07964605607968919,0.5293968319892883,0.6013385057449341,0.14209292829036713,0.3447699546813965,0.08627291615394984,0.04417906301643919,0.6305333971977234,0.0,
realmlp,kpx_group_1,193,0.08138249179019648,0.534819483757019,0.5983335971832275,0.13036562502384186,0.32703277468681335,,,,,
realmlp,kpx_group_2,193,0.07383276637205306,0.4577702283859253,0.6518402695655823,0.14951223134994507,0.453192800283432,,,,,
realmlp,kpx_group_3,193,0.08372290640631143,0.5956007838249207,0.5538417100906372,0.14640094339847565,0.2540843188762665,,,,,
realmlp,all,194,0.07892424481756546,0.5293538570404053,0.6014629006385803,0.1421688199043274,0.34509459137916565,0.08542649667052661,0.043348349576048995,0.6334714889526367,0.0,
realmlp,kpx_group_1,194,0.08066561412723626,0.5350825190544128,0.5985914468765259,0.13037927448749542,0.3275621831417084,,,,,
realmlp,kpx_group_2,194,0.07318193136769183,0.4572339355945587,0.6524398326873779,0.1496667116880417,0.4545464515686035,,,,,
realmlp,kpx_group_3,194,0.0829251858898822,0.5957450866699219,0.5533573627471924,0.14646044373512268,0.25317510962486267,,,,,
realmlp,all,195,0.07848827628528371,0.5297151207923889,0.6010940074920654,0.14219559729099274,0.3443835973739624,0.08491157159647521,0.042821960961994004,0.6365070939064026,0.0,
realmlp,kpx_group_1,195,0.08006721713087138,0.5356076955795288,0.597851037979126,0.13049061596393585,0.3261926770210266,,,,,
realmlp,kpx_group_2,195,0.07275824840454494,0.457807719707489,0.6518718004226685,0.14966093003749847,0.45340460538864136,,,,,
realmlp,kpx_group_3,195,0.08263936458045945,0.5957298874855042,0.5535591244697571,0.14643527567386627,0.25355350971221924,,,,,
realmlp,all,196,0.07814044143785448,0.5303778648376465,0.600675642490387,0.14221163094043732,0.3435628414154053,0.08447574583046577,0.04223536053562865,0.6379421353340149,0.0,
realmlp,kpx_group_1,196,0.07963807574089836,0.5367744565010071,0.5975282788276672,0.1306067705154419,0.32566332817077637,,,,,
realmlp,kpx_group_2,196,0.07242498968673103,0.4582309424877167,0.6517971754074097,0.14950710535049438,0.4531014859676361,,,,,
realmlp,kpx_group_3,196,0.08235825915985248,0.5961281061172485,0.5527013540267944,0.14652103185653687,0.25192371010780334,,,,,
realmlp,all,197,0.07782873434617239,0.530326783657074,0.6005707383155823,0.14228560030460358,0.3434271812438965,0.08412810590337305,0.041995800374185335,0.6393151879310608,0.0,
realmlp,kpx_group_1,197,0.07924939648193471,0.5365939736366272,0.5972926020622253,0.13063398003578186,0.32521912455558777,,,,,
realmlp,kpx_group_2,197,0.07214245019371018,0.4581502676010132,0.6514437198638916,0.1496889591217041,0.4525764584541321,,,,,
realmlp,kpx_group_3,197,0.08209436857963309,0.5962360501289368,0.5529760718345642,0.14653386175632477,0.2524860203266144,,,,,
realmlp,all,198,0.07757081759764868,0.5304091572761536,0.6004776358604431,0.14228643476963043,0.34324178099632263,0.08382622645620037,0.041702728225466085,0.6398620009422302,0.0,
realmlp,kpx_group_1,198,0.07903707936844405,0.5367023348808289,0.5972098708152771,0.13064773380756378,0.3250674307346344,,,,,
realmlp,kpx_group_2,198,0.07194069822264068,0.45825013518333435,0.6515212059020996,0.14967215061187744,0.4527145326137543,,,,,
realmlp,kpx_group_3,198,0.08173468194025404,0.5962748527526855,0.5527019500732422,0.14653943479061127,0.25194332003593445,,,,,
realmlp,all,199,0.07754177249529783,0.5304586887359619,0.600477933883667,0.14229294657707214,0.34324875473976135,0.08376761120470132,0.04150559742222814,0.6401246190071106,0.0,
realmlp,kpx_group_1,199,0.07895234446315204,0.5367531776428223,0.5972062945365906,0.13065482676029205,0.3250674307346344,,,,,
realmlp,kpx_group_2,199,0.07184835934244535,0.45834383368492126,0.6515296697616577,0.1496761292219162,0.4527354836463928,,,,,
realmlp,kpx_group_3,199,0.08182461110546309,0.5962791442871094,0.5526977181434631,0.14654789865016937,0.25194332003593445,,,,,
realmlp,all,200,0.07756015910383533,0.5304424166679382,0.6004791855812073,0.1422904133796692,0.34324875473976135,0.08377434828263872,0.041427924023831594,0.6401742100715637,0.0,
realmlp,kpx_group_1,200,0.07896986877655282,0.5367189049720764,0.5972080230712891,0.1306513398885727,0.3250674307346344,,,,,
realmlp,kpx_group_2,200,0.0718322099350831,0.4583379626274109,0.6515306830406189,0.14967411756515503,0.4527354836463928,,,,,
realmlp,kpx_group_3,200,0.08187839958597631,0.5962703227996826,0.5526987314224243,0.14654581248760223,0.25194332003593445,,,,,
